window,regime,model,symbol,exit_reason,entry_date,exit_date,entry_price,exit_price,gross_return,net_return,shares,cost_ratio
2022 Bear,bear,10d_15%,000503.SZ,stop_loss,2022-01-10,2022-01-13,15.67,14.8865,-0.05,-0.0531,19100,0.0031
2022 Bear,sideways,5d_10%,001227.SZ,matured,2022-01-17,2022-01-24,5.65,6.48,0.14690265486725673,0.14380265486725674,52200,0.0031
2022 Bear,bear,10d_15%,000711.SZ,stop_loss,2022-01-24,2022-01-25,3.88,3.686,-0.05,-0.0531,158700,0.0031
2022 Bear,bear,10d_15%,002316.SZ,stop_loss,2022-01-25,2022-01-27,7.23,6.8685,-0.05,-0.0531,41200,0.0031
2022 Bear,bear,10d_15%,000004.SZ,stop_loss,2022-01-26,2022-01-27,23.0,21.849999999999998,-0.05,-0.0531,9000,0.0031
2022 Bear,bear,10d_15%,002316.SZ,stop_loss,2022-01-27,2022-02-07,5.86,5.567,-0.05,-0.0531,24700,0.0031
2022 Bear,bear,10d_15%,000620.SZ,stop_loss,2022-01-27,2022-02-07,3.2,3.04,-0.05,-0.0531,45300,0.0031
2022 Bear,bear,10d_15%,002316.SZ,stop_loss,2022-02-07,2022-02-08,5.65,5.3675,-0.05,-0.0531,50500,0.0031
2022 Bear,bear,10d_15%,002316.SZ,stop_loss,2022-02-09,2022-02-10,6.98,6.631,-0.05,-0.0531,14000,0.0031
2022 Bear,bear,10d_15%,000620.SZ,stop_loss,2022-02-10,2022-02-11,3.83,3.6385,-0.05,-0.0531,43200,0.0031
2022 Bear,bear,10d_15%,000519.SZ,matured,2022-02-08,2022-02-15,18.6,19.58,0.05268817204301057,0.049588172043010574,15100,0.0031
2022 Bear,bear,10d_15%,002037.SZ,matured,2022-02-09,2022-02-16,16.31,19.28,0.1820968730839978,0.1789968730839978,6000,0.0031
2022 Bear,sideways,5d_10%,002330.SZ,stop_loss,2022-02-14,2022-02-18,8.45,8.027499999999998,-0.05,-0.0531,19200,0.0031
2022 Bear,bear,10d_15%,002037.SZ,stop_loss,2022-02-24,2022-02-28,13.66,12.977,-0.05,-0.0531,14500,0.0031
2022 Bear,sideways,5d_10%,001227.SZ,matured,2022-02-22,2022-03-01,5.64,5.61,-0.005319148936170137,-0.008419148936170138,50200,0.0031
2022 Bear,sideways,5d_10%,002037.SZ,stop_loss,2022-02-28,2022-03-03,13.45,12.777499999999998,-0.05,-0.0531,14500,0.0031
2022 Bear,severe_bear,5d_10%,000953.SZ,matured,2022-03-04,2022-03-11,9.17,9.47,0.03271537622682663,0.029615376226826633,60300,0.0031
2022 Bear,severe_bear,5d_10%,000788.SZ,matured,2022-03-11,2022-03-18,10.91,14.0,0.2832263978001832,0.2801263978001832,12900,0.0031
2022 Bear,severe_bear,5d_10%,000619.SZ,stop_loss,2022-03-21,2022-03-22,7.59,7.2105,-0.05,-0.0531,19300,0.0031
2022 Bear,severe_bear,5d_10%,000797.SZ,matured,2022-04-01,2022-04-12,4.71,4.62,-0.019108280254777066,-0.022208280254777064,61700,0.0031
2022 Bear,severe_bear,5d_10%,000514.SZ,stop_loss,2022-04-20,2022-04-22,6.01,5.709499999999999,-0.05,-0.0531,24000,0.0031
2022 Bear,severe_bear,5d_10%,000514.SZ,matured,2022-04-25,2022-05-05,4.76,5.49,0.15336134453781525,0.15026134453781526,30100,0.0031
2022 Bear,severe_bear,5d_10%,001228.SZ,matured,2022-04-29,2022-05-11,48.25,70.65,0.46424870466321266,0.46114870466321267,2500,0.0031
2022 Bear,severe_bear,5d_10%,000926.SZ,stop_loss,2022-05-16,2022-05-17,7.2,6.84,-0.05,-0.0531,21500,0.0031
2022 Bear,severe_bear,5d_10%,001318.SZ,matured,2022-05-20,2022-05-27,14.98,21.93,0.46395193591455275,0.46085193591455276,20500,0.0031
2022 Bear,severe_bear,5d_10%,000957.SZ,matured,2022-05-20,2022-05-27,8.4,12.41,0.47738095238095224,0.47428095238095225,36600,0.0031
2022 Bear,sideways,5d_10%,002229.SZ,stop_loss,2022-06-01,2022-06-02,6.56,6.231999999999999,-0.05,-0.0531,101900,0.0031
2022 Bear,recovery,5d_10%,000595.SZ,matured,2022-05-27,2022-06-06,5.94,7.11,0.19696969696969702,0.19386969696969703,33100,0.0031
2022 Bear,bull,5d_10%,000633.SZ,stop_loss,2022-06-16,2022-06-17,7.54,7.162999999999999,-0.05,-0.0531,13900,0.0031
2022 Bear,bull,5d_10%,000595.SZ,stop_loss,2022-06-16,2022-06-21,5.36,5.092,-0.05,-0.0531,19500,0.0031
2022 Bear,bull,5d_10%,001270.SZ,matured,2022-06-15,2022-06-22,66.92,93.52,0.39748953974895396,0.39438953974895397,15700,0.0031
2022 Bear,bull,5d_10%,000595.SZ,stop_loss,2022-06-21,2022-06-23,5.01,4.759499999999999,-0.05,-0.0531,20600,0.0031
2022 Bear,bull,5d_10%,000802.SZ,matured,2022-06-17,2022-06-24,4.48,4.65,0.0379464285714286,0.034846428571428605,27100,0.0031
2022 Bear,bull,5d_10%,000595.SZ,stop_loss,2022-06-23,2022-06-28,4.99,4.7405,-0.05,-0.0531,65300,0.0031
2022 Bear,bull,5d_10%,000821.SZ,stop_loss,2022-06-28,2022-06-29,25.05,23.7975,-0.05,-0.0531,5400,0.0031
2022 Bear,bull,5d_10%,001226.SZ,matured,2022-06-22,2022-06-29,39.06,52.18,0.33589349718381967,0.3327934971838197,15200,0.0031
2022 Bear,bull,5d_10%,001270.SZ,matured,2022-06-22,2022-06-29,99.5,100.0,0.005025125628140614,0.0019251256281406144,5900,0.0031
2022 Bear,bull,5d_10%,002168.SZ,stop_loss,2022-06-28,2022-06-30,4.18,3.9709999999999996,-0.05,-0.0531,32900,0.0031
2022 Bear,bull,5d_10%,001270.SZ,stop_loss,2022-07-04,2022-07-05,98.02,93.11899999999999,-0.05,-0.0531,500,0.0031
2022 Bear,bull,5d_10%,000970.SZ,matured,2022-06-28,2022-07-05,18.1,18.49,0.021546961325966674,0.018446961325966675,7600,0.0031
2022 Bear,bull,5d_10%,002090.SZ,stop_loss,2022-07-06,2022-07-07,13.03,12.378499999999999,-0.05,-0.0531,2700,0.0031
2022 Bear,bull,5d_10%,001268.SZ,matured,2022-06-30,2022-07-07,30.49,37.21,0.22040013119055435,0.21730013119055436,45700,0.0031
2022 Bear,bull,5d_10%,001309.SZ,matured,2022-07-01,2022-07-08,42.04,61.55,0.46408182683158894,0.46098182683158895,6600,0.0031
2022 Bear,recovery,5d_10%,001270.SZ,stop_loss,2022-07-05,2022-07-11,91.05,86.49749999999999,-0.05,-0.0531,900,0.0031
2022 Bear,recovery,5d_10%,000957.SZ,stop_loss,2022-07-07,2022-07-11,19.11,18.1545,-0.05,-0.0531,72800,0.0031
2022 Bear,recovery,5d_10%,001309.SZ,stop_loss,2022-07-08,2022-07-11,67.69,64.3055,-0.05,-0.0531,8800,0.0031
2022 Bear,recovery,5d_10%,001318.SZ,matured,2022-07-05,2022-07-12,19.22,19.17,-0.002601456815816694,-0.005701456815816694,4300,0.0031
2022 Bear,sideways,5d_10%,002591.SZ,stop_loss,2022-07-18,2022-07-19,9.99,9.490499999999999,-0.05,-0.0531,132100,0.0031
2022 Bear,bear,10d_15%,000957.SZ,matured,2022-07-22,2022-07-29,18.18,17.71,-0.02585258525852574,-0.02895258525852574,70200,0.0031
2022 Bear,bear,10d_15%,001336.SZ,matured,2022-07-25,2022-08-01,36.37,36.51,0.003849326367885597,0.0007493263678855972,14000,0.0031
2022 Bear,bear,10d_15%,001258.SZ,matured,2022-07-27,2022-08-03,5.36,7.85,0.46455223880596996,0.46145223880596997,38300,0.0031
2022 Bear,bear,10d_15%,001226.SZ,matured,2022-08-02,2022-08-09,34.47,34.7,0.006672468813461174,0.0035724688134611744,16400,0.0031
2022 Bear,bear,10d_15%,001258.SZ,matured,2022-08-03,2022-08-10,8.64,12.65,0.46412037037037024,0.46102037037037025,56300,0.0031
2022 Bear,sideways,5d_10%,001258.SZ,matured,2022-08-10,2022-08-17,13.92,18.34,0.31752873563218387,0.3144287356321839,52000,0.0031
2022 Bear,sideways,5d_10%,301306.SZ,stop_loss,2022-08-24,2022-08-25,48.41,45.98949999999999,-0.05,-0.0531,6500,0.0031
2022 Bear,sideways,5d_10%,001330.SZ,matured,2022-08-18,2022-08-25,7.96,11.66,0.46482412060301503,0.46172412060301504,99500,0.0031
2022 Bear,sideways,5d_10%,000045.SZ,matured,2022-08-18,2022-08-25,10.6,10.62,0.0018867924528300772,-0.0012132075471699227,74700,0.0031
2022 Bear,sideways,5d_10%,001330.SZ,matured,2022-08-25,2022-09-01,12.83,13.8,0.07560405300077955,0.07250405300077954,69800,0.0031
2022 Bear,sideways,5d_10%,001258.SZ,matured,2022-08-25,2022-09-01,14.31,15.95,0.11460517120894465,0.11150517120894464,62600,0.0031
2022 Bear,sideways,5d_10%,000892.SZ,stop_loss,2022-08-31,2022-09-06,5.35,5.0825,-0.05,-0.0531,67000,0.0031
2022 Bear,sideways,5d_10%,001259.SZ,matured,2022-08-31,2022-09-07,31.28,31.8,0.01662404092071612,0.01352404092071612,11400,0.0031
2022 Bear,sideways,5d_10%,301306.SZ,matured,2022-09-02,2022-09-09,43.46,47.32,0.08881730326737225,0.08571730326737224,16800,0.0031
2022 Bear,bear,10d_15%,001332.SZ,stop_loss,2022-09-22,2022-09-28,82.37,78.25150000000001,-0.05,-0.0531,11600,0.0031
2022 Bear,bear,10d_15%,001330.SZ,stop_loss,2022-09-23,2022-09-29,10.44,9.918,-0.05,-0.0531,64400,0.0031
2022 Bear,bear,10d_15%,001330.SZ,stop_loss,2022-09-29,2022-10-10,9.75,9.2625,-0.05,-0.0531,95800,0.0031
2022 Bear,bear,10d_15%,001255.SZ,matured,2022-09-30,2022-10-14,31.32,33.05,0.05523627075351212,0.05213627075351212,10400,0.0031
2022 Bear,bear,10d_15%,001269.SZ,matured,2022-09-30,2022-10-14,24.79,36.3,0.46430012101653895,0.46120012101653896,13100,0.0031
2022 Bear,bear,10d_15%,001330.SZ,matured,2022-10-10,2022-10-17,8.85,9.07,0.02485875706214702,0.02175875706214702,81800,0.0031
2022 Bear,bear,10d_15%,001269.SZ,matured,2022-10-14,2022-10-21,39.93,58.45,0.4638116704232407,0.4607116704232407,18800,0.0031
2022 Bear,severe_bear,5d_10%,001259.SZ,stop_loss,2022-10-21,2022-10-25,29.9,28.404999999999998,-0.05,-0.0531,36000,0.0031
2022 Bear,sideways,5d_10%,000153.SZ,stop_loss,2022-11-15,2022-11-16,11.83,11.2385,-0.05,-0.0531,89600,0.0031
2022 Bear,sideways,5d_10%,000863.SZ,stop_loss,2022-11-15,2022-11-17,5.85,5.557499999999999,-0.05,-0.0531,181300,0.0031
2022 Bear,sideways,5d_10%,001338.SZ,matured,2022-11-16,2022-11-23,10.8,15.82,0.4648148148148148,0.4617148148148148,134300,0.0031
2022 Bear,recovery,5d_10%,001338.SZ,matured,2022-11-23,2022-11-30,17.4,21.3,0.22413793103448287,0.22103793103448288,141000,0.0031
2022 Bear,bull,5d_10%,001333.SZ,stop_loss,2022-12-08,2022-12-12,41.95,39.8525,-0.05,-0.0531,17600,0.0031
2022 Bear,recovery,5d_10%,001256.SZ,stop_loss,2022-12-07,2022-12-13,26.14,24.833,-0.05,-0.0531,70800,0.0031
2022 Bear,bull,5d_10%,000153.SZ,matured,2022-12-07,2022-12-14,13.16,14.76,0.12158054711246202,0.11848054711246202,140800,0.0031
2022 Bear,bull,5d_10%,001338.SZ,stop_loss,2022-12-15,2022-12-19,21.8,20.71,-0.05,-0.0531,173000,0.0031
2022 Bear,recovery,5d_10%,000597.SZ,stop_loss,2022-12-19,2022-12-23,8.3,7.885000000000001,-0.05,-0.0531,217500,0.0031
2022 Bear,recovery,5d_10%,001338.SZ,matured,2022-12-19,2022-12-26,20.37,20.31,-0.002945508100147376,-0.006045508100147376,88600,0.0031
2023 Sideways,sideways,5d_10%,001301.SZ,stop_loss,2023-01-03,2023-01-04,71.43,67.8585,-0.05,-0.0531,4100,0.0031
2023 Sideways,sideways,5d_10%,000045.SZ,stop_loss,2023-01-03,2023-01-04,13.42,12.748999999999999,-0.05,-0.0531,22300,0.0031
2023 Sideways,bull,5d_10%,002253.SZ,stop_loss,2023-01-31,2023-02-01,15.99,15.1905,-0.05,-0.0531,24200,0.0031
2023 Sideways,bull,5d_10%,002362.SZ,matured,2023-01-31,2023-02-07,22.28,32.63,0.4645421903052065,0.4614421903052065,17300,0.0031
2023 Sideways,sideways,5d_10%,001314.SZ,stop_loss,2023-02-14,2023-02-20,55.44,52.66799999999999,-0.05,-0.0531,8100,0.0031
2023 Sideways,recovery,5d_10%,000752.SZ,stop_loss,2023-02-14,2023-02-21,4.71,4.4745,-0.05,-0.0531,95500,0.0031
2023 Sideways,sideways,5d_10%,001225.SZ,stop_loss,2023-02-22,2023-02-24,67.81,64.4195,-0.05,-0.0531,9500,0.0031
2023 Sideways,sideways,5d_10%,000925.SZ,stop_loss,2023-02-28,2023-03-01,11.08,10.526,-0.05,-0.0531,56500,0.0031
2023 Sideways,sideways,5d_10%,001337.SZ,matured,2023-03-03,2023-03-10,11.23,16.45,0.4648263579697238,0.46172635796972383,53900,0.0031
2023 Sideways,sideways,5d_10%,001337.SZ,matured,2023-03-10,2023-03-17,18.1,26.5,0.4640883977900552,0.4609883977900552,42700,0.0031
2023 Sideways,sideways,5d_10%,001337.SZ,matured,2023-03-17,2023-03-24,29.15,30.47,0.04528301886792452,0.04218301886792452,33800,0.0031
2023 Sideways,sideways,5d_10%,000620.SZ,stop_loss,2023-05-12,2023-05-16,1.2,1.14,-0.05,-0.0531,421600,0.0031
2023 Sideways,bear,10d_15%,000656.SZ,stop_loss,2023-05-22,2023-05-24,1.05,0.9974999999999999,-0.05,-0.0531,232500,0.0031
2023 Sideways,bear,10d_15%,001287.SZ,matured,2023-05-17,2023-05-24,26.51,27.0,0.018483591097698815,0.015383591097698815,18700,0.0031
2023 Sideways,sideways,5d_10%,000656.SZ,stop_loss,2023-05-24,2023-05-26,0.86,0.817,-0.05,-0.0531,455200,0.0031
2023 Sideways,sideways,5d_10%,000620.SZ,matured,2023-05-19,2023-05-26,1.02,1.24,0.21568627450980382,0.21258627450980383,342200,0.0031
2023 Sideways,bear,10d_15%,000656.SZ,matured,2023-05-29,2023-06-05,0.81,0.97,0.19753086419753085,0.19443086419753086,632500,0.0031
2023 Sideways,bear,10d_15%,000711.SZ,matured,2023-05-30,2023-06-06,1.34,1.63,0.21641791044776104,0.21331791044776105,267500,0.0031
2023 Sideways,sideways,5d_10%,000936.SZ,matured,2023-06-14,2023-06-21,10.41,13.67,0.31316042267050914,0.31006042267050915,83400,0.0031
2023 Sideways,sideways,5d_10%,000004.SZ,stop_loss,2023-07-14,2023-07-20,21.01,19.959500000000002,-0.05,-0.0531,49000,0.0031
2023 Sideways,sideways,5d_10%,002316.SZ,stop_loss,2023-07-20,2023-07-21,6.46,6.137,-0.05,-0.0531,154400,0.0031
2023 Sideways,sideways,5d_10%,000752.SZ,matured,2023-09-11,2023-09-18,8.75,10.64,0.21599999999999997,0.21289999999999998,110300,0.0031
2023 Sideways,sideways,5d_10%,000752.SZ,stop_loss,2023-10-11,2023-10-13,8.56,8.132,-0.05,-0.0531,63600,0.0031
2023 Sideways,sideways,5d_10%,002238.SZ,matured,2023-11-07,2023-11-14,10.59,12.39,0.1699716713881021,0.1668716713881021,101100,0.0031
2023 Sideways,sideways,5d_10%,000863.SZ,stop_loss,2023-11-20,2023-11-24,4.64,4.4079999999999995,-0.05,-0.0531,254000,0.0031
2023 Sideways,sideways,5d_10%,000518.SZ,stop_loss,2023-11-24,2023-11-28,4.57,4.3415,-0.05,-0.0531,124800,0.0031
2023 Sideways,sideways,5d_10%,002331.SZ,stop_loss,2023-11-24,2023-11-30,11.07,10.5165,-0.05,-0.0531,51500,0.0031
2023 Sideways,bear,10d_15%,001239.SZ,stop_loss,2023-12-20,2023-12-26,22.7,21.564999999999998,-0.05,-0.0531,8500,0.0031
2023 Sideways,bear,10d_15%,002316.SZ,matured,2023-12-19,2023-12-26,5.15,5.04,-0.021359223300970953,-0.02445922330097095,107200,0.0031
2024 Bull,sideways,5d_10%,000068.SZ,stop_loss,2024-01-25,2024-01-26,5.48,5.206,-0.05,-0.0531,109400,0.0031
2024 Bull,bear,10d_15%,001379.SZ,stop_loss,2024-01-29,2024-01-30,25.21,23.9495,-0.05,-0.0531,11500,0.0031
2024 Bull,bear,10d_15%,300604.SZ,stop_loss,2024-01-30,2024-01-31,25.4,24.13,-0.05,-0.0531,5600,0.0031
2024 Bull,bear,10d_15%,001358.SZ,stop_loss,2024-01-30,2024-01-31,35.33,33.5635,-0.05,-0.0531,4000,0.0031
2024 Bull,severe_bear,5d_10%,002549.SZ,stop_loss,2024-01-31,2024-02-02,6.71,6.374499999999999,-0.05,-0.0531,13900,0.0031
2024 Bull,severe_bear,5d_10%,001358.SZ,stop_loss,2024-01-31,2024-02-02,32.44,30.817999999999998,-0.05,-0.0531,2800,0.0031
2024 Bull,severe_bear,5d_10%,300053.SZ,stop_loss,2024-01-31,2024-02-02,8.86,8.417,-0.05,-0.0531,10500,0.0031
2024 Bull,sideways,5d_10%,000536.SZ,stop_loss,2024-02-02,2024-02-05,2.42,2.299,-0.05,-0.0531,57200,0.0031
2024 Bull,sideways,5d_10%,000536.SZ,stop_loss,2024-02-05,2024-02-06,2.15,2.0425,-0.05,-0.0531,51100,0.0031
2024 Bull,sideways,5d_10%,002316.SZ,stop_loss,2024-02-05,2024-02-07,3.05,2.8974999999999995,-0.05,-0.0531,36000,0.0031
2024 Bull,sideways,5d_10%,000004.SZ,stop_loss,2024-02-05,2024-02-07,9.5,9.025,-0.05,-0.0531,11500,0.0031
2024 Bull,recovery,5d_10%,000536.SZ,stop_loss,2024-02-06,2024-02-08,2.23,2.1185,-0.05,-0.0531,126800,0.0031
2024 Bull,recovery,5d_10%,002229.SZ,stop_loss,2024-02-07,2024-02-08,16.51,15.6845,-0.05,-0.0531,7100,0.0031
2024 Bull,recovery,5d_10%,002232.SZ,matured,2024-02-05,2024-02-20,10.51,12.73,0.21122740247383454,0.20812740247383454,10400,0.0031
2024 Bull,recovery,5d_10%,000503.SZ,matured,2024-02-05,2024-02-20,7.89,9.71,0.23067173637515848,0.22757173637515848,13900,0.0031
2024 Bull,recovery,5d_10%,000925.SZ,matured,2024-02-07,2024-02-22,5.49,6.86,0.24954462659380683,0.24644462659380684,21600,0.0031
2024 Bull,bull,5d_10%,000620.SZ,stop_loss,2024-03-06,2024-03-07,1.8,1.71,-0.05,-0.0531,423900,0.0031
2024 Bull,bull,5d_10%,001324.SZ,stop_loss,2024-03-08,2024-03-11,24.65,23.417499999999997,-0.05,-0.0531,29600,0.0031
2024 Bull,bull,5d_10%,000008.SZ,stop_loss,2024-03-11,2024-03-12,3.02,2.8689999999999998,-0.05,-0.0531,231700,0.0031
2024 Bull,bull,5d_10%,000737.SZ,stop_loss,2024-03-14,2024-03-15,6.49,6.1655,-0.05,-0.0531,103200,0.0031
2024 Bull,recovery,5d_10%,000801.SZ,stop_loss,2024-03-20,2024-03-21,14.95,14.202499999999999,-0.05,-0.0531,8600,0.0031
2024 Bull,recovery,5d_10%,000719.SZ,matured,2024-03-19,2024-03-26,12.09,12.87,0.06451612903225801,0.06141612903225801,26500,0.0031
2024 Bull,recovery,5d_10%,000710.SZ,matured,2024-03-19,2024-03-26,9.7,9.83,0.013402061855670278,0.010302061855670277,33000,0.0031
2024 Bull,recovery,5d_10%,000691.SZ,stop_loss,2024-04-25,2024-04-26,4.96,4.712,-0.05,-0.0531,98900,0.0031
2024 Bull,bull,5d_10%,000809.SZ,stop_loss,2024-05-09,2024-05-10,2.18,2.071,-0.05,-0.0531,145300,0.0031
2024 Bull,bull,5d_10%,000504.SZ,stop_loss,2024-05-09,2024-05-13,10.17,9.6615,-0.05,-0.0531,31100,0.0031
2024 Bull,bull,5d_10%,002481.SZ,stop_loss,2024-05-10,2024-05-14,5.02,4.768999999999999,-0.05,-0.0531,73100,0.0031
2024 Bull,bull,5d_10%,002148.SZ,stop_loss,2024-05-17,2024-05-20,5.89,5.5954999999999995,-0.05,-0.0531,50200,0.0031
2024 Bull,recovery,5d_10%,000908.SZ,stop_loss,2024-05-22,2024-05-24,2.07,1.9664999999999997,-0.05,-0.0531,82600,0.0031
2024 Bull,recovery,5d_10%,000560.SZ,matured,2024-05-17,2024-05-24,3.21,3.32,0.03426791277258556,0.031167912772585564,92100,0.0031
2024 Bull,recovery,5d_10%,000620.SZ,stop_loss,2024-05-22,2024-05-28,2.44,2.318,-0.05,-0.0531,70100,0.0031
2024 Bull,recovery,5d_10%,000609.SZ,stop_loss,2024-05-23,2024-05-28,1.95,1.8524999999999998,-0.05,-0.0531,34900,0.0031
2024 Bull,sideways,5d_10%,002717.SZ,stop_loss,2024-05-30,2024-06-04,1.15,1.0924999999999998,-0.05,-0.0531,371000,0.0031
2024 Bull,sideways,5d_10%,003026.SZ,stop_loss,2024-06-06,2024-06-14,34.0,32.3,-0.05,-0.0531,6000,0.0031
2024 Bull,sideways,5d_10%,002717.SZ,matured,2024-06-06,2024-06-14,1.04,1.08,0.03846153846153855,0.03536153846153855,198600,0.0031
2024 Bull,sideways,5d_10%,000908.SZ,stop_loss,2024-06-14,2024-06-18,1.19,1.1304999999999998,-0.05,-0.0531,261400,0.0031
2024 Bull,sideways,5d_10%,002168.SZ,matured,2024-06-11,2024-06-18,2.36,2.37,0.004237288135593209,0.0011372881355932092,23500,0.0031
2024 Bull,sideways,5d_10%,000609.SZ,matured,2024-06-11,2024-06-18,1.27,1.62,0.27559055118110254,0.27249055118110255,43600,0.0031
2024 Bull,sideways,5d_10%,000793.SZ,matured,2024-06-11,2024-06-18,1.22,1.45,0.18852459016393452,0.18542459016393453,45400,0.0031
2024 Bull,bear,10d_15%,000609.SZ,matured,2024-06-20,2024-06-27,1.88,1.87,-0.005319148936170137,-0.008419148936170138,221400,0.0031
2024 Bull,sideways,5d_10%,000609.SZ,stop_loss,2024-06-27,2024-07-01,1.78,1.6909999999999998,-0.05,-0.0531,51100,0.0031
2024 Bull,sideways,5d_10%,002717.SZ,matured,2024-06-24,2024-07-01,0.77,0.97,0.2597402597402596,0.2566402597402596,107900,0.0031
2024 Bull,bear,10d_15%,000506.SZ,stop_loss,2024-06-27,2024-07-02,1.01,0.9594999999999999,-0.05,-0.0531,90100,0.0031
2024 Bull,bear,10d_15%,002717.SZ,stop_loss,2024-07-02,2024-07-08,1.08,1.026,-0.05,-0.0531,46100,0.0031
2024 Bull,bear,10d_15%,000615.SZ,matured,2024-07-01,2024-07-08,2.08,1.98,-0.04807692307692313,-0.05117692307692313,177600,0.0031
2024 Bull,sideways,5d_10%,000506.SZ,matured,2024-07-02,2024-07-09,0.95,0.98,0.03157894736842115,0.028478947368421152,52400,0.0031
2024 Bull,sideways,5d_10%,000908.SZ,matured,2024-07-08,2024-07-15,0.92,1.12,0.21739130434782616,0.21429130434782617,205600,0.0031
2024 Bull,sideways,5d_10%,000506.SZ,matured,2024-07-10,2024-07-17,0.89,1.05,0.1797752808988764,0.1766752808988764,166000,0.0031
2024 Bull,sideways,5d_10%,000908.SZ,matured,2024-07-15,2024-07-22,1.18,1.44,0.22033898305084754,0.21723898305084755,292000,0.0031
2024 Bull,sideways,5d_10%,000506.SZ,matured,2024-07-18,2024-07-25,1.16,1.41,0.21551724137931028,0.21241724137931028,208600,0.0031
2024 Bull,sideways,5d_10%,000506.SZ,stop_loss,2024-07-25,2024-07-29,1.38,1.311,-0.05,-0.0531,228500,0.0031
2024 Bull,sideways,5d_10%,000908.SZ,matured,2024-07-22,2024-07-29,1.51,1.82,0.20529801324503305,0.20219801324503306,230700,0.0031
2024 Bull,sideways,5d_10%,001379.SZ,matured,2024-07-29,2024-08-05,22.4,36.04,0.6089285714285715,0.6058285714285715,24800,0.0031
2024 Bull,sideways,5d_10%,000908.SZ,matured,2024-07-30,2024-08-06,2.01,2.45,0.21890547263681603,0.21580547263681604,110900,0.0031
2024 Bull,bear,10d_15%,000908.SZ,stop_loss,2024-08-07,2024-08-12,2.7,2.565,-0.05,-0.0531,291500,0.0031
2024 Bull,bear,10d_15%,000062.SZ,matured,2024-08-21,2024-08-28,15.43,22.59,0.46403110823071936,0.46093110823071937,49300,0.0031
2024 Bull,sideways,5d_10%,000908.SZ,stop_loss,2024-08-30,2024-09-05,4.6,4.369999999999999,-0.05,-0.0531,211300,0.0031
2024 Bull,bull,5d_10%,000158.SZ,stop_loss,2024-10-09,2024-10-10,17.56,16.682,-0.05,-0.0531,35700,0.0031
2024 Bull,bull,5d_10%,300077.SZ,stop_loss,2024-10-09,2024-10-10,23.21,22.0495,-0.05,-0.0531,27000,0.0031
2024 Bull,bull,5d_10%,000908.SZ,matured,2024-10-10,2024-10-17,3.75,3.99,0.06400000000000006,0.06090000000000006,320400,0.0031
2024 Bull,bull,5d_10%,000506.SZ,matured,2024-10-15,2024-10-22,1.6,1.94,0.2124999999999999,0.20939999999999992,149600,0.0031
2024 Bull,bull,5d_10%,000935.SZ,stop_loss,2024-10-22,2024-10-23,20.66,19.627,-0.05,-0.0531,10700,0.0031
2024 Bull,bull,5d_10%,000676.SZ,stop_loss,2024-10-23,2024-10-24,12.0,11.399999999999999,-0.05,-0.0531,10700,0.0031
2024 Bull,bull,5d_10%,001289.SZ,stop_loss,2024-10-23,2024-10-24,19.35,18.3825,-0.05,-0.0531,6600,0.0031
2024 Bull,bull,5d_10%,000068.SZ,stop_loss,2024-10-25,2024-10-28,4.21,3.9995,-0.05,-0.0531,19500,0.0031
2024 Bull,bull,5d_10%,000958.SZ,matured,2024-10-21,2024-10-28,4.95,7.26,0.46666666666666656,0.46356666666666657,215800,0.0031
2024 Bull,bull,5d_10%,000506.SZ,matured,2024-10-22,2024-10-29,2.04,2.48,0.21568627450980382,0.21258627450980383,108900,0.0031
2024 Bull,recovery,5d_10%,002243.SZ,matured,2024-10-25,2024-11-01,8.54,9.53,0.11592505854800939,0.11282505854800938,9600,0.0031
2024 Bull,recovery,5d_10%,000016.SZ,matured,2024-10-25,2024-11-01,5.29,7.74,0.46313799621928164,0.46003799621928165,15500,0.0031
2024 Bull,sideways,5d_10%,000958.SZ,matured,2024-10-28,2024-11-04,7.99,9.58,0.19899874843554444,0.19589874843554445,85200,0.0031
2024 Bull,sideways,5d_10%,000917.SZ,matured,2024-10-28,2024-11-04,8.35,10.01,0.19880239520958076,0.19570239520958077,81500,0.0031
2024 Bull,sideways,5d_10%,000506.SZ,matured,2024-10-29,2024-11-05,2.6,3.16,0.2153846153846155,0.21228461538461552,187600,0.0031
2024 Bull,recovery,5d_10%,000536.SZ,stop_loss,2024-11-05,2024-11-06,8.11,7.7044999999999995,-0.05,-0.0531,33900,0.0031
2024 Bull,bull,5d_10%,000656.SZ,stop_loss,2024-11-05,2024-11-07,1.54,1.4629999999999999,-0.05,-0.0531,178600,0.0031
2024 Bull,bull,5d_10%,000716.SZ,stop_loss,2024-11-07,2024-11-08,7.87,7.4765,-0.05,-0.0531,36200,0.0031
2024 Bull,bull,5d_10%,000597.SZ,stop_loss,2024-11-07,2024-11-08,6.69,6.3555,-0.05,-0.0531,42600,0.0031
2024 Bull,bull,5d_10%,000929.SZ,stop_loss,2024-11-08,2024-11-11,9.66,9.177,-0.05,-0.0531,31200,0.0031
2024 Bull,bull,5d_10%,000795.SZ,matured,2024-11-04,2024-11-11,9.96,13.37,0.3423694779116464,0.3392694779116464,118100,0.0031
2024 Bull,bull,5d_10%,000826.SZ,stop_loss,2024-11-08,2024-11-12,3.18,3.021,-0.05,-0.0531,94900,0.0031
2024 Bull,bull,5d_10%,000506.SZ,matured,2024-11-05,2024-11-12,3.32,4.03,0.2138554216867472,0.2107554216867472,82800,0.0031
2024 Bull,bull,5d_10%,000752.SZ,stop_loss,2024-11-12,2024-11-13,8.3,7.885000000000001,-0.05,-0.0531,49100,0.0031
2024 Bull,bull,5d_10%,000506.SZ,stop_loss,2024-11-12,2024-11-13,4.19,3.9805,-0.05,-0.0531,97300,0.0031
2024 Bull,bull,5d_10%,000557.SZ,stop_loss,2024-11-07,2024-11-14,6.26,5.946999999999999,-0.05,-0.0531,45600,0.0031
2024 Bull,recovery,5d_10%,002065.SZ,stop_loss,2024-11-11,2024-11-15,8.57,8.1415,-0.05,-0.0531,187900,0.0031
2024 Bull,recovery,5d_10%,000908.SZ,matured,2024-11-14,2024-11-21,5.85,5.83,-0.0034188034188032956,-0.006518803418803296,170500,0.0031
2024 Bull,sideways,5d_10%,002117.SZ,stop_loss,2024-11-25,2024-11-26,11.42,10.849,-0.05,-0.0531,29000,0.0031
2024 Bull,recovery,5d_10%,002155.SZ,stop_loss,2024-11-25,2024-11-27,22.26,21.147000000000002,-0.05,-0.0531,14800,0.0031
2024 Bull,recovery,5d_10%,000506.SZ,stop_loss,2024-11-28,2024-11-29,3.53,3.3534999999999995,-0.05,-0.0531,90900,0.0031
2024 Bull,recovery,5d_10%,000615.SZ,matured,2024-11-22,2024-11-29,3.24,3.83,0.18209876543209869,0.1789987654320987,512600,0.0031
2024 Bull,sideways,5d_10%,001308.SZ,stop_loss,2024-11-28,2024-12-03,26.5,25.174999999999997,-0.05,-0.0531,12100,0.0031
2024 Bull,sideways,5d_10%,002006.SZ,stop_loss,2024-12-03,2024-12-04,22.88,21.735999999999997,-0.05,-0.0531,78500,0.0031
2024 Bull,sideways,5d_10%,000008.SZ,stop_loss,2024-12-04,2024-12-06,3.71,3.5244999999999997,-0.05,-0.0531,469000,0.0031
2024 Bull,sideways,5d_10%,002362.SZ,stop_loss,2024-12-06,2024-12-09,30.88,29.336,-0.05,-0.0531,54500,0.0031
2024 Bull,sideways,5d_10%,000813.SZ,stop_loss,2024-12-09,2024-12-10,4.1,3.8949999999999996,-0.05,-0.0531,397900,0.0031
2024 Bull,sideways,5d_10%,002481.SZ,stop_loss,2024-12-10,2024-12-11,6.99,6.6405,-0.05,-0.0531,225900,0.0031
2024 Bull,sideways,5d_10%,000530.SZ,stop_loss,2024-12-13,2024-12-17,7.48,7.106,-0.05,-0.0531,81600,0.0031
2024 Bull,sideways,5d_10%,000863.SZ,stop_loss,2024-12-16,2024-12-17,5.2,4.9399999999999995,-0.05,-0.0531,46900,0.0031
2024 Bull,sideways,5d_10%,002115.SZ,stop_loss,2024-12-11,2024-12-18,9.85,9.3575,-0.05,-0.0531,155200,0.0031
2024 Bull,sideways,5d_10%,000656.SZ,stop_loss,2024-12-17,2024-12-18,1.8,1.71,-0.05,-0.0531,324300,0.0031
2024 Bull,recovery,5d_10%,002058.SZ,stop_loss,2024-12-19,2024-12-20,18.36,17.442,-0.05,-0.0531,78100,0.0031
2025-2026,sideways,5d_10%,002168.SZ,stop_loss,2025-01-02,2025-01-03,3.06,2.907,-0.05,-0.0531,196000,0.0031
2025-2026,recovery,5d_10%,000818.SZ,matured,2025-02-10,2025-02-17,27.05,36.19,0.33789279112754156,0.33479279112754157,21400,0.0031
2025-2026,recovery,5d_10%,002261.SZ,matured,2025-02-11,2025-02-18,27.95,34.35,0.22898032200357799,0.225880322003578,8300,0.0031
2025-2026,sideways,5d_10%,002616.SZ,stop_loss,2025-02-28,2025-03-03,6.77,6.431499999999999,-0.05,-0.0531,107500,0.0031
2025-2026,sideways,5d_10%,001333.SZ,stop_loss,2025-04-01,2025-04-02,29.02,27.569,-0.05,-0.0531,4800,0.0031
2025-2026,bear,10d_15%,002549.SZ,matured,2025-03-31,2025-04-08,8.35,12.23,0.4646706586826348,0.4615706586826348,84400,0.0031
2025-2026,bear,10d_15%,000736.SZ,stop_loss,2025-04-08,2025-04-09,4.5,4.2749999999999995,-0.05,-0.0531,90200,0.0031
2025-2026,bear,10d_15%,001212.SZ,matured,2025-04-01,2025-04-09,35.42,51.87,0.4644268774703555,0.4613268774703555,3900,0.0031
2025-2026,bear,10d_15%,002130.SZ,matured,2025-04-09,2025-04-16,17.59,17.38,-0.011938601478112654,-0.015038601478112654,8700,0.0031
2025-2026,bear,10d_15%,001283.SZ,matured,2025-04-09,2025-04-16,43.31,47.82,0.10413299468944803,0.10103299468944803,3500,0.0031
2025-2026,bear,10d_15%,000736.SZ,matured,2025-04-09,2025-04-16,4.85,4.9,0.01030927835051565,0.007209278350515649,31600,0.0031
2025-2026,bear,10d_15%,000736.SZ,stop_loss,2025-04-22,2025-04-24,4.43,4.2085,-0.05,-0.0531,104800,0.0031
2025-2026,sideways,5d_10%,000793.SZ,stop_loss,2025-05-08,2025-05-09,2.95,2.8025,-0.05,-0.0531,86600,0.0031
2025-2026,recovery,5d_10%,000504.SZ,matured,2025-04-30,2025-05-12,5.77,6.9,0.1958405545927211,0.1927405545927211,79200,0.0031
2025-2026,recovery,5d_10%,000691.SZ,matured,2025-05-07,2025-05-14,3.87,4.34,0.12144702842377253,0.11834702842377252,165300,0.0031
2025-2026,sideways,5d_10%,002717.SZ,stop_loss,2025-05-26,2025-05-29,2.29,2.1755,-0.05,-0.0531,438600,0.0031
2025-2026,sideways,5d_10%,000826.SZ,stop_loss,2025-05-29,2025-05-30,2.51,2.3844999999999996,-0.05,-0.0531,193700,0.0031
2025-2026,sideways,5d_10%,001230.SZ,stop_loss,2025-05-29,2025-05-30,27.67,26.2865,-0.05,-0.0531,17500,0.0031
2025-2026,bull,5d_10%,000607.SZ,stop_loss,2025-07-10,2025-07-14,6.6,6.27,-0.05,-0.0531,190200,0.0031
2025-2026,bull,5d_10%,002401.SZ,stop_loss,2025-07-14,2025-07-16,19.67,18.686500000000002,-0.05,-0.0531,61100,0.0031
2025-2026,bull,5d_10%,000545.SZ,stop_loss,2025-07-15,2025-07-16,3.3,3.135,-0.05,-0.0531,72600,0.0031
2025-2026,bull,5d_10%,000705.SZ,stop_loss,2025-07-17,2025-07-18,11.61,11.029499999999999,-0.05,-0.0531,19600,0.0031
2025-2026,bull,5d_10%,002058.SZ,matured,2025-07-16,2025-07-23,14.58,14.33,-0.01714677640603568,-0.02024677640603568,78200,0.0031
2025-2026,bull,5d_10%,002297.SZ,stop_loss,2025-07-22,2025-07-24,10.53,10.003499999999999,-0.05,-0.0531,2100,0.0031
2025-2026,bull,5d_10%,001239.SZ,stop_loss,2025-07-22,2025-07-24,21.07,20.0165,-0.05,-0.0531,1000,0.0031
2025-2026,bull,5d_10%,001360.SZ,stop_loss,2025-07-21,2025-07-25,18.89,17.9455,-0.05,-0.0531,5700,0.0031
2025-2026,bull,5d_10%,000752.SZ,stop_loss,2025-07-23,2025-07-28,9.6,9.12,-0.05,-0.0531,94200,0.0031
2025-2026,bull,5d_10%,002037.SZ,matured,2025-07-21,2025-07-28,11.73,15.26,0.3009377664109121,0.2978377664109121,9300,0.0031
2025-2026,recovery,5d_10%,001226.SZ,stop_loss,2025-07-24,2025-07-31,42.99,40.8405,-0.05,-0.0531,4900,0.0031
2025-2026,recovery,5d_10%,002148.SZ,stop_loss,2025-08-06,2025-08-08,10.37,9.851499999999998,-0.05,-0.0531,104600,0.0031
2025-2026,bull,5d_10%,300810.SZ,stop_loss,2025-08-18,2025-08-20,62.75,59.6125,-0.05,-0.0531,16500,0.0031
2025-2026,bull,5d_10%,000004.SZ,stop_loss,2025-08-27,2025-08-28,11.85,11.257499999999999,-0.05,-0.0531,16700,0.0031
2025-2026,bull,5d_10%,000609.SZ,matured,2025-08-21,2025-08-28,3.82,4.09,0.07068062827225141,0.0675806282722514,260600,0.0031
2025-2026,bull,5d_10%,002058.SZ,matured,2025-09-01,2025-09-08,18.49,19.65,0.06273661438615474,0.059636614386154745,56200,0.0031
2025-2026,bull,5d_10%,002058.SZ,matured,2025-09-08,2025-09-15,20.63,25.07,0.21522055259331085,0.21212055259331086,52800,0.0031
2025-2026,bull,5d_10%,000691.SZ,matured,2025-09-09,2025-09-16,6.75,8.2,0.2148148148148148,0.2117148148148148,32200,0.0031
2025-2026,recovery,5d_10%,002058.SZ,matured,2025-09-15,2025-09-22,26.32,26.39,0.0026595744680850686,-0.0004404255319149313,41800,0.0031
2025-2026,recovery,5d_10%,000691.SZ,matured,2025-09-16,2025-09-23,8.61,9.72,0.12891986062717775,0.12581986062717776,49900,0.0031
2025-2026,recovery,5d_10%,001208.SZ,stop_loss,2025-09-24,2025-09-25,14.67,13.936499999999999,-0.05,-0.0531,46100,0.0031
2025-2026,bull,5d_10%,000691.SZ,matured,2025-09-24,2025-10-09,10.72,12.58,0.17350746268656714,0.17040746268656715,63100,0.0031
2025-2026,recovery,5d_10%,002156.SZ,stop_loss,2025-10-09,2025-10-13,45.07,42.8165,-0.05,-0.0531,10400,0.0031
2025-2026,bull,5d_10%,001337.SZ,stop_loss,2025-10-09,2025-10-16,30.78,29.241,-0.05,-0.0531,15300,0.0031
2025-2026,bull,5d_10%,000004.SZ,matured,2025-10-09,2025-10-16,11.8,12.88,0.09152542372881367,0.08842542372881367,40000,0.0031
2025-2026,bull,5d_10%,000620.SZ,stop_loss,2025-10-24,2025-10-30,2.9,2.755,-0.05,-0.0531,243300,0.0031
2025-2026,bull,5d_10%,000908.SZ,stop_loss,2025-10-27,2025-10-30,8.07,7.6665,-0.05,-0.0531,17400,0.0031
2025-2026,recovery,5d_10%,002213.SZ,stop_loss,2025-10-27,2025-10-31,26.94,25.593,-0.05,-0.0531,5200,0.0031
2025-2026,recovery,5d_10%,000609.SZ,matured,2025-10-24,2025-10-31,5.96,7.25,0.21644295302013417,0.21334295302013417,118300,0.0031
2025-2026,recovery,5d_10%,002591.SZ,stop_loss,2025-11-06,2025-11-07,8.0,7.6,-0.05,-0.0531,55800,0.0031
2025-2026,recovery,5d_10%,000736.SZ,stop_loss,2025-11-04,2025-11-10,6.49,6.1655,-0.05,-0.0531,86000,0.0031
2025-2026,recovery,5d_10%,000609.SZ,matured,2025-11-04,2025-11-11,8.39,10.2,0.21573301549463642,0.21263301549463642,66500,0.0031
2025-2026,sideways,5d_10%,000608.SZ,stop_loss,2025-11-18,2025-11-21,2.73,2.5934999999999997,-0.05,-0.0531,211700,0.0031
2025-2026,sideways,5d_10%,000609.SZ,matured,2025-11-18,2025-11-25,11.81,12.68,0.07366638441998297,0.07056638441998296,48900,0.0031
2025-2026,sideways,5d_10%,002264.SZ,stop_loss,2025-11-24,2025-12-01,9.81,9.3195,-0.05,-0.0531,80600,0.0031
2025-2026,sideways,5d_10%,000952.SZ,stop_loss,2025-11-26,2025-12-01,9.73,9.2435,-0.05,-0.0531,70600,0.0031
2025-2026,sideways,5d_10%,000838.SZ,stop_loss,2025-12-03,2025-12-04,4.28,4.066,-0.05,-0.0531,260500,0.0031
2025-2026,sideways,5d_10%,002329.SZ,stop_loss,2025-12-16,2025-12-17,4.4,4.18,-0.05,-0.0531,49400,0.0031
2025-2026,sideways,5d_10%,000890.SZ,stop_loss,2025-12-16,2025-12-19,6.43,6.108499999999999,-0.05,-0.0531,33800,0.0031
2025-2026,sideways,5d_10%,001270.SZ,matured,2025-12-12,2025-12-19,64.28,70.68,0.0995644057249534,0.09646440572495339,8300,0.0031
2025-2026,sideways,5d_10%,001208.SZ,matured,2025-12-12,2025-12-19,17.97,21.17,0.17807456872565397,0.17497456872565398,30000,0.0031
2025-2026,bull,5d_10%,001270.SZ,matured,2026-01-05,2026-01-12,99.88,122.84,0.22987585102122554,0.22677585102122555,15300,0.0031
2025-2026,bull,5d_10%,002195.SZ,matured,2026-01-06,2026-01-13,9.44,11.99,0.2701271186440679,0.2670271186440679,16600,0.0031
2025-2026,bull,5d_10%,000681.SZ,stop_loss,2026-01-12,2026-01-14,31.48,29.906,-0.05,-0.0531,24000,0.0031
2025-2026,bull,5d_10%,002115.SZ,stop_loss,2026-01-13,2026-01-15,19.59,18.6105,-0.05,-0.0531,11700,0.0031
2025-2026,bull,5d_10%,000908.SZ,matured,2026-01-08,2026-01-15,7.89,7.59,-0.03802281368821292,-0.04112281368821292,7900,0.0031
2025-2026,bull,5d_10%,002153.SZ,stop_loss,2026-01-14,2026-01-16,16.14,15.333,-0.05,-0.0531,41300,0.0031
2025-2026,bull,5d_10%,002049.SZ,stop_loss,2026-01-15,2026-01-16,91.99,87.39049999999999,-0.05,-0.0531,1900,0.0031
2025-2026,bull,5d_10%,000691.SZ,stop_loss,2026-01-13,2026-01-19,10.42,9.899,-0.05,-0.0531,22100,0.0031
2025-2026,bull,5d_10%,000608.SZ,stop_loss,2026-01-15,2026-01-19,3.36,3.1919999999999997,-0.05,-0.0531,52700,0.0031
2025-2026,recovery,5d_10%,000670.SZ,matured,2026-01-20,2026-01-27,9.35,9.12,-0.024598930481283476,-0.027698930481283475,109100,0.0031
2025-2026,sideways,5d_10%,000608.SZ,stop_loss,2026-02-03,2026-02-04,3.83,3.6385,-0.05,-0.0531,195300,0.0031
2025-2026,sideways,5d_10%,000711.SZ,stop_loss,2026-02-06,2026-02-11,2.85,2.7075,-0.05,-0.0531,254100,0.0031
2025-2026,sideways,5d_10%,000711.SZ,stop_loss,2026-03-05,2026-03-06,4.21,3.9995,-0.05,-0.0531,33200,0.0031
2025-2026,sideways,5d_10%,000533.SZ,matured,2026-03-05,2026-03-12,14.88,18.84,0.2661290322580645,0.2630290322580645,9400,0.0031
2025-2026,sideways,5d_10%,000908.SZ,matured,2026-03-12,2026-03-19,5.05,6.14,0.2158415841584158,0.21274158415841582,58900,0.0031
2025-2026,bear,10d_15%,000020.SZ,stop_loss,2026-03-19,2026-03-23,23.33,22.1635,-0.05,-0.0531,14300,0.0031
