date,value,cash,positions,regime,model,num_positions,ret,cummax,window
2022-01-04,1000000.0,1000000.0,0.0,recovery,5d_10%,0,0.0,1000000.0,2022 Bear
2022-01-05,1002288.14,707420.14,294868.0,sideways,5d_10%,2,0.002288140000000105,1002288.14,2022 Bear
2022-01-06,1011760.14,707420.14,304340.0,bear,5d_10%,2,0.009450376216164846,1011760.14,2022 Bear
2022-01-07,1008120.14,707420.14,300700.0,bear,5d_10%,2,-0.003597690654229546,1011760.14,2022 Bear
2022-01-10,1034389.1315,495600.1315,538789.0,bear,5d_10%,3,0.026057401749755682,1034389.1315,2022 Bear
2022-01-11,1019002.1315,495600.1315,523402.0,bear,5d_10%,3,-0.014875446320367636,1034389.1315,2022 Bear
2022-01-12,1015372.4675,796537.4675,218835.0,bear,5d_10%,1,-0.003561978810247446,1034389.1315,2022 Bear
2022-01-13,969458.31895,698173.31895,271285.0,bear,5d_10%,1,-0.04521902062505945,1034389.1315,2022 Bear
2022-01-14,996755.31895,698173.31895,298582.0,bear,5d_10%,1,0.028156960919748286,1034389.1315,2022 Bear
2022-01-17,1007606.55395,488851.55395,518755.0,bear,5d_10%,2,0.01088655840977193,1034389.1315,2022 Bear
2022-01-18,1059502.55395,488851.55395,570651.0,sideways,5d_10%,2,0.05150423029361839,1059502.55395,2022 Bear
2022-01-19,1116651.55395,488851.55395,627800.0,sideways,5d_10%,2,0.05393946412581929,1116651.55395,2022 Bear
2022-01-20,1154272.37475,647581.37475,506691.0,sideways,5d_10%,2,0.0336907432465583,1154272.37475,2022 Bear
2022-01-21,1177177.36767,910777.36767,266400.0,bear,5d_10%,1,0.01984366378426161,1177177.36767,2022 Bear
2022-01-24,1135463.3900700002,806267.3900700001,329196.0,sideways,5d_10%,2,-0.0354355925841191,1177177.36767,2022 Bear
2022-01-25,1144159.2049500002,969631.20495,174528.0,bear,5d_10%,1,0.007658384194547896,1177177.36767,2022 Bear
2022-01-26,1125386.46495,679454.4649499999,445932.0,bear,5d_10%,2,-0.016407454416119127,1177177.36767,2022 Bear
2022-01-27,1116540.2917499999,1116540.2917499999,0.0,bear,5d_10%,0,-0.00786056477087016,1177177.36767,2022 Bear
2022-01-28,1116540.2917499999,1116540.2917499999,0.0,bear,5d_10%,0,0.0,1177177.36767,2022 Bear
2022-02-07,1116540.2917499999,1116540.2917499999,0.0,bear,5d_10%,0,0.0,1177177.36767,2022 Bear
2022-02-08,1125888.0569499999,781309.0569499999,344579.0,bear,5d_10%,1,0.008372080496395595,1177177.36767,2022 Bear
2022-02-09,1139093.5459499997,547535.5459499998,591558.0,bear,5d_10%,2,0.011728953796501962,1177177.36767,2022 Bear
2022-02-10,1198413.5459499997,547535.5459499998,650878.0,bear,5d_10%,2,0.052076495570455794,1198413.5459499997,2022 Bear
2022-02-11,1184859.5459499997,547535.5459499998,637324.0,bear,5d_10%,2,-0.011309952266315149,1198413.5459499997,2022 Bear
2022-02-14,1172613.4369499998,383392.43694999977,789221.0,bear,5d_10%,3,-0.010335494229555486,1198413.5459499997,2022 Bear
2022-02-15,1129990.1947499998,727351.1947499998,402639.0,bear,5d_10%,2,-0.0363489286894616,1198413.5459499997,2022 Bear
2022-02-16,1138283.02885,682271.0288499999,456012.0,bear,5d_10%,2,0.007338854919741067,1198413.5459499997,2022 Bear
2022-02-17,1133922.1992199998,672013.1992199998,461909.0,sideways,5d_10%,3,-0.003831059164965067,1198413.5459499997,2022 Bear
2022-02-18,1108151.0122499997,963619.0122499998,144532.0,sideways,5d_10%,1,-0.022727473708273438,1198413.5459499997,2022 Bear
2022-02-21,1113211.0122499997,963619.0122499998,149592.0,sideways,5d_10%,1,0.004566164668952544,1198413.5459499997,2022 Bear
2022-02-22,1128343.6138499998,674475.6138499998,453868.0,bear,5d_10%,2,0.013593650649767142,1198413.5459499997,2022 Bear
2022-02-23,1114947.6138499998,674475.6138499998,440472.0,bear,5d_10%,2,-0.011872269967737714,1198413.5459499997,2022 Bear
2022-02-24,1100540.6800099998,810748.6800099998,289792.0,bear,5d_10%,1,-0.012921623994738063,1198413.5459499997,2022 Bear
2022-02-25,1096956.6800099998,810748.6800099998,286208.0,bear,5d_10%,1,-0.003256581119716051,1198413.5459499997,2022 Bear
2022-02-28,1088764.6800099998,810748.6800099998,278016.0,bear,5d_10%,1,-0.0074679339205312445,1198413.5459499997,2022 Bear
2022-03-01,1076949.4915099998,768443.4915099998,308506.0,sideways,5d_10%,1,-0.01085192118823275,1198413.5459499997,2022 Bear
2022-03-02,1107648.4915099998,768443.4915099998,339205.0,sideways,5d_10%,1,0.02850551510726529,1198413.5459499997,2022 Bear
2022-03-03,1108027.4915099998,768443.4915099998,339584.00000000006,sideways,5d_10%,1,0.0003421663126028651,1198413.5459499997,2022 Bear
2022-03-04,1083146.98421,538523.9842099999,544623.0,sideways,5d_10%,3,-0.022454774354103146,1198413.5459499997,2022 Bear
2022-03-07,1075299.2716799998,595049.2716799999,480250.0,bear,5d_10%,3,-0.0072452886306321185,1198413.5459499997,2022 Bear
2022-03-08,1081294.4077299999,836621.4077299999,244673.0,severe_bear,5d_10%,2,0.0055753186186331405,1198413.5459499997,2022 Bear
2022-03-09,1086435.4077299999,836621.4077299999,249814.0,severe_bear,5d_10%,2,0.004754486810666814,1198413.5459499997,2022 Bear
2022-03-10,1091553.4077299999,836621.4077299999,254932.0,severe_bear,5d_10%,2,0.004710818483625756,1198413.5459499997,2022 Bear
2022-03-11,1064682.4495299999,917866.4495299999,146816.0,severe_bear,5d_10%,1,-0.024617172196714554,1198413.5459499997,2022 Bear
2022-03-14,1079334.4495299999,917866.4495299999,161468.0,severe_bear,5d_10%,1,0.013761849842145901,1198413.5459499997,2022 Bear
2022-03-15,1095466.4495299999,917866.4495299999,177600.0,severe_bear,5d_10%,1,0.014946247668667256,1198413.5459499997,2022 Bear
2022-03-16,1113226.4495299999,917866.4495299999,195360.0,severe_bear,5d_10%,1,0.01621227195741115,1198413.5459499997,2022 Bear
2022-03-17,1122846.4495299999,917866.4495299999,204980.0,severe_bear,5d_10%,1,0.008641548181020697,1198413.5459499997,2022 Bear
2022-03-18,1124693.48953,1124693.48953,0.0,severe_bear,5d_10%,0,0.0016449622303862377,1198413.5459499997,2022 Bear
2022-03-21,1109156.4421299999,955976.4421299999,153180.0,severe_bear,5d_10%,1,-0.01381447260488089,1198413.5459499997,2022 Bear
2022-03-22,1115761.41055,1115761.41055,0.0,severe_bear,5d_10%,0,0.005954947534106303,1198413.5459499997,2022 Bear
2022-03-23,1115761.41055,1115761.41055,0.0,severe_bear,5d_10%,0,0.0,1198413.5459499997,2022 Bear
2022-03-24,1115761.41055,1115761.41055,0.0,severe_bear,5d_10%,0,0.0,1198413.5459499997,2022 Bear
2022-03-25,1115761.41055,1115761.41055,0.0,severe_bear,5d_10%,0,0.0,1198413.5459499997,2022 Bear
2022-03-28,1115761.41055,1115761.41055,0.0,severe_bear,5d_10%,0,0.0,1198413.5459499997,2022 Bear
2022-03-29,1115761.41055,1115761.41055,0.0,severe_bear,5d_10%,0,0.0,1198413.5459499997,2022 Bear
2022-03-30,1115761.41055,1115761.41055,0.0,severe_bear,5d_10%,0,0.0,1198413.5459499997,2022 Bear
2022-03-31,1115761.41055,1115761.41055,0.0,severe_bear,5d_10%,0,0.0,1198413.5459499997,2022 Bear
2022-04-01,1084796.67755,780916.6775499999,303880.0,bear,5d_10%,1,-0.02775210964209307,1198413.5459499997,2022 Bear
2022-04-06,1115024.17275,547918.1727499999,567106.0,sideways,5d_10%,2,0.027864664250510485,1198413.5459499997,2022 Bear
2022-04-07,1153698.17275,547918.1727499999,605780.0,severe_bear,5d_10%,2,0.03468444984884744,1198413.5459499997,2022 Bear
2022-04-08,1214418.17275,547918.1727499999,666500.0,severe_bear,5d_10%,2,0.05263074990858785,1214418.17275,2022 Bear
2022-04-11,1200196.17275,547918.1727499999,652278.0,severe_bear,5d_10%,2,-0.011710957822538948,1214418.17275,2022 Bear
2022-04-12,1134563.73675,875347.7367499999,259215.99999999997,severe_bear,5d_10%,1,-0.05468475695070496,1214418.17275,2022 Bear
2022-04-13,1149301.7303499999,1149301.7303499999,0.0,severe_bear,5d_10%,0,0.012990009395344781,1214418.17275,2022 Bear
2022-04-14,1149301.7303499999,1149301.7303499999,0.0,severe_bear,5d_10%,0,0.0,1214418.17275,2022 Bear
2022-04-15,1149301.7303499999,1149301.7303499999,0.0,severe_bear,5d_10%,0,0.0,1214418.17275,2022 Bear
2022-04-18,1149301.7303499999,1149301.7303499999,0.0,severe_bear,5d_10%,0,0.0,1214418.17275,2022 Bear
2022-04-19,1149301.7303499999,1149301.7303499999,0.0,severe_bear,5d_10%,0,0.0,1214418.17275,2022 Bear
2022-04-20,1167954.27855,977192.2785499998,190762.0,severe_bear,5d_10%,1,0.016229461513400656,1214418.17275,2022 Bear
2022-04-21,1148792.27855,977192.2785499998,171600.0,severe_bear,5d_10%,1,-0.0164064641501116,1214418.17275,2022 Bear
2022-04-22,1140190.0534899998,1140190.0534899998,0.0,severe_bear,5d_10%,0,-0.007488059608876996,1214418.17275,2022 Bear
2022-04-25,1140190.0534899998,1140190.0534899998,0.0,severe_bear,5d_10%,0,0.0,1214418.17275,2022 Bear
2022-04-26,1140190.0534899998,1140190.0534899998,0.0,severe_bear,5d_10%,0,0.0,1214418.17275,2022 Bear
2022-04-27,1140190.0534899998,1140190.0534899998,0.0,severe_bear,5d_10%,0,0.0,1214418.17275,2022 Bear
2022-04-28,1140190.0534899998,1140190.0534899998,0.0,severe_bear,5d_10%,0,0.0,1214418.17275,2022 Bear
2022-04-29,1124605.5159899998,971095.5159899999,153510.0,severe_bear,5d_10%,1,-0.013668368227119254,1214418.17275,2022 Bear
2022-05-05,1139970.5159899998,971095.5159899999,168875.0,severe_bear,5d_10%,1,0.013662568590973034,1214418.17275,2022 Bear
2022-05-06,1156875.5159899998,971095.5159899999,185780.0,severe_bear,5d_10%,1,0.014829330901877658,1214418.17275,2022 Bear
2022-05-09,1175460.5159899998,971095.5159899999,204365.0,severe_bear,5d_10%,1,0.01606482265647724,1214418.17275,2022 Bear
2022-05-10,1195900.5159899998,971095.5159899999,224805.0,severe_bear,5d_10%,1,0.017388929463772795,1214418.17275,2022 Bear
2022-05-11,1217925.42099,1217925.42099,0.0,severe_bear,5d_10%,0,0.01841700434568949,1217925.42099,2022 Bear
2022-05-12,1217925.42099,1217925.42099,0.0,severe_bear,5d_10%,0,0.0,1217925.42099,2022 Bear
2022-05-13,1217925.42099,1217925.42099,0.0,severe_bear,5d_10%,0,0.0,1217925.42099,2022 Bear
2022-05-16,1216423.61299,1035528.61299,180895.0,severe_bear,5d_10%,1,-0.001233086997050492,1217925.42099,2022 Bear
2022-05-17,1208269.1193900001,1208269.1193900001,0.0,severe_bear,5d_10%,0,-0.006703662698519963,1217925.42099,2022 Bear
2022-05-18,1208269.1193900001,1208269.1193900001,0.0,severe_bear,5d_10%,0,0.0,1217925.42099,2022 Bear
2022-05-19,1208269.1193900001,1208269.1193900001,0.0,severe_bear,5d_10%,0,0.0,1217925.42099,2022 Bear
2022-05-20,1177199.50839,847330.5083900002,329869.0,sideways,5d_10%,3,-0.025714148033250783,1217925.42099,2022 Bear
2022-05-23,1210205.50839,847330.5083900002,362875.0,sideways,5d_10%,3,0.028037728324522337,1217925.42099,2022 Bear
2022-05-24,1226724.93629,961608.9362900002,265116.0,severe_bear,5d_10%,2,0.013650101396395664,1226724.93629,2022 Bear
2022-05-25,1253223.93629,961608.9362900002,291615.0,severe_bear,5d_10%,2,0.02160141953267969,1253223.93629,2022 Bear
2022-05-26,1282432.93629,961608.9362900002,320824.0,severe_bear,5d_10%,2,0.0233070875477126,1282432.93629,2022 Bear
2022-05-27,1295747.1126900003,1117007.1126900003,178740.0,severe_bear,5d_10%,1,0.010381966981070523,1295747.1126900003,2022 Bear
2022-05-30,1290485.1456900002,781982.1456900003,508503.0,sideways,5d_10%,3,-0.004060952132145745,1295747.1126900003,2022 Bear
2022-05-31,1315413.4967900002,1099270.4967900002,216143.0,sideways,5d_10%,1,0.01931703838921095,1315413.4967900002,2022 Bear
2022-06-01,1346038.3911900003,769530.3911900002,576508.0,sideways,5d_10%,2,0.023281572277260354,1346038.3911900003,2022 Bear
2022-06-02,1343303.66767,1081813.66767,261490.0,sideways,5d_10%,1,-0.0020316831510150957,1346038.3911900003,2022 Bear
2022-06-06,1316731.0538700002,1316731.0538700002,0.0,recovery,5d_10%,0,-0.019781538932362897,1346038.3911900003,2022 Bear
2022-06-07,1316731.0538700002,1316731.0538700002,0.0,recovery,5d_10%,0,0.0,1346038.3911900003,2022 Bear
2022-06-08,1316731.0538700002,1316731.0538700002,0.0,recovery,5d_10%,0,0.0,1346038.3911900003,2022 Bear
2022-06-09,1316731.0538700002,1316731.0538700002,0.0,recovery,5d_10%,0,0.0,1346038.3911900003,2022 Bear
2022-06-10,1316731.0538700002,1316731.0538700002,0.0,recovery,5d_10%,0,0.0,1346038.3911900003,2022 Bear
2022-06-13,1316731.0538700002,1316731.0538700002,0.0,recovery,5d_10%,0,0.0,1346038.3911900003,2022 Bear
2022-06-14,1316731.0538700002,1316731.0538700002,0.0,recovery,5d_10%,0,0.0,1346038.3911900003,2022 Bear
2022-06-15,1219909.21667,264721.21667,955188.0,bull,5d_10%,1,-0.0735319767202508,1346038.3911900003,2022 Bear
2022-06-16,1319818.7190699999,53294.71906999998,1266524.0,bull,5d_10%,3,0.08189912907841124,1346038.3911900003,2022 Bear
2022-06-17,1416456.21627,30933.21626999996,1385523.0,bull,5d_10%,3,0.07322028078833043,1416456.21627,2022 Bear
2022-06-20,1531240.21627,30933.21626999996,1500307.0,bull,5d_10%,3,0.08103603816450078,1531240.21627,2022 Bear
2022-06-21,1653952.0539499999,131065.05394999996,1522887.0,bull,5d_10%,2,0.08013885501186602,1653952.0539499999,2022 Bear
2022-06-22,1625292.6573499995,321552.65734999964,1303740.0,bull,5d_10%,3,-0.017327827932832385,1653952.0539499999,2022 Bear
2022-06-23,1616598.6573499995,321552.65734999964,1295046.0,bull,5d_10%,3,-0.0053491904739023655,1653952.0539499999,2022 Bear
2022-06-24,1832840.1563499996,448269.15634999966,1384571.0,bull,5d_10%,2,0.13376325534902578,1832840.1563499996,2022 Bear
2022-06-27,1952210.1563499996,448269.15634999966,1503941.0,bull,5d_10%,2,0.06512842900480686,1952210.1563499996,2022 Bear
2022-06-28,1985276.9338499997,91480.93384999961,1893796.0,bull,5d_10%,5,0.016938123896365953,1985276.9338499997,2022 Bear
2022-06-29,1928050.8957999996,1690978.8957999996,237072.0,bull,5d_10%,2,-0.028825216811955268,1985276.9338499997,2022 Bear
2022-06-30,1795000.8533999994,359896.85339999944,1435104.0,bull,5d_10%,2,-0.06900753641401891,1985276.9338499997,2022 Bear
2022-07-01,1892216.2197999994,73653.21979999944,1818563.0,bull,5d_10%,3,0.05415895274693572,1985276.9338499997,2022 Bear
2022-07-04,2067180.7641999994,14764.764199999438,2052416.0,bull,5d_10%,4,0.0924654077949365,2067180.7641999994,2022 Bear
2022-07-05,2253079.0464799996,38390.04647999941,2214689.0,bull,5d_10%,3,0.08992841143814667,2253079.0464799996,2022 Bear
2022-07-06,2451319.0867799995,8382.086779999405,2442937.0,bull,5d_10%,4,0.08798627842627704,2451319.0867799995,2022 Bear
2022-07-07,2471143.105389999,358553.1053899992,2112590.0,bull,5d_10%,3,0.008087082059985873,2471143.105389999,2022 Bear
2022-07-08,2294504.960689999,159559.96068999916,2134945.0,bull,5d_10%,3,-0.07148033811345089,2471143.105389999,2022 Bear
2022-07-11,2255223.3290999993,2102823.3290999993,152400.0,recovery,5d_10%,1,-0.01711987215673183,2471143.105389999,2022 Bear
2022-07-12,2255907.2810999993,2255907.2810999993,0.0,recovery,5d_10%,0,0.0003032746208213588,2471143.105389999,2022 Bear
2022-07-13,2255907.2810999993,2255907.2810999993,0.0,recovery,5d_10%,0,0.0,2471143.105389999,2022 Bear
2022-07-14,2255907.2810999993,2255907.2810999993,0.0,recovery,5d_10%,0,0.0,2471143.105389999,2022 Bear
2022-07-15,2255907.2810999993,2255907.2810999993,0.0,sideways,5d_10%,0,0.0,2471143.105389999,2022 Bear
2022-07-18,2221463.864599999,1579323.8645999993,642140.0,sideways,5d_10%,2,-0.015268099353447417,2471143.105389999,2022 Bear
2022-07-19,2234360.3625799995,1899525.3625799993,334835.0,sideways,5d_10%,1,0.005805405248994422,2471143.105389999,2022 Bear
2022-07-20,2232355.3625799995,1899525.3625799993,332830.0,recovery,5d_10%,1,-0.0008973485358847455,2471143.105389999,2022 Bear
2022-07-21,2202790.483179999,1329647.483179999,873143.0,sideways,5d_10%,3,-0.013243805128692165,2471143.105389999,2022 Bear
2022-07-22,2216379.764049999,1154554.764049999,1061825.0,sideways,5d_10%,3,0.006169120928097627,2471143.105389999,2022 Bear
2022-07-25,2200623.403729999,1893644.403729999,306979.0,sideways,5d_10%,1,-0.007109052598101795,2471143.105389999,2022 Bear
2022-07-26,2216260.403729999,1893644.403729999,322616.0,sideways,5d_10%,1,0.007105713759789856,2471143.105389999,2022 Bear
2022-07-27,2147171.492529999,1325282.492529999,821889.0,sideways,5d_10%,2,-0.03117364326128924,2471143.105389999,2022 Bear
2022-07-28,2213480.6651299987,1153856.665129999,1059624.0,sideways,5d_10%,2,0.03088210365622346,2471143.105389999,2022 Bear
2022-07-29,2218984.8269299986,1134770.8269299988,1084214.0,bear,5d_10%,2,0.0024866545647810323,2471143.105389999,2022 Bear
2022-08-01,2281995.752989999,1594704.7529899988,687291.0,bear,5d_10%,1,0.028396285227050067,2471143.105389999,2022 Bear
2022-08-02,2350830.752989999,1594704.7529899988,756126.0,bear,5d_10%,1,0.03016438567416646,2471143.105389999,2022 Bear
2022-08-03,2388068.090389999,1697968.090389999,690100.0,bear,5d_10%,2,0.015840075833889022,2471143.105389999,2022 Bear
2022-08-04,2426654.090389999,1697968.090389999,728686.0,bear,5d_10%,2,0.01615783073995125,2471143.105389999,2022 Bear
2022-08-05,2459382.090389999,1697968.090389999,761414.0,bear,5d_10%,2,0.013486883083010826,2471143.105389999,2022 Bear
2022-08-08,2500978.090389999,1697968.090389999,803010.0,bear,5d_10%,2,0.01691319139166536,2500978.090389999,2022 Bear
2022-08-09,2548788.090389999,1697968.090389999,850820.0,bear,5d_10%,2,0.019116520925836822,2548788.090389999,2022 Bear
2022-08-10,2524099.9631899996,1816964.9631899996,707135.0,bear,5d_10%,1,-0.009686221970780617,2548788.090389999,2022 Bear
2022-08-11,2595092.9631899996,1816964.9631899996,778128.0,sideways,5d_10%,1,0.028126065146119705,2595092.9631899996,2022 Bear
2022-08-12,2672793.9631899996,1816964.9631899996,855829.0,sideways,5d_10%,1,0.029941509264657107,2672793.9631899996,2022 Bear
2022-08-15,2704507.6711899997,1271416.6711899997,1433091.0,sideways,5d_10%,2,0.011865376993799304,2704507.6711899997,2022 Bear
2022-08-16,2765214.99479,1788082.9947899997,977132.0,sideways,5d_10%,1,0.022446718952469746,2765214.99479,2022 Bear
2022-08-17,2811443.6239899998,2811443.6239899998,0.0,sideways,5d_10%,0,0.016717914985670213,2811443.6239899998,2022 Bear
2022-08-18,2734149.1487899995,1968445.1487899995,765704.0,sideways,5d_10%,2,-0.027492806379060153,2811443.6239899998,2022 Bear
2022-08-19,2810349.1487899995,1968445.1487899995,841904.0,sideways,5d_10%,2,0.02786973052794961,2811443.6239899998,2022 Bear
2022-08-22,2894751.1487899995,1968445.1487899995,926306.0,sideways,5d_10%,2,0.03003256731866899,2894751.1487899995,2022 Bear
2022-08-23,2987752.1487899995,1968445.1487899995,1019307.0,sideways,5d_10%,2,0.032127459397977676,2987752.1487899995,2022 Bear
2022-08-24,2997645.1487899995,1968445.1487899995,1029200.0,bear,5d_10%,2,0.0033111849669344995,2997645.1487899995,2022 Bear
2022-08-25,2991653.1305899997,2107032.1305899997,884621.0,sideways,5d_10%,3,-0.0019989084439893112,2997645.1487899995,2022 Bear
2022-08-26,3027411.1305899997,2107032.1305899997,920379.0,sideways,5d_10%,3,0.011952588899551975,3027411.1305899997,2022 Bear
2022-08-29,3066555.1470399997,2389153.1470399997,677402.0,sideways,5d_10%,2,0.012929864746309194,3066555.1470399997,2022 Bear
2022-08-30,3062353.1169399996,1672045.1169399996,1390308.0,sideways,5d_10%,3,-0.0013702770367772787,3066555.1470399997,2022 Bear
2022-08-31,3060012.1169399996,1672045.1169399996,1387967.0,sideways,5d_10%,3,-0.0007644448274271021,3066555.1470399997,2022 Bear
2022-09-01,3072125.2153399996,1631153.2153399996,1440972.0,sideways,5d_10%,2,0.00395851321403029,3072125.2153399996,2022 Bear
2022-09-02,3252511.7545399996,1141701.7545399996,2110810.0,bear,5d_10%,3,0.058717183238260695,3252511.7545399996,2022 Bear
2022-09-05,3193614.7545399996,1141701.7545399996,2051913.0,bear,5d_10%,3,-0.018108158999821877,3252511.7545399996,2022 Bear
2022-09-06,3102399.2501799995,2388733.2501799995,713666.0,sideways,5d_10%,1,-0.028561837093947995,3252511.7545399996,2022 Bear
2022-09-07,3047872.5599599993,3047872.5599599993,0.0,sideways,5d_10%,0,-0.017575652204285586,3252511.7545399996,2022 Bear
2022-09-08,3047872.5599599993,3047872.5599599993,0.0,bear,5d_10%,0,0.0,3252511.7545399996,2022 Bear
2022-09-09,3047872.5599599993,3047872.5599599993,0.0,sideways,5d_10%,0,0.0,3252511.7545399996,2022 Bear
2022-09-13,3047872.5599599993,3047872.5599599993,0.0,sideways,5d_10%,0,0.0,3252511.7545399996,2022 Bear
2022-09-14,3047872.5599599993,3047872.5599599993,0.0,sideways,5d_10%,0,0.0,3252511.7545399996,2022 Bear
2022-09-15,3047872.5599599993,3047872.5599599993,0.0,bear,5d_10%,0,0.0,3252511.7545399996,2022 Bear
2022-09-16,3057040.4678599993,2132767.4678599993,924273.0000000001,bear,5d_10%,1,0.003007969565538726,3252511.7545399996,2022 Bear
2022-09-19,3079478.4678599993,2132767.4678599993,946711.0,bear,5d_10%,1,0.007339778532832852,3252511.7545399996,2022 Bear
2022-09-20,3019705.889059999,1492259.8890599993,1527446.0,bear,5d_10%,2,-0.01940996809162221,3252511.7545399996,2022 Bear
2022-09-21,3001319.744599999,1469195.744599999,1532124.0,bear,5d_10%,2,-0.006088720271272385,3252511.7545399996,2022 Bear
2022-09-22,3028651.215299999,1032067.2152999989,1996584.0,bear,5d_10%,3,0.009106484155570138,3252511.7545399996,2022 Bear
2022-09-23,3057905.572499999,1929694.5724999988,1128211.0,bear,5d_10%,2,0.009659203097476032,3252511.7545399996,2022 Bear
2022-09-26,3080483.572499999,1929694.5724999988,1150789.0,bear,5d_10%,2,0.00738348502420938,3252511.7545399996,2022 Bear
2022-09-27,3158499.572499999,1929694.5724999988,1228805.0,bear,5d_10%,2,0.025325893861750215,3252511.7545399996,2022 Bear
2022-09-28,3070325.6841899985,3070325.6841899985,0.0,bear,5d_10%,0,-0.027916384436996844,3252511.7545399996,2022 Bear
2022-09-29,3070325.6841899985,3070325.6841899985,0.0,bear,5d_10%,0,0.0,3252511.7545399996,2022 Bear
2022-09-30,3013527.787289999,2151519.787289999,862008.0,bear,5d_10%,3,-0.018498981131698344,3252511.7545399996,2022 Bear
2022-10-10,3074914.787289999,2151519.787289999,923395.0,bear,5d_10%,3,0.02037047750444132,3252511.7545399996,2022 Bear
2022-10-11,3123450.787289999,2151519.787289999,971931.0,bear,5d_10%,3,0.015784502452107274,3252511.7545399996,2022 Bear
2022-10-12,3202599.787289999,2151519.787289999,1051080.0,bear,5d_10%,3,0.025340242376180377,3252511.7545399996,2022 Bear
2022-10-13,3227739.787289999,2151519.787289999,1076220.0,bear,5d_10%,3,0.007849872500389266,3252511.7545399996,2022 Bear
2022-10-14,3145545.588589999,2263455.588589999,882089.9999999999,bear,5d_10%,1,-0.02546493959136964,3252511.7545399996,2022 Bear
2022-10-17,3233754.588589999,2263455.588589999,970299.0,bear,5d_10%,1,0.028042512027155242,3252511.7545399996,2022 Bear
2022-10-18,3330711.588589999,2263455.588589999,1067256.0,bear,5d_10%,1,0.029982794718592443,3330711.588589999,2022 Bear
2022-10-19,3437388.588589999,2263455.588589999,1173933.0,bear,5d_10%,1,0.03202829100107096,3437388.588589999,2022 Bear
2022-10-20,3554757.588589999,2263455.588589999,1291302.0,bear,5d_10%,1,0.034144815744601154,3554757.588589999,2022 Bear
2022-10-21,3681233.985589999,3681233.985589999,0.0,bear,5d_10%,0,0.03557947169336151,3681233.985589999,2022 Bear
2022-10-24,3681233.985589999,3681233.985589999,0.0,severe_bear,5d_10%,0,0.0,3681233.985589999,2022 Bear
2022-10-25,3681233.985589999,3681233.985589999,0.0,severe_bear,5d_10%,0,0.0,3681233.985589999,2022 Bear
2022-10-26,3681233.985589999,3681233.985589999,0.0,severe_bear,5d_10%,0,0.0,3681233.985589999,2022 Bear
2022-10-27,3681233.985589999,3681233.985589999,0.0,severe_bear,5d_10%,0,0.0,3681233.985589999,2022 Bear
2022-10-28,3681233.985589999,3681233.985589999,0.0,severe_bear,5d_10%,0,0.0,3681233.985589999,2022 Bear
2022-10-31,3681233.985589999,3681233.985589999,0.0,severe_bear,5d_10%,0,0.0,3681233.985589999,2022 Bear
2022-11-01,3681233.985589999,3681233.985589999,0.0,severe_bear,5d_10%,0,0.0,3681233.985589999,2022 Bear
2022-11-02,3579320.3871899988,2577032.3871899988,1002288.0,bear,5d_10%,1,-0.027684629338677103,3681233.985589999,2022 Bear
2022-11-03,3622776.2539099986,3622776.2539099986,0.0,severe_bear,5d_10%,0,0.012140815020506013,3681233.985589999,2022 Bear
2022-11-04,3622776.2539099986,3622776.2539099986,0.0,sideways,5d_10%,0,0.0,3681233.985589999,2022 Bear
2022-11-07,3576918.6129099987,2537797.6129099987,1039121.0,sideways,5d_10%,2,-0.012658148830060001,3681233.985589999,2022 Bear
2022-11-08,3629039.9502099985,3053069.9502099985,575970.0,sideways,5d_10%,1,0.014571574849894686,3681233.985589999,2022 Bear
2022-11-09,3592539.9502099985,3053069.9502099985,539470.0,sideways,5d_10%,1,-0.010057756459222245,3681233.985589999,2022 Bear
2022-11-10,3602029.9502099985,3053069.9502099985,548960.0,sideways,5d_10%,1,0.002641585098989818,3681233.985589999,2022 Bear
2022-11-11,3565336.2082099984,3565336.2082099984,0.0,sideways,5d_10%,0,-0.010186961937354466,3681233.985589999,2022 Bear
2022-11-14,3565336.2082099984,3565336.2082099984,0.0,sideways,5d_10%,0,0.0,3681233.985589999,2022 Bear
2022-11-15,3476179.9804099984,2494539.9804099984,981640.0,sideways,5d_10%,2,-0.025006401246170706,3681233.985589999,2022 Bear
2022-11-16,3453492.2840499985,2100796.2840499985,1352696.0,sideways,5d_10%,2,-0.006526617289051906,3681233.985589999,2022 Bear
2022-11-17,3435740.8641499984,1824820.8641499984,1610920.0,sideways,5d_10%,2,-0.005140135966709813,3681233.985589999,2022 Bear
2022-11-18,3555987.644149998,2566383.644149998,989604.0000000001,sideways,5d_10%,1,0.034998792037754134,3681233.985589999,2022 Bear
2022-11-21,3655114.644149998,2566383.644149998,1088731.0,sideways,5d_10%,1,0.027876081111551487,3681233.985589999,2022 Bear
2022-11-22,3764237.644149998,2566383.644149998,1197854.0,sideways,5d_10%,1,0.029854877513801448,3764237.644149998,2022 Bear
2022-11-23,3774602.315349998,2716244.315349998,1058358.0,sideways,5d_10%,1,0.002753458250997376,3774602.315349998,2022 Bear
2022-11-24,3880304.315349998,2716244.315349998,1164060.0,sideways,5d_10%,1,0.028003479881879567,3880304.315349998,2022 Bear
2022-11-25,3921766.015549998,1900339.0155499978,2021427.0,sideways,5d_10%,2,0.010685167149386388,3921766.015549998,2022 Bear
2022-11-28,3865207.9843499977,1329573.9843499977,2535634.0,sideways,5d_10%,3,-0.014421572061093069,3921766.015549998,2022 Bear
2022-11-29,4080724.9843499977,1329573.9843499977,2751151.0,recovery,5d_10%,3,0.055758189694478544,4080724.9843499977,2022 Bear
2022-11-30,4314163.038349997,2751979.0383499977,1562184.0,recovery,5d_10%,2,0.05720504442109142,4314163.038349997,2022 Bear
2022-12-01,4435844.038349997,2751979.0383499977,1683865.0,recovery,5d_10%,2,0.028205007302305907,4435844.038349997,2022 Bear
2022-12-02,4310975.931149998,3729719.9311499977,581256.0,recovery,5d_10%,1,-0.028149796548403216,4435844.038349997,2022 Bear
2022-12-05,4302922.306349997,4302922.306349997,0.0,recovery,5d_10%,0,-0.0018681674239484636,4435844.038349997,2022 Bear
2022-12-06,4302922.306349997,4302922.306349997,0.0,recovery,5d_10%,0,0.0,4435844.038349997,2022 Bear
2022-12-07,4209810.275149997,858426.2751499973,3351384.0,bull,5d_10%,2,-0.02163925457417415,4435844.038349997,2022 Bear
2022-12-08,4512310.354649997,173752.35464999732,4338558.0,bull,5d_10%,3,0.07185598868567111,4512310.354649997,2022 Bear
2022-12-09,4645237.354649997,173752.35464999732,4471485.0,bull,5d_10%,3,0.029458744978172247,4645237.354649997,2022 Bear
2022-12-12,4609990.832299997,822178.8322999973,3787812.0,bull,5d_10%,2,-0.007587668758135213,4645237.354649997,2022 Bear
2022-12-13,4596729.0117799975,2453249.0117799975,2143480.0,recovery,5d_10%,1,-0.0028767563759737325,4645237.354649997,2022 Bear
2022-12-14,4378908.574179998,4378908.574179998,0.0,bull,5d_10%,0,-0.04738596446338106,4645237.354649997,2022 Bear
2022-12-15,4604015.170179998,873277.1701799976,3730738.0,bull,5d_10%,1,0.051407009803157155,4645237.354649997,2022 Bear
2022-12-16,4441809.170179998,873277.1701799976,3568532.0,bull,5d_10%,1,-0.035231421705688826,4645237.354649997,2022 Bear
2022-12-19,3970742.084379997,834926.0843799971,3135816.0,bull,5d_10%,1,-0.10605297700822014,4645237.354649997,2022 Bear
2022-12-20,4285940.084379997,834926.0843799971,3451013.9999999995,recovery,5d_10%,1,0.07938012424426089,4645237.354649997,2022 Bear
2022-12-21,4427375.084379997,834926.0843799971,3592449.0,recovery,5d_10%,1,0.03299976136284699,4645237.354649997,2022 Bear
2022-12-22,4067726.084379997,834926.0843799971,3232800.0,recovery,5d_10%,1,-0.08123300898287567,4645237.354649997,2022 Bear
2022-12-23,4015519.1930799973,4015519.1930799973,0.0,recovery,5d_10%,0,-0.012834416629102341,4645237.354649997,2022 Bear
2022-12-26,4015519.1930799973,4015519.1930799973,0.0,recovery,5d_10%,0,0.0,4645237.354649997,2022 Bear
2022-12-27,4015519.1930799973,4015519.1930799973,0.0,recovery,5d_10%,0,0.0,4645237.354649997,2022 Bear
2022-12-28,4015519.1930799973,4015519.1930799973,0.0,recovery,5d_10%,0,0.0,4645237.354649997,2022 Bear
2022-12-29,4015519.1930799973,4015519.1930799973,0.0,sideways,5d_10%,0,0.0,4645237.354649997,2022 Bear
2022-12-30,4015519.1930799973,4015519.1930799973,0.0,recovery,5d_10%,0,0.0,4645237.354649997,2022 Bear
2023-01-03,977295.3129,707553.3129,269742.0,sideways,5d_10%,3,0.0,977295.3129,2023 Sideways
2023-01-04,984517.52833,984517.52833,0.0,sideways,5d_10%,0,0.007390003138937562,984517.52833,2023 Sideways
2023-01-05,984517.52833,984517.52833,0.0,recovery,5d_10%,0,0.0,984517.52833,2023 Sideways
2023-01-06,984517.52833,984517.52833,0.0,recovery,5d_10%,0,0.0,984517.52833,2023 Sideways
2023-01-09,984517.52833,984517.52833,0.0,recovery,5d_10%,0,0.0,984517.52833,2023 Sideways
2023-01-10,984517.52833,984517.52833,0.0,recovery,5d_10%,0,0.0,984517.52833,2023 Sideways
2023-01-11,984517.52833,984517.52833,0.0,recovery,5d_10%,0,0.0,984517.52833,2023 Sideways
2023-01-12,984517.52833,984517.52833,0.0,recovery,5d_10%,0,0.0,984517.52833,2023 Sideways
2023-01-13,984517.52833,984517.52833,0.0,bull,5d_10%,0,0.0,984517.52833,2023 Sideways
2023-01-16,984517.52833,984517.52833,0.0,bull,5d_10%,0,0.0,984517.52833,2023 Sideways
2023-01-17,984517.52833,984517.52833,0.0,bull,5d_10%,0,0.0,984517.52833,2023 Sideways
2023-01-18,984517.52833,984517.52833,0.0,bull,5d_10%,0,0.0,984517.52833,2023 Sideways
2023-01-19,984517.52833,984517.52833,0.0,bull,5d_10%,0,0.0,984517.52833,2023 Sideways
2023-01-20,984517.52833,984517.52833,0.0,bull,5d_10%,0,0.0,984517.52833,2023 Sideways
2023-01-30,984517.52833,984517.52833,0.0,bull,5d_10%,0,0.0,984517.52833,2023 Sideways
2023-01-31,937436.40173,198014.40172999998,739422.0,bull,5d_10%,2,-0.04782152195894562,984517.52833,2023 Sideways
2023-02-01,963156.0663899999,571028.0663899999,392128.0,bull,5d_10%,1,0.02743617018982336,984517.52833,2023 Sideways
2023-02-02,1002404.0663899999,571028.0663899999,431376.0,bull,5d_10%,1,0.04074936697134168,1002404.0663899999,2023 Sideways
2023-02-03,1045524.0663899999,571028.0663899999,474496.0,bull,5d_10%,1,0.043016585273132346,1045524.0663899999,2023 Sideways
2023-02-06,1093044.0663899998,571028.0663899999,522016.0,bull,5d_10%,1,0.04545089063714958,1093044.0663899998,2023 Sideways
2023-02-07,1144282.34799,1144282.34799,0.0,bull,5d_10%,0,0.04687668427607394,1144282.34799,2023 Sideways
2023-02-08,1144282.34799,1144282.34799,0.0,recovery,5d_10%,0,0.0,1144282.34799,2023 Sideways
2023-02-09,1144282.34799,1144282.34799,0.0,bull,5d_10%,0,0.0,1144282.34799,2023 Sideways
2023-02-10,1144282.34799,1144282.34799,0.0,recovery,5d_10%,0,0.0,1144282.34799,2023 Sideways
2023-02-13,1144282.34799,1144282.34799,0.0,bull,5d_10%,0,0.0,1144282.34799,2023 Sideways
2023-02-14,1080406.81429,231147.8142899999,849259.0,bull,5d_10%,2,-0.0558214795607056,1144282.34799,2023 Sideways
2023-02-15,1141154.81429,231147.8142899999,910007.0,recovery,5d_10%,2,0.05622696857935061,1144282.34799,2023 Sideways
2023-02-16,1182698.81429,231147.8142899999,951551.0,recovery,5d_10%,2,0.03640522695060233,1182698.81429,2023 Sideways
2023-02-17,1155175.81429,231147.8142899999,924028.0,sideways,5d_10%,2,-0.023271351647141558,1182698.81429,2023 Sideways
2023-02-20,1112792.0346099997,662248.0346099997,450543.99999999994,sideways,5d_10%,1,-0.03669032813507289,1182698.81429,2023 Sideways
2023-02-21,1095939.9314999997,1095939.9314999997,0.0,recovery,5d_10%,0,-0.015143982510538168,1182698.81429,2023 Sideways
2023-02-22,1093596.7970999996,770028.7970999996,323568.0,sideways,5d_10%,1,-0.0021380135285271606,1182698.81429,2023 Sideways
2023-02-23,1097148.7970999996,770028.7970999996,327120.0,sideways,5d_10%,1,0.0032479978081676464,1182698.81429,2023 Sideways
2023-02-24,1078685.8126199995,1078685.8126199995,0.0,sideways,5d_10%,0,-0.01682814995450188,1182698.81429,2023 Sideways
2023-02-27,1078685.8126199995,1078685.8126199995,0.0,sideways,5d_10%,0,0.0,1182698.81429,2023 Sideways
2023-02-28,1048773.2158199996,754729.2158199996,294044.0,sideways,5d_10%,1,-0.0277305925877952,1182698.81429,2023 Sideways
2023-03-01,1061535.1692599996,1061535.1692599996,0.0,sideways,5d_10%,0,0.012168458583319053,1182698.81429,2023 Sideways
2023-03-02,1061535.1692599996,1061535.1692599996,0.0,sideways,5d_10%,0,0.0,1182698.81429,2023 Sideways
2023-03-03,1032256.0175599996,743313.0175599996,288943.0,sideways,5d_10%,1,-0.02758189511555298,1182698.81429,2023 Sideways
2023-03-06,1061122.0175599996,743313.0175599996,317809.0,recovery,5d_10%,1,0.027963992952283467,1182698.81429,2023 Sideways
2023-03-07,1092818.0175599996,743313.0175599996,349505.0,sideways,5d_10%,1,0.02987026889978539,1182698.81429,2023 Sideways
2023-03-08,1127910.0175599996,743313.0175599996,384597.0,sideways,5d_10%,1,0.032111476417960194,1182698.81429,2023 Sideways
2023-03-09,1166398.0175599996,743313.0175599996,423085.0,sideways,5d_10%,1,0.034123289447557825,1182698.81429,2023 Sideways
2023-03-10,1174539.4545599995,845539.4545599995,329000.0,sideways,5d_10%,1,0.006979981856477302,1182698.81429,2023 Sideways
2023-03-13,1207539.4545599995,845539.4545599995,362000.0,sideways,5d_10%,1,0.02809611875691509,1207539.4545599995,2023 Sideways
2023-03-14,1243739.4545599995,845539.4545599995,398200.0,sideways,5d_10%,1,0.02997831653723515,1243739.4545599995,2023 Sideways
2023-03-15,1283539.4545599995,845539.4545599995,438000.0,sideways,5d_10%,1,0.032000271322163876,1283539.4545599995,2023 Sideways
2023-03-16,1327339.4545599995,845539.4545599995,481800.0,sideways,5d_10%,1,0.03412438927716077,1327339.4545599995,2023 Sideways
2023-03-17,1336686.1350599995,963036.1350599995,373650.0,sideways,5d_10%,1,0.007041665542216746,1336686.1350599995,2023 Sideways
2023-03-20,1374051.1350599995,963036.1350599995,411015.0,sideways,5d_10%,1,0.027953458197816028,1374051.1350599995,2023 Sideways
2023-03-21,1415223.1350599995,963036.1350599995,452187.0,sideways,5d_10%,1,0.029963950357787983,1415223.1350599995,2023 Sideways
2023-03-22,1388574.1350599995,963036.1350599995,425538.0,sideways,5d_10%,1,-0.0188302461568155,1415223.1350599995,2023 Sideways
2023-03-23,1404563.2888599995,675088.2888599995,729475.0,sideways,5d_10%,2,0.011514800251777091,1415223.1350599995,2023 Sideways
2023-03-24,1391515.9602599996,1103941.9602599996,287574.0,sideways,5d_10%,1,-0.009289242217479288,1415223.1350599995,2023 Sideways
2023-03-27,1406023.2010599996,772928.2010599996,633095.0,sideways,5d_10%,2,0.010425493644564021,1415223.1350599995,2023 Sideways
2023-03-28,1383217.2010599996,772928.2010599996,610289.0,sideways,5d_10%,2,-0.01622021598420753,1415223.1350599995,2023 Sideways
2023-03-29,1359121.2508799995,1359121.2508799995,0.0,sideways,5d_10%,0,-0.017420221612003295,1415223.1350599995,2023 Sideways
2023-03-30,1359121.2508799995,1359121.2508799995,0.0,sideways,5d_10%,0,0.0,1415223.1350599995,2023 Sideways
2023-03-31,1359709.8002799994,953632.8002799994,406077.0,sideways,5d_10%,2,0.0004330367136993196,1415223.1350599995,2023 Sideways
2023-04-03,1365846.8002799994,953632.8002799994,412214.0,sideways,5d_10%,2,0.004513463092445269,1415223.1350599995,2023 Sideways
2023-04-04,1389438.8002799994,953632.8002799994,435806.0,recovery,5d_10%,2,0.017272801016309902,1415223.1350599995,2023 Sideways
2023-04-06,1395754.8002799994,953632.8002799994,442122.0,recovery,5d_10%,2,0.004545720184816471,1415223.1350599995,2023 Sideways
2023-04-07,1393914.8002799994,953632.8002799994,440282.0,recovery,5d_10%,2,-0.0013182831251097316,1415223.1350599995,2023 Sideways
2023-04-10,1387613.2268799995,1387613.2268799995,0.0,recovery,5d_10%,0,-0.00452077372213433,1415223.1350599995,2023 Sideways
2023-04-11,1387613.2268799995,1387613.2268799995,0.0,recovery,5d_10%,0,0.0,1415223.1350599995,2023 Sideways
2023-04-12,1387613.2268799995,1387613.2268799995,0.0,recovery,5d_10%,0,0.0,1415223.1350599995,2023 Sideways
2023-04-13,1387613.2268799995,1387613.2268799995,0.0,sideways,5d_10%,0,0.0,1415223.1350599995,2023 Sideways
2023-04-14,1387613.2268799995,1387613.2268799995,0.0,recovery,5d_10%,0,0.0,1415223.1350599995,2023 Sideways
2023-04-17,1387613.2268799995,1387613.2268799995,0.0,recovery,5d_10%,0,0.0,1415223.1350599995,2023 Sideways
2023-04-18,1387613.2268799995,1387613.2268799995,0.0,recovery,5d_10%,0,0.0,1415223.1350599995,2023 Sideways
2023-04-19,1387613.2268799995,1387613.2268799995,0.0,recovery,5d_10%,0,0.0,1415223.1350599995,2023 Sideways
2023-04-20,1387613.2268799995,1387613.2268799995,0.0,recovery,5d_10%,0,0.0,1415223.1350599995,2023 Sideways
2023-04-21,1387613.2268799995,1387613.2268799995,0.0,sideways,5d_10%,0,0.0,1415223.1350599995,2023 Sideways
2023-04-24,1387613.2268799995,1387613.2268799995,0.0,sideways,5d_10%,0,0.0,1415223.1350599995,2023 Sideways
2023-04-25,1387613.2268799995,1387613.2268799995,0.0,sideways,5d_10%,0,0.0,1415223.1350599995,2023 Sideways
2023-04-26,1387613.2268799995,1387613.2268799995,0.0,sideways,5d_10%,0,0.0,1415223.1350599995,2023 Sideways
2023-04-27,1434553.2227799995,970915.2227799995,463638.0,sideways,5d_10%,1,0.03382786715397845,1434553.2227799995,2023 Sideways
2023-04-28,1445725.2227799995,970915.2227799995,474810.0,sideways,5d_10%,1,0.007787790527806315,1445725.2227799995,2023 Sideways
2023-05-04,970915.2227799995,970915.2227799995,0.0,sideways,5d_10%,1,-0.32842340475113463,1445725.2227799995,2023 Sideways
2023-05-05,1423381.2227799995,970915.2227799995,452466.00000000006,sideways,5d_10%,1,0.4660200905126035,1445725.2227799995,2023 Sideways
2023-05-08,1401037.2227799995,970915.2227799995,430122.0,sideways,5d_10%,1,-0.015697832486759933,1445725.2227799995,2023 Sideways
2023-05-09,1358678.0363799995,964202.0363799995,394476.0,sideways,5d_10%,1,-0.03023416202743634,1445725.2227799995,2023 Sideways
2023-05-10,1356054.4301799994,1356054.4301799994,0.0,bear,5d_10%,0,-0.0019309991990378306,1445725.2227799995,2023 Sideways
2023-05-11,1345640.6639799995,949552.6639799995,396088.0,sideways,5d_10%,2,-0.007679460328607668,1445725.2227799995,2023 Sideways
2023-05-12,1363716.6639799995,949552.6639799995,414164.0,bear,5d_10%,2,0.013433006659100633,1445725.2227799995,2023 Sideways
2023-05-15,1377366.7736799994,664651.7736799994,712715.0,sideways,5d_10%,3,0.010009491018583061,1445725.2227799995,2023 Sideways
2023-05-16,1353685.7736799994,664651.7736799994,689034.0,sideways,5d_10%,3,-0.01719295140010524,1445725.2227799995,2023 Sideways
2023-05-17,1362178.7462799994,857097.7462799994,505081.0,bear,5d_10%,2,0.006273961627676572,1445725.2227799995,2023 Sideways
2023-05-18,1369707.5746799994,1073469.5746799994,296238.0,bear,5d_10%,1,0.005527048796320377,1445725.2227799995,2023 Sideways
2023-05-19,1368180.5746799994,1073469.5746799994,294711.0,bear,5d_10%,1,-0.001114836501036942,1445725.2227799995,2023 Sideways
2023-05-22,1374763.2680799994,1374763.2680799994,0.0,bear,5d_10%,0,0.0048112752964202254,1445725.2227799995,2023 Sideways
2023-05-23,1398725.1701799994,961844.1701799993,436881.0,bear,5d_10%,1,0.017429838763051375,1445725.2227799995,2023 Sideways
2023-05-24,1353812.1701799994,961844.1701799993,391968.0,bear,5d_10%,1,-0.03210995337577305,1445725.2227799995,2023 Sideways
2023-05-25,1352902.8452499993,1352902.8452499993,0.0,bear,5d_10%,0,-0.0006716773198155446,1445725.2227799995,2023 Sideways
2023-05-26,1352902.8452499993,1352902.8452499993,0.0,sideways,5d_10%,0,0.0,1445725.2227799995,2023 Sideways
2023-05-29,1352902.8452499993,1352902.8452499993,0.0,bear,5d_10%,0,0.0,1445725.2227799995,2023 Sideways
2023-05-30,1352902.8452499993,1352902.8452499993,0.0,bear,5d_10%,0,0.0,1445725.2227799995,2023 Sideways
2023-05-31,1352902.8452499993,1352902.8452499993,0.0,bear,5d_10%,0,0.0,1445725.2227799995,2023 Sideways
2023-06-01,1333181.2844499992,946559.2844499992,386622.0,bear,5d_10%,1,-0.014577218807131587,1445725.2227799995,2023 Sideways
2023-06-02,1352375.2844499992,946559.2844499992,405816.0,bear,5d_10%,1,0.01439714180200058,1445725.2227799995,2023 Sideways
2023-06-05,1371569.2844499992,946559.2844499992,425010.0,bear,5d_10%,1,0.014192805961997568,1445725.2227799995,2023 Sideways
2023-06-06,1393505.2844499992,946559.2844499992,446945.99999999994,bear,5d_10%,1,0.015993359029468524,1445725.2227799995,2023 Sideways
2023-06-07,1415441.2844499992,946559.2844499992,468882.0,bear,5d_10%,1,0.01574159800094188,1445725.2227799995,2023 Sideways
2023-06-08,1439230.8764499992,1439230.8764499992,0.0,bear,5d_10%,0,0.016807190987963905,1445725.2227799995,2023 Sideways
2023-06-09,1439230.8764499992,1439230.8764499992,0.0,sideways,5d_10%,0,0.0,1445725.2227799995,2023 Sideways
2023-06-12,1423263.416249999,1008317.4162499991,414946.0,bear,5d_10%,1,-0.011094439718653981,1445725.2227799995,2023 Sideways
2023-06-13,1416417.810909999,1416417.810909999,0.0,sideways,5d_10%,0,-0.004809795053987043,1445725.2227799995,2023 Sideways
2023-06-14,1377105.664509999,991137.6645099991,385968.00000000006,sideways,5d_10%,1,-0.027754625857707382,1445725.2227799995,2023 Sideways
2023-06-15,1415865.664509999,991137.6645099991,424728.0,sideways,5d_10%,1,0.02814598835724902,1445725.2227799995,2023 Sideways
2023-06-16,1458297.664509999,991137.6645099991,467160.0,sideways,5d_10%,1,0.029968944839611433,1458297.664509999,2023 Sideways
2023-06-19,1505217.664509999,991137.6645099991,514080.0,sideways,5d_10%,1,0.032174501229668806,1505217.664509999,2023 Sideways
2023-06-20,1529697.664509999,991137.6645099991,538560.0,sideways,5d_10%,1,0.01626342859055474,1529697.664509999,2023 Sideways
2023-06-21,1547267.4237099988,1083947.4237099988,463320.0,sideways,5d_10%,1,0.011485772389949966,1547267.4237099988,2023 Sideways
2023-06-26,1541107.4237099988,1083947.4237099988,457160.0,sideways,5d_10%,1,-0.003981212236233711,1547267.4237099988,2023 Sideways
2023-06-27,1549247.4237099988,1083947.4237099988,465299.99999999994,sideways,5d_10%,1,0.005281916026596001,1549247.4237099988,2023 Sideways
2023-06-28,1536707.4237099988,1083947.4237099988,452759.99999999994,sideways,5d_10%,1,-0.008094252608127794,1549247.4237099988,2023 Sideways
2023-06-29,1543307.4237099988,1083947.4237099988,459360.0,sideways,5d_10%,1,0.004294896932342418,1549247.4237099988,2023 Sideways
2023-06-30,1548849.091709999,1548849.091709999,0.0,sideways,5d_10%,0,0.003590773889156962,1549247.4237099988,2023 Sideways
2023-07-03,1548849.091709999,1548849.091709999,0.0,sideways,5d_10%,0,0.0,1549247.4237099988,2023 Sideways
2023-07-04,1548849.091709999,1548849.091709999,0.0,sideways,5d_10%,0,0.0,1549247.4237099988,2023 Sideways
2023-07-05,1548849.091709999,1548849.091709999,0.0,sideways,5d_10%,0,0.0,1549247.4237099988,2023 Sideways
2023-07-06,1548849.091709999,1548849.091709999,0.0,sideways,5d_10%,0,0.0,1549247.4237099988,2023 Sideways
2023-07-07,1548849.091709999,1548849.091709999,0.0,sideways,5d_10%,0,0.0,1549247.4237099988,2023 Sideways
2023-07-10,1548849.091709999,1548849.091709999,0.0,sideways,5d_10%,0,0.0,1549247.4237099988,2023 Sideways
2023-07-11,1548849.091709999,1548849.091709999,0.0,sideways,5d_10%,0,0.0,1549247.4237099988,2023 Sideways
2023-07-12,1548849.091709999,1548849.091709999,0.0,sideways,5d_10%,0,0.0,1549247.4237099988,2023 Sideways
2023-07-13,1548849.091709999,1548849.091709999,0.0,sideways,5d_10%,0,0.0,1549247.4237099988,2023 Sideways
2023-07-14,1506034.4744099989,1083924.4744099989,422110.00000000006,sideways,5d_10%,1,-0.02764285915855802,1549247.4237099988,2023 Sideways
2023-07-17,1548245.4744099989,1083924.4744099989,464321.00000000006,sideways,5d_10%,1,0.028027910859435234,1549247.4237099988,2023 Sideways
2023-07-18,1575870.4744099989,1083924.4744099989,491946.00000000006,sideways,5d_10%,1,0.017842777813077193,1575870.4744099989,2023 Sideways
2023-07-19,1527692.4744099989,1083924.4744099989,443767.99999999994,sideways,5d_10%,1,-0.030572309578956847,1575870.4744099989,2023 Sideways
2023-07-20,1522934.696899999,1066919.696899999,456015.0,sideways,5d_10%,1,-0.003114355532737312,1575870.4744099989,2023 Sideways
2023-07-21,1500024.6022799988,1500024.6022799988,0.0,sideways,5d_10%,0,-0.015043386079938048,1575870.4744099989,2023 Sideways
2023-07-24,1477600.2002799986,1049900.2002799986,427700.0,sideways,5d_10%,1,-0.014949356141169767,1575870.4744099989,2023 Sideways
2023-07-25,1499440.2002799986,1049900.2002799986,449540.00000000006,recovery,5d_10%,1,0.014780723497371806,1575870.4744099989,2023 Sideways
2023-07-26,1522190.2002799986,1049900.2002799986,472290.00000000006,recovery,5d_10%,1,0.015172328977008709,1575870.4744099989,2023 Sideways
2023-07-27,1543120.2002799986,1049900.2002799986,493220.0,recovery,5d_10%,1,0.013749924284199189,1575870.4744099989,2023 Sideways
2023-07-28,1552220.2002799986,1049900.2002799986,502319.99999999994,recovery,5d_10%,1,0.005897142684250234,1575870.4744099989,2023 Sideways
2023-07-31,1557674.5582799986,1557674.5582799986,0.0,recovery,5d_10%,0,0.003513907368952074,1575870.4744099989,2023 Sideways
2023-08-01,1557674.5582799986,1557674.5582799986,0.0,recovery,5d_10%,0,0.0,1575870.4744099989,2023 Sideways
2023-08-02,1557674.5582799986,1557674.5582799986,0.0,recovery,5d_10%,0,0.0,1575870.4744099989,2023 Sideways
2023-08-03,1557674.5582799986,1557674.5582799986,0.0,bull,5d_10%,0,0.0,1575870.4744099989,2023 Sideways
2023-08-04,1557674.5582799986,1557674.5582799986,0.0,bull,5d_10%,0,0.0,1575870.4744099989,2023 Sideways
2023-08-07,1557674.5582799986,1557674.5582799986,0.0,bull,5d_10%,0,0.0,1575870.4744099989,2023 Sideways
2023-08-08,1557674.5582799986,1557674.5582799986,0.0,recovery,5d_10%,0,0.0,1575870.4744099989,2023 Sideways
2023-08-09,1557674.5582799986,1557674.5582799986,0.0,bull,5d_10%,0,0.0,1575870.4744099989,2023 Sideways
2023-08-10,1557674.5582799986,1557674.5582799986,0.0,recovery,5d_10%,0,0.0,1575870.4744099989,2023 Sideways
2023-08-11,1557674.5582799986,1557674.5582799986,0.0,sideways,5d_10%,0,0.0,1575870.4744099989,2023 Sideways
2023-08-14,1534598.0822799986,1090548.0822799986,444050.00000000006,sideways,5d_10%,1,-0.014814696611262224,1575870.4744099989,2023 Sideways
2023-08-15,1514173.9830799988,1072846.9830799988,441327.0,sideways,5d_10%,2,-0.01330908687808019,1575870.4744099989,2023 Sideways
2023-08-16,1527253.8736799988,903447.8736799988,623806.0,sideways,5d_10%,2,0.0086383009787252,1575870.4744099989,2023 Sideways
2023-08-17,1530944.8609999986,1270348.8609999986,260596.0,sideways,5d_10%,1,0.0024167477219136924,1575870.4744099989,2023 Sideways
2023-08-18,1557020.8609999986,1270348.8609999986,286672.0,sideways,5d_10%,1,0.017032618655493215,1575870.4744099989,2023 Sideways
2023-08-21,1585720.8609999986,1270348.8609999986,315372.0,sideways,5d_10%,1,0.018432636786617884,1585720.8609999986,2023 Sideways
2023-08-22,1573202.7409999985,1573202.7409999985,0.0,bear,5d_10%,0,-0.007894277175685138,1585720.8609999986,2023 Sideways
2023-08-23,1573202.7409999985,1573202.7409999985,0.0,bear,5d_10%,0,0.0,1585720.8609999986,2023 Sideways
2023-08-24,1573202.7409999985,1573202.7409999985,0.0,bear,5d_10%,0,0.0,1585720.8609999986,2023 Sideways
2023-08-25,1573202.7409999985,1573202.7409999985,0.0,bear,5d_10%,0,0.0,1585720.8609999986,2023 Sideways
2023-08-28,1567584.2709999986,1100689.2709999986,466895.0,bear,5d_10%,1,-0.0035713578762446296,1585720.8609999986,2023 Sideways
2023-08-29,1614059.2709999986,1100689.2709999986,513370.0,bear,5d_10%,1,0.029647528914252597,1614059.2709999986,2023 Sideways
2023-08-30,1594039.2709999986,1100689.2709999986,493350.0,bear,5d_10%,1,-0.012403509808903479,1614059.2709999986,2023 Sideways
2023-08-31,1548187.3219999985,1548187.3219999985,0.0,bear,5d_10%,0,-0.028764629475681258,1614059.2709999986,2023 Sideways
2023-09-01,1548187.3219999985,1548187.3219999985,0.0,bear,5d_10%,0,0.0,1614059.2709999986,2023 Sideways
2023-09-04,1548187.3219999985,1548187.3219999985,0.0,bear,5d_10%,0,0.0,1614059.2709999986,2023 Sideways
2023-09-05,1548187.3219999985,1548187.3219999985,0.0,bear,5d_10%,0,0.0,1614059.2709999986,2023 Sideways
2023-09-06,1548187.3219999985,1548187.3219999985,0.0,bear,5d_10%,0,0.0,1614059.2709999986,2023 Sideways
2023-09-07,1548187.3219999985,1548187.3219999985,0.0,bear,5d_10%,0,0.0,1614059.2709999986,2023 Sideways
2023-09-08,1548187.3219999985,1548187.3219999985,0.0,bear,5d_10%,0,0.0,1614059.2709999986,2023 Sideways
2023-09-11,1534218.0244999984,1083509.0244999984,450709.0,sideways,5d_10%,2,-0.00902300212738738,1614059.2709999986,2023 Sideways
2023-09-12,1535576.9624999985,1303701.9624999985,231875.0,sideways,5d_10%,1,0.0008857528580026308,1614059.2709999986,2023 Sideways
2023-09-13,1547236.9624999985,1303701.9624999985,243535.0,sideways,5d_10%,1,0.007593237125032681,1614059.2709999986,2023 Sideways
2023-09-14,1543126.8548999985,912341.8548999985,630785.0,sideways,5d_10%,2,-0.002656417665564903,1614059.2709999986,2023 Sideways
2023-09-15,1593352.8548999985,912341.8548999985,681011.0,sideways,5d_10%,2,0.03254819902881856,1614059.2709999986,2023 Sideways
2023-09-18,1638602.3268999986,1193794.3268999986,444808.0,sideways,5d_10%,1,0.02839890226502284,1638602.3268999986,2023 Sideways
2023-09-19,1632680.3268999986,1193794.3268999986,438886.0,sideways,5d_10%,1,-0.0036140556514426825,1638602.3268999986,2023 Sideways
2023-09-20,1588923.3268999986,1193794.3268999986,395129.0,sideways,5d_10%,1,-0.026800714921997204,1638602.3268999986,2023 Sideways
2023-09-21,1627621.0306999986,1627621.0306999986,0.0,sideways,5d_10%,0,0.02435467032603733,1638602.3268999986,2023 Sideways
2023-09-22,1627621.0306999986,1627621.0306999986,0.0,sideways,5d_10%,0,0.0,1638602.3268999986,2023 Sideways
2023-09-25,1627621.0306999986,1627621.0306999986,0.0,sideways,5d_10%,0,0.0,1638602.3268999986,2023 Sideways
2023-09-26,1627621.0306999986,1627621.0306999986,0.0,sideways,5d_10%,0,0.0,1638602.3268999986,2023 Sideways
2023-09-27,1627621.0306999986,1627621.0306999986,0.0,sideways,5d_10%,0,0.0,1638602.3268999986,2023 Sideways
2023-09-28,1627621.0306999986,1627621.0306999986,0.0,sideways,5d_10%,0,0.0,1638602.3268999986,2023 Sideways
2023-10-09,1627621.0306999986,1627621.0306999986,0.0,sideways,5d_10%,0,0.0,1638602.3268999986,2023 Sideways
2023-10-10,1627621.0306999986,1627621.0306999986,0.0,bear,5d_10%,0,0.0,1638602.3268999986,2023 Sideways
2023-10-11,1617668.2234999985,1139443.2234999985,478225.0,bear,5d_10%,2,-0.00611494138516977,1638602.3268999986,2023 Sideways
2023-10-12,1614391.4948599983,1370431.4948599983,243960.0,sideways,5d_10%,1,-0.002025587566349407,1638602.3268999986,2023 Sideways
2023-10-13,1601776.3232599983,1601776.3232599983,0.0,sideways,5d_10%,0,-0.007814196023805287,1638602.3268999986,2023 Sideways
2023-10-16,1601776.3232599983,1601776.3232599983,0.0,bear,5d_10%,0,0.0,1638602.3268999986,2023 Sideways
2023-10-17,1601776.3232599983,1601776.3232599983,0.0,bear,5d_10%,0,0.0,1638602.3268999986,2023 Sideways
2023-10-18,1601776.3232599983,1601776.3232599983,0.0,bear,5d_10%,0,0.0,1638602.3268999986,2023 Sideways
2023-10-19,1601776.3232599983,1601776.3232599983,0.0,bear,5d_10%,0,0.0,1638602.3268999986,2023 Sideways
2023-10-20,1601776.3232599983,1601776.3232599983,0.0,bear,5d_10%,0,0.0,1638602.3268999986,2023 Sideways
2023-10-23,1601776.3232599983,1601776.3232599983,0.0,bear,5d_10%,0,0.0,1638602.3268999986,2023 Sideways
2023-10-24,1601776.3232599983,1601776.3232599983,0.0,bear,5d_10%,0,0.0,1638602.3268999986,2023 Sideways
2023-10-25,1601776.3232599983,1601776.3232599983,0.0,bear,5d_10%,0,0.0,1638602.3268999986,2023 Sideways
2023-10-26,1601776.3232599983,1601776.3232599983,0.0,bear,5d_10%,0,0.0,1638602.3268999986,2023 Sideways
2023-10-27,1557491.6784599982,1120655.6784599982,436836.00000000006,sideways,5d_10%,1,-0.027647209012223506,1638602.3268999986,2023 Sideways
2023-10-30,1570273.7458599983,784116.7458599983,786157.0,bear,5d_10%,2,0.00820682869563627,1638602.3268999986,2023 Sideways
2023-10-31,1604254.7458599983,784116.7458599983,820138.0,bear,5d_10%,2,0.021640175854426902,1638602.3268999986,2023 Sideways
2023-11-01,1558488.4632799982,1558488.4632799982,0.0,bear,5d_10%,0,-0.02852806432276811,1638602.3268999986,2023 Sideways
2023-11-02,1558488.4632799982,1558488.4632799982,0.0,bear,5d_10%,0,0.0,1638602.3268999986,2023 Sideways
2023-11-03,1558488.4632799982,1558488.4632799982,0.0,sideways,5d_10%,0,0.0,1638602.3268999986,2023 Sideways
2023-11-06,1515201.291779998,1090826.291779998,424375.0,sideways,5d_10%,1,-0.027775099091139843,1638602.3268999986,2023 Sideways
2023-11-07,1557881.291779998,1090826.291779998,467055.00000000006,sideways,5d_10%,1,0.028167874612792465,1638602.3268999986,2023 Sideways
2023-11-08,1604441.291779998,1090826.291779998,513615.0,sideways,5d_10%,1,0.029886744417350064,1638602.3268999986,2023 Sideways
2023-11-09,1655851.291779998,1090826.291779998,565025.0,sideways,5d_10%,1,0.03204230672907005,1655851.291779998,2023 Sideways
2023-11-10,1712596.291779998,1090826.291779998,621770.0,sideways,5d_10%,1,0.03426938172630267,1712596.291779998,2023 Sideways
2023-11-13,1688046.904279998,1198736.904279998,489310.0,sideways,5d_10%,1,-0.0143346027419482,1712596.291779998,2023 Sideways
2023-11-14,1712261.904279998,1198736.904279998,513525.00000000006,sideways,5d_10%,1,0.014344980544440666,1712596.291779998,2023 Sideways
2023-11-15,1716428.757079998,838925.757079998,877503.0,sideways,5d_10%,2,0.0024335370597128314,1716428.757079998,2023 Sideways
2023-11-16,1693213.078839998,1179688.078839998,513525.00000000006,sideways,5d_10%,1,-0.013525570545377397,1716428.757079998,2023 Sideways
2023-11-17,1680688.078839998,1179688.078839998,501000.0,sideways,5d_10%,1,-0.007397178864564813,1716428.757079998,2023 Sideways
2023-11-20,1639225.873039998,1179667.873039998,459558.0,sideways,5d_10%,1,-0.024669780384601103,1716428.757079998,2023 Sideways
2023-11-21,1684963.873039998,1179667.873039998,505295.99999999994,sideways,5d_10%,1,0.027902195025251375,1716428.757079998,2023 Sideways
2023-11-22,1745270.310039998,825698.310039998,919572.0,sideways,5d_10%,2,0.03579093769600861,1745270.310039998,2023 Sideways
2023-11-23,1628444.6674399977,812290.6674399978,816154.0,sideways,5d_10%,2,-0.06693842319320897,1745270.310039998,2023 Sideways
2023-11-24,1639642.8112799977,1291457.8112799977,348185.00000000006,sideways,5d_10%,1,0.006876588479732604,1745270.310039998,2023 Sideways
2023-11-27,1674880.8112799977,1291457.8112799977,383423.0,sideways,5d_10%,1,0.021491266120632124,1745270.310039998,2023 Sideways
2023-11-28,1628244.8812799975,904855.8812799976,723389.0,sideways,5d_10%,2,-0.02784432759986033,1745270.310039998,2023 Sideways
2023-11-29,1601171.0039299976,1601171.0039299976,0.0,sideways,5d_10%,0,-0.016627644687398968,1745270.310039998,2023 Sideways
2023-11-30,1601171.0039299976,1601171.0039299976,0.0,sideways,5d_10%,0,0.0,1745270.310039998,2023 Sideways
2023-12-01,1601171.0039299976,1601171.0039299976,0.0,sideways,5d_10%,0,0.0,1745270.310039998,2023 Sideways
2023-12-04,1601171.0039299976,1601171.0039299976,0.0,bear,5d_10%,0,0.0,1745270.310039998,2023 Sideways
2023-12-05,1601171.0039299976,1601171.0039299976,0.0,bear,5d_10%,0,0.0,1745270.310039998,2023 Sideways
2023-12-06,1601171.0039299976,1601171.0039299976,0.0,bear,5d_10%,0,0.0,1745270.310039998,2023 Sideways
2023-12-07,1601171.0039299976,1601171.0039299976,0.0,bear,5d_10%,0,0.0,1745270.310039998,2023 Sideways
2023-12-08,1601171.0039299976,1601171.0039299976,0.0,bear,5d_10%,0,0.0,1745270.310039998,2023 Sideways
2023-12-11,1601171.0039299976,1601171.0039299976,0.0,bear,5d_10%,0,0.0,1745270.310039998,2023 Sideways
2023-12-12,1601171.0039299976,1601171.0039299976,0.0,bear,5d_10%,0,0.0,1745270.310039998,2023 Sideways
2023-12-13,1601171.0039299976,1601171.0039299976,0.0,bear,5d_10%,0,0.0,1745270.310039998,2023 Sideways
2023-12-14,1601171.0039299976,1601171.0039299976,0.0,bear,5d_10%,0,0.0,1745270.310039998,2023 Sideways
2023-12-15,1601171.0039299976,1601171.0039299976,0.0,bear,5d_10%,0,0.0,1745270.310039998,2023 Sideways
2023-12-18,1601171.0039299976,1601171.0039299976,0.0,severe_bear,5d_10%,0,0.0,1745270.310039998,2023 Sideways
2023-12-19,1601171.0039299976,1601171.0039299976,0.0,bear,5d_10%,0,0.0,1745270.310039998,2023 Sideways
2023-12-20,1581121.1489299976,1362511.1489299976,218610.0,severe_bear,5d_10%,1,-0.012521994809291837,1745270.310039998,2023 Sideways
2023-12-21,1602961.1489299976,1362511.1489299976,240449.99999999997,bear,5d_10%,1,0.013812983283905789,1745270.310039998,2023 Sideways
2023-12-22,1627006.1489299976,1362511.1489299976,264495.0,bear,5d_10%,1,0.015000363555941698,1745270.310039998,2023 Sideways
2023-12-25,1601701.1489299976,1362511.1489299976,239190.0,bear,5d_10%,1,-0.015553106555031726,1745270.310039998,2023 Sideways
2023-12-26,1588536.0704299975,1588536.0704299975,0.0,bear,5d_10%,0,-0.00821943501057909,1745270.310039998,2023 Sideways
2023-12-27,1588536.0704299975,1588536.0704299975,0.0,bear,5d_10%,0,0.0,1745270.310039998,2023 Sideways
2023-12-28,1588536.0704299975,1588536.0704299975,0.0,sideways,5d_10%,0,0.0,1745270.310039998,2023 Sideways
2023-12-29,1588536.0704299975,1588536.0704299975,0.0,sideways,5d_10%,0,0.0,1745270.310039998,2023 Sideways
2024-01-02,1000000.0,1000000.0,0.0,sideways,5d_10%,0,0.0,1000000.0,2024-2025
2024-01-03,989007.455,699960.455,289047.0,sideways,5d_10%,1,-0.01099254500000002,1000000.0,2024-2025
2024-01-04,984115.5534999999,984115.5534999999,0.0,sideways,5d_10%,0,-0.004946273635520804,1000000.0,2024-2025
2024-01-05,984115.5534999999,984115.5534999999,0.0,sideways,5d_10%,0,0.0,1000000.0,2024-2025
2024-01-08,984115.5534999999,984115.5534999999,0.0,bear,5d_10%,0,0.0,1000000.0,2024-2025
2024-01-09,984115.5534999999,984115.5534999999,0.0,bear,5d_10%,0,0.0,1000000.0,2024-2025
2024-01-10,984115.5534999999,984115.5534999999,0.0,bear,5d_10%,0,0.0,1000000.0,2024-2025
2024-01-11,984115.5534999999,984115.5534999999,0.0,sideways,5d_10%,0,0.0,1000000.0,2024-2025
2024-01-12,984115.5534999999,984115.5534999999,0.0,sideways,5d_10%,0,0.0,1000000.0,2024-2025
2024-01-15,984115.5534999999,984115.5534999999,0.0,sideways,5d_10%,0,0.0,1000000.0,2024-2025
2024-01-16,984115.5534999999,984115.5534999999,0.0,sideways,5d_10%,0,0.0,1000000.0,2024-2025
2024-01-17,984115.5534999999,984115.5534999999,0.0,severe_bear,5d_10%,0,0.0,1000000.0,2024-2025
2024-01-18,984115.5534999999,984115.5534999999,0.0,sideways,5d_10%,0,0.0,1000000.0,2024-2025
2024-01-19,984115.5534999999,984115.5534999999,0.0,sideways,5d_10%,0,0.0,1000000.0,2024-2025
2024-01-22,984115.5534999999,984115.5534999999,0.0,severe_bear,5d_10%,0,0.0,1000000.0,2024-2025
2024-01-23,984115.5534999999,984115.5534999999,0.0,bear,5d_10%,0,0.0,1000000.0,2024-2025
2024-01-24,983151.7674999998,688511.7674999998,294640.0,sideways,5d_10%,1,-0.0009793423105369792,1000000.0,2024-2025
2024-01-25,976347.9050999999,482195.9050999998,494152.0,sideways,5d_10%,2,-0.0069204599177002946,1000000.0,2024-2025
2024-01-26,971707.1630199999,677589.1630199999,294118.0,sideways,5d_10%,1,-0.004753164374869723,1000000.0,2024-2025
2024-01-29,969184.34142,476696.3414199999,492488.0,bear,5d_10%,3,-0.0025962776606062166,1000000.0,2024-2025
2024-01-30,946907.8344999999,946907.8344999999,0.0,bear,5d_10%,0,-0.02298479862702041,1000000.0,2024-2025
2024-01-31,946907.8344999999,946907.8344999999,0.0,bear,5d_10%,0,0.0,1000000.0,2024-2025
2024-02-01,947192.9139999999,662753.9139999999,284439.0,bear,5d_10%,2,0.00030106361951331984,1000000.0,2024-2025
2024-02-02,931682.8674499999,792048.8674499999,139634.0,severe_bear,5d_10%,1,-0.016374749346995232,1000000.0,2024-2025
2024-02-05,924462.39331,924462.39331,0.0,sideways,5d_10%,0,-0.007749926924987105,1000000.0,2024-2025
2024-02-06,924462.39331,924462.39331,0.0,sideways,5d_10%,0,0.0,1000000.0,2024-2025
2024-02-07,921230.5400099999,648062.5400099999,273168.0,sideways,5d_10%,3,-0.003495927279884903,1000000.0,2024-2025
2024-02-08,951192.5400099999,648062.5400099999,303130.0,recovery,5d_10%,3,0.03252388918812299,1000000.0,2024-2025
2024-02-19,971297.5400099999,648062.5400099999,323235.0,recovery,5d_10%,3,0.021136624977934115,1000000.0,2024-2025
2024-02-20,978983.5400099999,648062.5400099999,330921.0,recovery,5d_10%,3,0.007913126187801156,1000000.0,2024-2025
2024-02-21,985493.5400099999,648062.5400099999,337431.0,recovery,5d_10%,3,0.006649754295086074,1000000.0,2024-2025
2024-02-22,1002200.9414099999,1002200.9414099999,0.0,recovery,5d_10%,0,0.016953334265215503,1002200.9414099999,2024-2025
2024-02-23,1002200.9414099999,1002200.9414099999,0.0,recovery,5d_10%,0,0.0,1002200.9414099999,2024-2025
2024-02-26,1002200.9414099999,1002200.9414099999,0.0,recovery,5d_10%,0,0.0,1002200.9414099999,2024-2025
2024-02-27,1002200.9414099999,1002200.9414099999,0.0,recovery,5d_10%,0,0.0,1002200.9414099999,2024-2025
2024-02-28,1002200.9414099999,1002200.9414099999,0.0,recovery,5d_10%,0,0.0,1002200.9414099999,2024-2025
2024-02-29,1002200.9414099999,1002200.9414099999,0.0,bull,5d_10%,0,0.0,1002200.9414099999,2024-2025
2024-03-01,1002200.9414099999,1002200.9414099999,0.0,bull,5d_10%,0,0.0,1002200.9414099999,2024-2025
2024-03-04,1002200.9414099999,1002200.9414099999,0.0,bull,5d_10%,0,0.0,1002200.9414099999,2024-2025
2024-03-05,1002200.9414099999,1002200.9414099999,0.0,bull,5d_10%,0,0.0,1002200.9414099999,2024-2025
2024-03-06,961072.7054099998,199438.70540999982,761634.0,bull,5d_10%,1,-0.0410379139557947,1002200.9414099999,2024-2025
2024-03-07,959701.7642099998,959701.7642099998,0.0,bull,5d_10%,0,-0.001426469810538622,1002200.9414099999,2024-2025
2024-03-08,904591.1647099998,192090.1647099998,712501.0,bull,5d_10%,1,-0.05742471417187145,1002200.9414099999,2024-2025
2024-03-11,871861.9146599997,183039.91465999966,688822.0,bull,5d_10%,1,-0.03618126212905548,1002200.9414099999,2024-2025
2024-03-12,880097.5483799996,880097.5483799996,0.0,bull,5d_10%,0,0.009446029906251319,1002200.9414099999,2024-2025
2024-03-13,880097.5483799996,880097.5483799996,0.0,bull,5d_10%,0,0.0,1002200.9414099999,2024-2025
2024-03-14,846662.9775799995,175666.97757999948,670996.0,bull,5d_10%,1,-0.03798961928884281,1002200.9414099999,2024-2025
2024-03-15,842804.1652199994,842804.1652199994,0.0,bull,5d_10%,0,-0.004557672252340161,1002200.9414099999,2024-2025
2024-03-18,842804.1652199994,842804.1652199994,0.0,bull,5d_10%,0,0.0,1002200.9414099999,2024-2025
2024-03-19,844005.6656199994,169237.66561999934,674768.0,bull,5d_10%,2,0.001425598554898544,1002200.9414099999,2024-2025
2024-03-20,887357.7506199994,34512.75061999934,852845.0,bull,5d_10%,3,0.05136468481897438,1002200.9414099999,2024-2025
2024-03-21,943243.1701199993,162105.17011999933,781138.0,recovery,5d_10%,2,0.06297958119028402,1002200.9414099999,2024-2025
2024-03-22,965712.1701199993,162105.17011999933,803607.0,recovery,5d_10%,2,0.023821004712010208,1002200.9414099999,2024-2025
2024-03-25,898285.1701199993,162105.17011999933,736180.0,recovery,5d_10%,2,-0.06982101094534365,1002200.9414099999,2024-2025
2024-03-26,859734.1735199993,859734.1735199993,0.0,recovery,5d_10%,0,-0.04291621178033045,1002200.9414099999,2024-2025
2024-03-27,859734.1735199993,859734.1735199993,0.0,recovery,5d_10%,0,0.0,1002200.9414099999,2024-2025
2024-03-28,859734.1735199993,859734.1735199993,0.0,recovery,5d_10%,0,0.0,1002200.9414099999,2024-2025
2024-03-29,859734.1735199993,859734.1735199993,0.0,sideways,5d_10%,0,0.0,1002200.9414099999,2024-2025
2024-04-01,859734.1735199993,859734.1735199993,0.0,recovery,5d_10%,0,0.0,1002200.9414099999,2024-2025
2024-04-02,859734.1735199993,859734.1735199993,0.0,recovery,5d_10%,0,0.0,1002200.9414099999,2024-2025
2024-04-03,859734.1735199993,859734.1735199993,0.0,recovery,5d_10%,0,0.0,1002200.9414099999,2024-2025
2024-04-08,859734.1735199993,859734.1735199993,0.0,recovery,5d_10%,0,0.0,1002200.9414099999,2024-2025
2024-04-09,859734.1735199993,859734.1735199993,0.0,sideways,5d_10%,0,0.0,1002200.9414099999,2024-2025
2024-04-10,859734.1735199993,859734.1735199993,0.0,sideways,5d_10%,0,0.0,1002200.9414099999,2024-2025
2024-04-11,859734.1735199993,859734.1735199993,0.0,sideways,5d_10%,0,0.0,1002200.9414099999,2024-2025
2024-04-12,836136.6127199993,603585.6127199993,232550.99999999997,sideways,5d_10%,1,-0.027447508226158712,1002200.9414099999,2024-2025
2024-04-15,853923.5417599992,592131.5417599992,261792.00000000003,sideways,5d_10%,1,0.02127275467837486,1002200.9414099999,2024-2025
2024-04-16,835541.3685399992,582610.3685399992,252931.00000000003,sideways,5d_10%,1,-0.021526720275345745,1002200.9414099999,2024-2025
2024-04-17,852822.3685399992,582610.3685399992,270212.0,sideways,5d_10%,1,0.0206823990417091,1002200.9414099999,2024-2025
2024-04-18,848109.3685399992,582610.3685399992,265499.0,sideways,5d_10%,1,-0.005526355984386888,1002200.9414099999,2024-2025
2024-04-19,844967.3685399992,582610.3685399992,262357.0,sideways,5d_10%,1,-0.0037047108740336787,1002200.9414099999,2024-2025
2024-04-22,838683.3685399992,582610.3685399992,256072.99999999997,sideways,5d_10%,1,-0.007436973584977635,1002200.9414099999,2024-2025
2024-04-23,819482.7793499993,819482.7793499993,0.0,sideways,5d_10%,0,-0.022893728324939633,1002200.9414099999,2024-2025
2024-04-24,819482.7793499993,819482.7793499993,0.0,sideways,5d_10%,0,0.0,1002200.9414099999,2024-2025
2024-04-25,809491.9777499993,573931.9777499993,235560.0,sideways,5d_10%,2,-0.012191594322365829,1002200.9414099999,2024-2025
2024-04-26,812828.8822299993,690108.8822299993,122720.0,recovery,5d_10%,1,0.004122220567614576,1002200.9414099999,2024-2025
2024-04-29,819068.8822299993,690108.8822299993,128960.0,recovery,5d_10%,1,0.007676892561790494,1002200.9414099999,2024-2025
2024-04-30,825308.8822299993,690108.8822299993,135200.0,recovery,5d_10%,1,0.0076184068707518815,1002200.9414099999,2024-2025
2024-05-06,824268.8822299993,690108.8822299993,134160.0,recovery,5d_10%,1,-0.0012601342629318113,1002200.9414099999,2024-2025
2024-05-07,820393.9462299993,820393.9462299993,0.0,recovery,5d_10%,0,-0.004701058214786169,1002200.9414099999,2024-2025
2024-05-08,820393.9462299993,820393.9462299993,0.0,recovery,5d_10%,0,0.0,1002200.9414099999,2024-2025
2024-05-09,789357.7130299993,163977.71302999923,625380.0,bull,5d_10%,2,-0.03783089007741036,1002200.9414099999,2024-2025
2024-05-10,804014.1609299993,94594.16092999926,709420.0,bull,5d_10%,2,0.01856756152257044,1002200.9414099999,2024-2025
2024-05-13,768494.4803899992,405134.4803899992,363360.0,bull,5d_10%,1,-0.04417792902915374,1002200.9414099999,2024-2025
2024-05-14,765497.9564499991,765497.9564499991,0.0,bull,5d_10%,0,-0.003899213353464104,1002200.9414099999,2024-2025
2024-05-15,765497.9564499991,765497.9564499991,0.0,bull,5d_10%,0,0.0,1002200.9414099999,2024-2025
2024-05-16,765497.9564499991,765497.9564499991,0.0,recovery,5d_10%,0,0.0,1002200.9414099999,2024-2025
2024-05-17,709039.8712499992,153098.8712499991,555941.0,bull,5d_10%,2,-0.07375341073648933,1002200.9414099999,2024-2025
2024-05-20,748895.589639999,442982.58963999903,305913.0,bull,5d_10%,1,0.05621082820030465,1002200.9414099999,2024-2025
2024-05-21,768908.589639999,442982.58963999903,325926.0,recovery,5d_10%,1,0.02672335139484594,1002200.9414099999,2024-2025
2024-05-22,777173.952839999,88185.952839999,688988.0,bull,5d_10%,3,0.010749474399641912,1002200.9414099999,2024-2025
2024-05-23,794046.439339999,17699.439339998993,776347.0,bull,5d_10%,4,0.021710051447740186,1002200.9414099999,2024-2025
2024-05-24,769045.3282199989,501555.3282199989,267490.0,recovery,5d_10%,2,-0.03148570396056527,1002200.9414099999,2024-2025
2024-05-27,745833.3282199989,501555.3282199989,244278.0,recovery,5d_10%,2,-0.03018287628601235,1002200.9414099999,2024-2025
2024-05-28,736294.0865299989,736294.0865299989,0.0,recovery,5d_10%,0,-0.01279004481170909,1002200.9414099999,2024-2025
2024-05-29,736294.0865299989,736294.0865299989,0.0,recovery,5d_10%,0,0.0,1002200.9414099999,2024-2025
2024-05-30,750308.0426299989,515204.0426299989,235104.0,sideways,5d_10%,2,0.019033096090781854,1002200.9414099999,2024-2025
2024-05-31,743687.0426299989,515204.0426299989,228483.0,sideways,5d_10%,2,-0.008824375621500624,1002200.9414099999,2024-2025
2024-06-03,731258.1034999989,619898.1034999989,111359.99999999999,sideways,5d_10%,1,-0.01671259335922526,1002200.9414099999,2024-2025
2024-06-04,724589.3194999989,724589.3194999989,0.0,sideways,5d_10%,0,-0.009119603554588185,1002200.9414099999,2024-2025
2024-06-05,724589.3194999989,724589.3194999989,0.0,sideways,5d_10%,0,0.0,1002200.9414099999,2024-2025
2024-06-06,708749.8594999989,510110.8594999989,198639.0,sideways,5d_10%,1,-0.02185991371074869,1002200.9414099999,2024-2025
2024-06-07,729720.0608999989,356990.0608999989,372730.0,sideways,5d_10%,2,0.02958759161489488,1002200.9414099999,2024-2025
2024-06-11,754090.1077999988,249964.10779999886,504126.0,sideways,5d_10%,3,0.03339643269494763,1002200.9414099999,2024-2025
2024-06-12,745628.1077999988,249964.10779999886,495664.0,sideways,5d_10%,3,-0.011221470633910435,1002200.9414099999,2024-2025
2024-06-13,723410.1077999988,249964.10779999886,473446.0,sideways,5d_10%,3,-0.029797696422087627,1002200.9414099999,2024-2025
2024-06-14,723544.1583999988,317013.1583999988,406531.0,sideways,5d_10%,3,0.00018530374203318267,1002200.9414099999,2024-2025
2024-06-17,712198.0523999988,330519.05239999876,381679.0,sideways,5d_10%,3,-0.015681290310034623,1002200.9414099999,2024-2025
2024-06-18,704692.7778199987,396787.7778199987,307905.0,sideways,5d_10%,3,-0.010538184644999338,1002200.9414099999,2024-2025
2024-06-19,711881.7778199987,396787.7778199987,315094.0,sideways,5d_10%,3,0.010201608738263923,1002200.9414099999,2024-2025
2024-06-20,719679.6418199986,531065.6418199986,188614.0,sideways,5d_10%,2,0.010953874987332135,1002200.9414099999,2024-2025
2024-06-21,729135.6418199986,531065.6418199986,198070.0,sideways,5d_10%,2,0.013139179505045728,1002200.9414099999,2024-2025
2024-06-24,728787.6418199986,531065.6418199986,197722.0,bear,5d_10%,2,-0.0004772774502304067,1002200.9414099999,2024-2025
2024-06-25,728724.6834199985,510017.6834199985,218707.0,bear,5d_10%,2,-8.63878534532736e-05,1002200.9414099999,2024-2025
2024-06-26,732593.1566199985,613457.1566199985,119136.0,bear,5d_10%,1,0.005308552445135728,1002200.9414099999,2024-2025
2024-06-27,735258.9280199985,429195.9280199985,306063.0,bear,5d_10%,2,0.0036388155907696174,1002200.9414099999,2024-2025
2024-06-28,718410.6050199985,300318.6050199985,418092.0,bear,5d_10%,3,-0.0229148159348046,1002200.9414099999,2024-2025
2024-07-01,724317.6050199985,300318.6050199985,423999.0,sideways,5d_10%,3,0.008222317374944055,1002200.9414099999,2024-2025
2024-07-02,729778.2757999984,425186.27579999843,304592.0,bear,5d_10%,3,0.00753905571555058,1002200.9414099999,2024-2025
2024-07-03,741111.2757999984,425186.27579999843,315925.0,bear,5d_10%,3,0.015529374298757448,1002200.9414099999,2024-2025
2024-07-04,729547.9324399985,633445.9324399985,96101.99999999999,bear,5d_10%,1,-0.015602708712693425,1002200.9414099999,2024-2025
2024-07-05,727018.9324399985,633445.9324399985,93573.00000000001,bear,5d_10%,1,-0.003466530282036029,1002200.9414099999,2024-2025
2024-07-08,719782.0471999985,719782.0471999985,0.0,bear,5d_10%,0,-0.009954190898044057,1002200.9414099999,2024-2025
2024-07-09,719782.0471999985,719782.0471999985,0.0,sideways,5d_10%,0,0.0,1002200.9414099999,2024-2025
2024-07-10,708916.3329999985,503567.33299999847,205349.0,bear,5d_10%,1,-0.015095839417318624,1002200.9414099999,2024-2025
2024-07-11,705719.0245999985,353905.0245999985,351814.0,sideways,5d_10%,2,-0.004510135048616526,1002200.9414099999,2024-2025
2024-07-12,729892.0245999985,353905.0245999985,375987.0,sideways,5d_10%,2,0.03425300885674898,1002200.9414099999,2024-2025
2024-07-15,750273.0516999986,247634.0516999985,502639.0,sideways,5d_10%,3,0.027923345389572418,1002200.9414099999,2024-2025
2024-07-16,774713.0516999986,247634.0516999985,527079.0,sideways,5d_10%,3,0.03257480719135897,1002200.9414099999,2024-2025
2024-07-17,761567.7932999984,356590.79329999845,404977.0,sideways,5d_10%,3,-0.0169679062088276,1002200.9414099999,2024-2025
2024-07-18,751854.6655899985,598974.6655899985,152880.0,sideways,5d_10%,1,-0.012754120900926424,1002200.9414099999,2024-2025
2024-07-19,760086.6655899985,598974.6655899985,161112.0,sideways,5d_10%,1,0.010948924541873017,1002200.9414099999,2024-2025
2024-07-22,759667.2063899984,419157.20638999844,340510.0,sideways,5d_10%,2,-0.0005518570697125025,1002200.9414099999,2024-2025
2024-07-23,767030.9177499984,589454.9177499984,177576.0,sideways,5d_10%,1,0.009693338475136981,1002200.9414099999,2024-2025
2024-07-24,776102.3465499984,776102.3465499984,0.0,sideways,5d_10%,0,0.011826679459818967,1002200.9414099999,2024-2025
2024-07-25,765159.7715499983,543049.7715499983,222110.0,sideways,5d_10%,1,-0.014099396875480452,1002200.9414099999,2024-2025
2024-07-26,763764.2690499983,763764.2690499983,0.0,sideways,5d_10%,0,-0.0018238053696592038,1002200.9414099999,2024-2025
2024-07-29,753863.2668499983,535774.2668499983,218089.0,sideways,5d_10%,3,-0.012963426807482414,1002200.9414099999,2024-2025
2024-07-30,775230.2668499983,535774.2668499983,239456.0,sideways,5d_10%,3,0.02834333617193141,1002200.9414099999,2024-2025
2024-07-31,774207.0918099983,607298.0918099983,166909.0,sideways,5d_10%,2,-0.0013198337110307268,1002200.9414099999,2024-2025
2024-08-01,782890.0918099983,607298.0918099983,175592.0,sideways,5d_10%,2,0.011215345470034777,1002200.9414099999,2024-2025
2024-08-02,790856.4437099983,679472.4437099983,111384.0,sideways,5d_10%,1,0.010175568682421643,1002200.9414099999,2024-2025
2024-08-05,801787.8789099982,801787.8789099982,0.0,sideways,5d_10%,0,0.013822274936168277,1002200.9414099999,2024-2025
2024-08-06,801787.8789099982,801787.8789099982,0.0,sideways,5d_10%,0,0.0,1002200.9414099999,2024-2025
2024-08-07,779629.4811099982,561169.4811099982,218460.0,sideways,5d_10%,1,-0.02763623444909591,1002200.9414099999,2024-2025
2024-08-08,789049.2578499982,789049.2578499982,0.0,bear,5d_10%,0,0.012082376267491313,1002200.9414099999,2024-2025
2024-08-09,789049.2578499982,789049.2578499982,0.0,bear,5d_10%,0,0.0,1002200.9414099999,2024-2025
2024-08-12,789049.2578499982,789049.2578499982,0.0,bear,5d_10%,0,0.0,1002200.9414099999,2024-2025
2024-08-13,789049.2578499982,789049.2578499982,0.0,bear,5d_10%,0,0.0,1002200.9414099999,2024-2025
2024-08-14,789049.2578499982,789049.2578499982,0.0,bear,5d_10%,0,0.0,1002200.9414099999,2024-2025
2024-08-15,789049.2578499982,789049.2578499982,0.0,bear,5d_10%,0,0.0,1002200.9414099999,2024-2025
2024-08-16,789049.2578499982,789049.2578499982,0.0,bear,5d_10%,0,0.0,1002200.9414099999,2024-2025
2024-08-19,772540.9232499981,553100.9232499981,219440.0,bear,5d_10%,2,-0.020921804862958693,1002200.9414099999,2024-2025
2024-08-20,794272.9232499981,553100.9232499981,241172.0,bear,5d_10%,2,0.028130548616862594,1002200.9414099999,2024-2025
2024-08-21,799412.9232499981,553100.9232499981,246312.0,sideways,5d_10%,2,0.006471327234684354,1002200.9414099999,2024-2025
2024-08-22,805455.5535499981,387216.5535499981,418239.0,sideways,5d_10%,3,0.007558834895280198,1002200.9414099999,2024-2025
2024-08-23,810384.6815299981,349700.6815299981,460684.0,sideways,5d_10%,3,0.006119677191714912,1002200.9414099999,2024-2025
2024-08-26,829758.7203299981,365733.7203299981,464025.0,sideways,5d_10%,3,0.023907212514705956,1002200.9414099999,2024-2025
2024-08-27,842711.0037899981,355196.0037899981,487515.0,sideways,5d_10%,3,0.015609698509524428,1002200.9414099999,2024-2025
2024-08-28,875300.0037899981,355196.0037899981,520104.0,bear,5d_10%,3,0.038671620346043545,1002200.9414099999,2024-2025
2024-08-29,898727.4639899981,556244.4639899981,342483.0,bear,5d_10%,2,0.026765063519433863,1002200.9414099999,2024-2025
2024-08-30,916298.9879899981,389507.9879899981,526791.0,sideways,5d_10%,3,0.01955156007138048,1002200.9414099999,2024-2025
2024-09-02,954880.9327899981,428236.9327899981,526644.0,sideways,5d_10%,3,0.04210628332639965,1002200.9414099999,2024-2025
2024-09-03,989994.1693899981,612218.1693899981,377776.0,sideways,5d_10%,2,0.03677237171068559,1002200.9414099999,2024-2025
2024-09-04,1001586.1693899981,612218.1693899981,389368.0,sideways,5d_10%,2,0.011709159870247232,1002200.9414099999,2024-2025
2024-09-05,1015632.4201899981,770127.4201899981,245505.00000000003,sideways,5d_10%,1,0.014024006350401796,1015632.4201899981,2024-2025
2024-09-06,1040202.4201899981,770127.4201899981,270075.0,bear,5d_10%,1,0.024191823253735478,1040202.4201899981,2024-2025
2024-09-09,1012789.840189998,1012789.840189998,0.0,bear,5d_10%,0,-0.02635312076566121,1040202.4201899981,2024-2025
2024-09-10,1012789.840189998,1012789.840189998,0.0,bear,5d_10%,0,0.0,1040202.4201899981,2024-2025
2024-09-11,984795.160189998,708795.160189998,276000.0,bear,5d_10%,1,-0.02764115405694456,1040202.4201899981,2024-2025
2024-09-12,992960.153289998,496206.15328999795,496754.0,bear,5d_10%,2,0.00829105729807278,1040202.4201899981,2024-2025
2024-09-13,996419.997289998,784106.997289998,212313.0,bear,5d_10%,1,0.003484373455003631,1040202.4201899981,2024-2025
2024-09-18,985441.292059998,985441.292059998,0.0,bear,5d_10%,0,-0.011018150237710134,1040202.4201899981,2024-2025
2024-09-19,985441.292059998,985441.292059998,0.0,bear,5d_10%,0,0.0,1040202.4201899981,2024-2025
2024-09-20,985441.292059998,985441.292059998,0.0,bear,5d_10%,0,0.0,1040202.4201899981,2024-2025
2024-09-23,974437.945459998,690175.945459998,284262.0,bear,5d_10%,1,-0.011165907790405605,1040202.4201899981,2024-2025
2024-09-24,977977.945459998,690175.945459998,287802.0,recovery,5d_10%,1,0.003632863453740809,1040202.4201899981,2024-2025
2024-09-25,969809.5972399979,969809.5972399979,0.0,recovery,5d_10%,0,-0.008352282643917963,1040202.4201899981,2024-2025
2024-09-26,969809.5972399979,969809.5972399979,0.0,recovery,5d_10%,0,0.0,1040202.4201899981,2024-2025
2024-09-27,969809.5972399979,969809.5972399979,0.0,recovery,5d_10%,0,0.0,1040202.4201899981,2024-2025
2024-09-30,969809.5972399979,969809.5972399979,0.0,recovery,5d_10%,0,0.0,1040202.4201899981,2024-2025
2024-10-08,969809.5972399979,969809.5972399979,0.0,recovery,5d_10%,0,0.0,1040202.4201899981,2024-2025
2024-10-09,868974.4921399979,194876.4921399979,674098.0,bull,5d_10%,2,-0.10397412583559584,1040202.4201899981,2024-2025
2024-10-10,892159.9894699977,184942.9894699977,707217.0,bull,5d_10%,1,0.026681447545026993,1040202.4201899981,2024-2025
2024-10-11,927817.9894699977,184942.9894699977,742875.0,bull,5d_10%,1,0.03996816761664368,1040202.4201899981,2024-2025
2024-10-14,965456.9894699977,184942.9894699977,780514.0,bull,5d_10%,1,0.04056722377359878,1040202.4201899981,2024-2025
2024-10-15,997492.7974699975,36910.79746999769,960581.9999999999,bull,5d_10%,2,0.03318201468258719,1040202.4201899981,2024-2025
2024-10-16,1016770.7974699977,36910.79746999769,979860.0,bull,5d_10%,2,0.019326455337718818,1040202.4201899981,2024-2025
2024-10-17,981139.0432699977,825907.0432699977,155232.0,bull,5d_10%,1,-0.03504403774052267,1040202.4201899981,2024-2025
2024-10-18,988531.0432699977,825907.0432699977,162624.0,bull,5d_10%,1,0.007534100340522043,1040202.4201899981,2024-2025
2024-10-21,935958.6142699977,164718.6142699977,771240.0,bull,5d_10%,2,-0.053182375361823464,1040202.4201899981,2024-2025
2024-10-22,984488.2110699976,69648.21106999766,914840.0,bull,5d_10%,3,0.05185015241069246,1040202.4201899981,2024-2025
2024-10-23,1055523.1468099977,40212.14680999766,1015311.0,bull,5d_10%,4,0.07215417608992514,1055523.1468099977,2024-2025
2024-10-24,1134971.3019599975,190549.30195999763,944422.0,bull,5d_10%,2,0.07526898428528828,1134971.3019599975,2024-2025
2024-10-25,1222414.3019599975,190549.30195999763,1031865.0,bull,5d_10%,2,0.07704423878294842,1222414.3019599975,2024-2025
2024-10-28,1230816.5005599975,231834.5005599975,998982.0,bull,5d_10%,5,0.006873445922980448,1230816.5005599975,2024-2025
2024-10-29,1307578.0233599974,79524.02335999743,1228054.0,bull,5d_10%,5,0.062366341989301244,1307578.0233599974,2024-2025
2024-10-30,1414816.0233599974,79524.02335999743,1335292.0,recovery,5d_10%,5,0.08201269682128598,1414816.0233599974,2024-2025
2024-10-31,1513461.0233599974,79524.02335999743,1433937.0,recovery,5d_10%,5,0.06972284620139613,1513461.0233599974,2024-2025
2024-11-01,1588335.0233599974,79524.02335999743,1508811.0,recovery,5d_10%,5,0.04947203716800974,1588335.0233599974,2024-2025
2024-11-04,1465362.8600199972,789842.8600199972,675520.0,sideways,5d_10%,2,-0.07742205613514852,1588335.0233599974,2024-2025
2024-11-05,1481241.4595199972,823002.4595199972,658239.0,sideways,5d_10%,2,0.010835950557518181,1588335.0233599974,2024-2025
2024-11-06,1529088.9471699973,1157544.9471699973,371544.0,recovery,5d_10%,1,0.032302287613192426,1588335.0233599974,2024-2025
2024-11-07,1508563.1582699972,231890.15826999725,1276673.0,bull,5d_10%,5,-0.01342354147414948,1588335.0233599974,2024-2025
2024-11-08,1570337.3933799975,889490.3933799973,680847.0,bull,5d_10%,2,0.04094905458306575,1588335.0233599974,2024-2025
2024-11-11,1596158.5559799974,1341917.5559799974,254241.0,bull,5d_10%,1,0.016443066763138336,1596158.5559799974,2024-2025
2024-11-12,1517674.717079997,267569.7170799972,1250105.0,bull,5d_10%,4,-0.049170452776111206,1596158.5559799974,2024-2025
2024-11-13,1512713.317449997,1285040.317449997,227673.0,bull,5d_10%,1,-0.0032690797139626193,1596158.5559799974,2024-2025
2024-11-14,1504089.6177099969,1504089.6177099969,0.0,bull,5d_10%,0,-0.005700815640690693,1596158.5559799974,2024-2025
2024-11-15,1504089.6177099969,1504089.6177099969,0.0,recovery,5d_10%,0,0.0,1596158.5559799974,2024-2025
2024-11-18,1504089.6177099969,1504089.6177099969,0.0,recovery,5d_10%,0,0.0,1596158.5559799974,2024-2025
2024-11-19,1504089.6177099969,1504089.6177099969,0.0,recovery,5d_10%,0,0.0,1596158.5559799974,2024-2025
2024-11-20,1504089.6177099969,1504089.6177099969,0.0,recovery,5d_10%,0,0.0,1596158.5559799974,2024-2025
2024-11-21,1504089.6177099969,1504089.6177099969,0.0,recovery,5d_10%,0,0.0,1596158.5559799974,2024-2025
2024-11-22,1482623.3073099968,1052495.3073099968,430128.0,sideways,5d_10%,1,-0.01427196235333561,1596158.5559799974,2024-2025
2024-11-25,1474603.8665099968,738671.8665099968,735932.0,sideways,5d_10%,3,-0.005408953683960438,1596158.5559799974,2024-2025
2024-11-26,1517218.577349997,888118.5773499969,629100.0,sideways,5d_10%,2,0.028899090669589844,1596158.5559799974,2024-2025
2024-11-27,1532825.125149997,1035881.125149997,496944.0,recovery,5d_10%,1,0.010286288365423779,1596158.5559799974,2024-2025
2024-11-28,1557881.125149997,1035881.125149997,522000.0,sideways,5d_10%,1,0.01634628738066124,1596158.5559799974,2024-2025
2024-11-29,1568057.480349997,1568057.480349997,0.0,recovery,5d_10%,0,0.006532176965055925,1596158.5559799974,2024-2025
2024-12-02,1568057.480349997,1568057.480349997,0.0,recovery,5d_10%,0,0.0,1596158.5559799974,2024-2025
2024-12-03,1537927.720249997,1099171.720249997,438756.0,sideways,5d_10%,2,-0.01921470384700119,1596158.5559799974,2024-2025
2024-12-04,1527246.879579997,1080142.879579997,447104.0,sideways,5d_10%,2,-0.006944956209166908,1596158.5559799974,2024-2025
2024-12-05,1572095.879579997,1080142.879579997,491953.0,sideways,5d_10%,2,0.029365913657871667,1596158.5559799974,2024-2025
2024-12-06,1562075.9921499968,1299323.9921499968,262752.0,sideways,5d_10%,1,-0.006373585453755548,1596158.5559799974,2024-2025
2024-12-09,1564490.9921499968,1299323.9921499968,265167.0,sideways,5d_10%,1,0.0015460195356284956,1596158.5559799974,2024-2025
2024-12-10,1510609.8462499967,909474.8462499968,601135.0,sideways,5d_10%,2,-0.034440048661420586,1596158.5559799974,2024-2025
2024-12-11,1463479.8327199968,1053569.8327199968,409909.99999999994,sideways,5d_10%,1,-0.031199328964389705,1596158.5559799974,2024-2025
2024-12-12,1504699.8327199968,1053569.8327199968,451130.0,sideways,5d_10%,1,0.028165745149620003,1596158.5559799974,2024-2025
2024-12-13,1520935.4799199968,737503.4799199968,783432.0,sideways,5d_10%,2,0.010789957469890421,1596158.5559799974,2024-2025
2024-12-16,1550392.1799199968,516216.17991999676,1034176.0,sideways,5d_10%,3,0.019367488226094576,1596158.5559799974,2024-2025
2024-12-17,1474419.698159997,1025121.6981599968,449298.0,sideways,5d_10%,1,-0.04900210588260334,1596158.5559799974,2024-2025
2024-12-18,1452923.765859997,1452923.765859997,0.0,sideways,5d_10%,0,-0.014579249264524807,1596158.5559799974,2024-2025
2024-12-19,1456792.075759997,1017982.0757599969,438810.0,sideways,5d_10%,2,0.0026624314302619023,1596158.5559799974,2024-2025
2024-12-20,1441156.207679997,1223427.207679997,217729.0,recovery,5d_10%,1,-0.010733081501588249,1596158.5559799974,2024-2025
2024-12-23,1429897.4410899968,1429897.4410899968,0.0,recovery,5d_10%,0,-0.007812315229953293,1596158.5559799974,2024-2025
2024-12-24,1429897.4410899968,1429897.4410899968,0.0,bull,5d_10%,0,0.0,1596158.5559799974,2024-2025
2024-12-25,1429897.4410899968,1429897.4410899968,0.0,recovery,5d_10%,0,0.0,1596158.5559799974,2024-2025
2024-12-26,1429897.4410899968,1429897.4410899968,0.0,recovery,5d_10%,0,0.0,1596158.5559799974,2024-2025
2024-12-27,1429897.4410899968,1429897.4410899968,0.0,recovery,5d_10%,0,0.0,1596158.5559799974,2024-2025
2024-12-30,1429897.4410899968,1429897.4410899968,0.0,recovery,5d_10%,0,0.0,1596158.5559799974,2024-2025
2024-12-31,1410412.2818899967,1000756.2818899967,409656.0,sideways,5d_10%,1,-0.013626962773740425,1596158.5559799974,2024-2025
2025-01-02,1385944.6370499968,984655.6370499968,401289.0,sideways,5d_10%,1,-0.017347867112453508,1596158.5559799974,2024-2025
2025-01-03,1366005.4400099968,969715.4400099968,396290.0,sideways,5d_10%,2,-0.014386719719512664,1596158.5559799974,2024-2025
2025-01-06,1373555.8694599967,1166205.8694599967,207350.0,sideways,5d_10%,1,0.005527378756225554,1596158.5559799974,2024-2025
2025-01-07,1394455.8694599967,1166205.8694599967,228250.00000000003,sideways,5d_10%,1,0.015215980991160283,1596158.5559799974,2024-2025
2025-01-08,1417555.8694599967,1166205.8694599967,251350.00000000003,sideways,5d_10%,1,0.01656560132587459,1596158.5559799974,2024-2025
2025-01-09,1442855.8694599967,1166205.8694599967,276650.0,sideways,5d_10%,1,0.01784762106740656,1596158.5559799974,2024-2025
2025-01-10,1469808.3994599967,1469808.3994599967,0.0,sideways,5d_10%,0,0.018679987773198237,1596158.5559799974,2024-2025
2025-01-13,1469808.3994599967,1469808.3994599967,0.0,sideways,5d_10%,0,0.0,1596158.5559799974,2024-2025
2025-01-14,1437459.9074599966,1030397.9074599968,407062.0,sideways,5d_10%,2,-0.022008645488680534,1596158.5559799974,2024-2025
2025-01-15,1446545.491059997,1446545.491059997,0.0,sideways,5d_10%,0,0.006320582266572172,1596158.5559799974,2024-2025
2025-01-16,1406593.658659997,1013034.6586599969,393559.0,sideways,5d_10%,1,-0.027618787412433288,1596158.5559799974,2024-2025
2025-01-17,1423594.9175799969,1423594.9175799969,0.0,sideways,5d_10%,0,0.012086830347433963,1596158.5559799974,2024-2025
2025-01-20,1423594.9175799969,1423594.9175799969,0.0,sideways,5d_10%,0,0.0,1596158.5559799974,2024-2025
2025-01-21,1384165.4779799967,996548.4779799968,387617.0,sideways,5d_10%,2,-0.02769709213842042,1596158.5559799974,2024-2025
2025-01-22,1400986.5766599968,1400986.5766599968,0.0,sideways,5d_10%,0,0.012152520018450463,1596158.5559799974,2024-2025
2025-01-23,1400986.5766599968,1400986.5766599968,0.0,sideways,5d_10%,0,0.0,1596158.5559799974,2024-2025
2025-01-24,1400986.5766599968,1400986.5766599968,0.0,sideways,5d_10%,0,0.0,1596158.5559799974,2024-2025
2025-01-27,1387632.3615599968,981815.3615599967,405817.0,sideways,5d_10%,2,-0.009532007888210403,1596158.5559799974,2024-2025
2025-02-05,1381251.5427599968,686956.5427599967,694295.0,sideways,5d_10%,3,-0.004598349661452561,1596158.5559799974,2024-2025
2025-02-06,1432283.5427599968,686956.5427599967,745327.0,sideways,5d_10%,3,0.03694620307755714,1596158.5559799974,2024-2025
2025-02-07,1471324.5427599968,686956.5427599967,784368.0,sideways,5d_10%,3,0.027257870969297215,1596158.5559799974,2024-2025
2025-02-10,1477998.1887999966,966205.1887999966,511793.0,sideways,5d_10%,2,0.004535808277540854,1596158.5559799974,2024-2025
2025-02-11,1496607.7425999967,1496607.7425999967,0.0,sideways,5d_10%,0,0.012591053183298895,1596158.5559799974,2024-2025
2025-02-12,1496607.7425999967,1496607.7425999967,0.0,recovery,5d_10%,0,0.0,1596158.5559799974,2024-2025
2025-02-13,1496607.7425999967,1496607.7425999967,0.0,recovery,5d_10%,0,0.0,1596158.5559799974,2024-2025
2025-02-14,1496607.7425999967,1496607.7425999967,0.0,recovery,5d_10%,0,0.0,1596158.5559799974,2024-2025
2025-02-17,1496607.7425999967,1496607.7425999967,0.0,recovery,5d_10%,0,0.0,1596158.5559799974,2024-2025
2025-02-18,1496607.7425999967,1496607.7425999967,0.0,recovery,5d_10%,0,0.0,1596158.5559799974,2024-2025
2025-02-19,1496607.7425999967,1496607.7425999967,0.0,recovery,5d_10%,0,0.0,1596158.5559799974,2024-2025
2025-02-20,1496607.7425999967,1496607.7425999967,0.0,recovery,5d_10%,0,0.0,1596158.5559799974,2024-2025
2025-02-21,1496607.7425999967,1496607.7425999967,0.0,recovery,5d_10%,0,0.0,1596158.5559799974,2024-2025
2025-02-24,1496607.7425999967,1496607.7425999967,0.0,recovery,5d_10%,0,0.0,1596158.5559799974,2024-2025
2025-02-25,1496607.7425999967,1496607.7425999967,0.0,recovery,5d_10%,0,0.0,1596158.5559799974,2024-2025
2025-02-26,1496607.7425999967,1496607.7425999967,0.0,bull,5d_10%,0,0.0,1596158.5559799974,2024-2025
2025-02-27,1496607.7425999967,1496607.7425999967,0.0,bull,5d_10%,0,0.0,1596158.5559799974,2024-2025
2025-02-28,1465526.2362999967,1047173.2362999967,418353.0,sideways,5d_10%,1,-0.020767971069027946,1596158.5559799974,2024-2025
2025-03-03,1472814.1510899966,1472814.1510899966,0.0,sideways,5d_10%,0,0.00497289956978153,1596158.5559799974,2024-2025
2025-03-04,1462264.8760899967,1030489.8760899965,431775.0,sideways,5d_10%,1,-0.007162665426722503,1596158.5559799974,2024-2025
2025-03-05,1449396.9835899966,1449396.9835899966,0.0,recovery,5d_10%,0,-0.008799973732808275,1596158.5559799974,2024-2025
2025-03-06,1449396.9835899966,1449396.9835899966,0.0,recovery,5d_10%,0,0.0,1596158.5559799974,2024-2025
2025-03-07,1449396.9835899966,1449396.9835899966,0.0,recovery,5d_10%,0,0.0,1596158.5559799974,2024-2025
2025-03-10,1449396.9835899966,1449396.9835899966,0.0,recovery,5d_10%,0,0.0,1596158.5559799974,2024-2025
2025-03-11,1449396.9835899966,1449396.9835899966,0.0,recovery,5d_10%,0,0.0,1596158.5559799974,2024-2025
2025-03-12,1449396.9835899966,1449396.9835899966,0.0,recovery,5d_10%,0,0.0,1596158.5559799974,2024-2025
2025-03-13,1449396.9835899966,1449396.9835899966,0.0,recovery,5d_10%,0,0.0,1596158.5559799974,2024-2025
2025-03-14,1449396.9835899966,1449396.9835899966,0.0,recovery,5d_10%,0,0.0,1596158.5559799974,2024-2025
2025-03-17,1449396.9835899966,1449396.9835899966,0.0,recovery,5d_10%,0,0.0,1596158.5559799974,2024-2025
2025-03-18,1449396.9835899966,1449396.9835899966,0.0,recovery,5d_10%,0,0.0,1596158.5559799974,2024-2025
2025-03-19,1449396.9835899966,1449396.9835899966,0.0,recovery,5d_10%,0,0.0,1596158.5559799974,2024-2025
2025-03-20,1449396.9835899966,1449396.9835899966,0.0,recovery,5d_10%,0,0.0,1596158.5559799974,2024-2025
2025-03-21,1449396.9835899966,1449396.9835899966,0.0,sideways,5d_10%,0,0.0,1596158.5559799974,2024-2025
2025-03-24,1409451.8209899967,1015631.8209899967,393820.0,sideways,5d_10%,1,-0.027559849407896575,1596158.5559799974,2024-2025
2025-03-25,1426432.9455699965,1426432.9455699965,0.0,recovery,5d_10%,0,0.012048034794174267,1596158.5559799974,2024-2025
2025-03-26,1426432.9455699965,1426432.9455699965,0.0,sideways,5d_10%,0,0.0,1596158.5559799974,2024-2025
2025-03-27,1387133.5189699964,999396.5189699965,387737.0,sideways,5d_10%,1,-0.02755084052289347,1596158.5559799974,2024-2025
2025-03-28,1425878.5189699964,999396.5189699965,426482.0,recovery,5d_10%,1,0.027931701937943032,1596158.5559799974,2024-2025
2025-03-31,1403278.0427499965,982438.0427499965,420840.0,sideways,5d_10%,1,-0.015850211584872986,1596158.5559799974,2024-2025
2025-04-01,1432034.6241499966,691738.6241499966,740296.0,sideways,5d_10%,3,0.020492433091624518,1596158.5559799974,2024-2025
2025-04-02,1484101.5031499965,829335.5031499965,654766.0,sideways,5d_10%,2,0.03635867326246034,1596158.5559799974,2024-2025
2025-04-03,1498615.5031499965,829335.5031499965,669280.0,sideways,5d_10%,2,0.009779654537910076,1596158.5559799974,2024-2025
2025-04-07,1565509.5031499965,829335.5031499965,736174.0,bear,5d_10%,2,0.04463720004190064,1596158.5559799974,2024-2025
2025-04-08,1637932.9975499965,1444617.9975499965,193315.0,bear,5d_10%,1,0.04626193214047891,1637932.9975499965,2024-2025
2025-04-09,1632816.1905499964,1159328.1905499964,473488.0,bear,5d_10%,1,-0.0031239415822587047,1637932.9975499965,2024-2025
2025-04-10,1656256.1905499964,1159328.1905499964,496928.0,bear,5d_10%,1,0.014355565639084356,1656256.1905499964,2024-2025
2025-04-11,1680868.1905499964,1159328.1905499964,521540.0,bear,5d_10%,1,0.01486001992954189,1680868.1905499964,2024-2025
2025-04-14,1684389.7343499966,811602.7343499966,872787.0,bear,5d_10%,3,0.00209507433110967,1684389.7343499966,2024-2025
2025-04-15,1690858.7343499966,811602.7343499966,879256.0,bear,5d_10%,3,0.0038405600960851327,1690858.7343499966,2024-2025
2025-04-16,1664535.5359099968,1191279.5359099968,473256.0,bear,5d_10%,1,-0.015567946573679325,1690858.7343499966,2024-2025
2025-04-17,1674295.788859997,1674295.788859997,0.0,bear,5d_10%,0,0.005863649492267697,1690858.7343499966,2024-2025
2025-04-18,1674295.788859997,1674295.788859997,0.0,bear,5d_10%,0,0.0,1690858.7343499966,2024-2025
2025-04-21,1674295.788859997,1674295.788859997,0.0,bear,5d_10%,0,0.0,1690858.7343499966,2024-2025
2025-04-22,1674295.788859997,1674295.788859997,0.0,bear,5d_10%,0,0.0,1690858.7343499966,2024-2025
2025-04-23,1661006.5194599968,1174208.5194599968,486798.0,bear,5d_10%,1,-0.007937229185201788,1690858.7343499966,2024-2025
2025-04-24,1647820.5804799967,1647820.5804799967,0.0,bear,5d_10%,0,-0.007938523314337642,1690858.7343499966,2024-2025
2025-04-25,1647820.5804799967,1647820.5804799967,0.0,bear,5d_10%,0,0.0,1690858.7343499966,2024-2025
2025-04-28,1609703.5673799966,1154092.5673799966,455611.0,bear,5d_10%,1,-0.023131773902773434,1690858.7343499966,2024-2025
2025-04-29,1655160.5673799966,1154092.5673799966,501068.0,sideways,5d_10%,1,0.028239360911641143,1690858.7343499966,2024-2025
2025-04-30,1705128.5673799966,1154092.5673799966,551036.0,bear,5d_10%,1,0.030189216070496405,1705128.5673799966,2024-2025
2025-05-06,1733598.6087799966,807520.6087799966,926078.0,sideways,5d_10%,2,0.016696712461832464,1733598.6087799966,2024-2025
2025-05-07,1776835.9307799966,565145.9307799966,1211690.0,sideways,5d_10%,3,0.024940791819409558,1776835.9307799966,2024-2025
2025-05-08,1725404.2887799963,1362398.2887799963,363006.0,sideways,5d_10%,1,-0.02894563370148795,1776835.9307799966,2024-2025
2025-05-09,1742288.2887799963,1362398.2887799963,379890.0,sideways,5d_10%,1,0.009785532648663109,1776835.9307799966,2024-2025
2025-05-12,1761048.2887799963,1362398.2887799963,398650.0,recovery,5d_10%,1,0.010767448831981996,1776835.9307799966,2024-2025
2025-05-13,1749094.9795799963,1749094.9795799963,0.0,recovery,5d_10%,0,-0.00678761012753426,1776835.9307799966,2024-2025
2025-05-14,1749094.9795799963,1749094.9795799963,0.0,recovery,5d_10%,0,0.0,1776835.9307799966,2024-2025
2025-05-15,1749094.9795799963,1749094.9795799963,0.0,recovery,5d_10%,0,0.0,1776835.9307799966,2024-2025
2025-05-16,1749094.9795799963,1749094.9795799963,0.0,recovery,5d_10%,0,0.0,1776835.9307799966,2024-2025
2025-05-19,1749094.9795799963,1749094.9795799963,0.0,recovery,5d_10%,0,0.0,1776835.9307799966,2024-2025
2025-05-20,1749094.9795799963,1749094.9795799963,0.0,recovery,5d_10%,0,0.0,1776835.9307799966,2024-2025
2025-05-21,1749094.9795799963,1749094.9795799963,0.0,recovery,5d_10%,0,0.0,1776835.9307799966,2024-2025
2025-05-22,1749094.9795799963,1749094.9795799963,0.0,recovery,5d_10%,0,0.0,1776835.9307799966,2024-2025
2025-05-23,1749094.9795799963,1749094.9795799963,0.0,recovery,5d_10%,0,0.0,1776835.9307799966,2024-2025
2025-05-26,1723211.9488799963,1223773.9488799963,499438.00000000006,sideways,5d_10%,1,-0.014797956087104658,1776835.9307799966,2024-2025
2025-05-27,1748412.9488799963,1223773.9488799963,524639.0,sideways,5d_10%,1,0.01462443433982652,1776835.9307799966,2024-2025
2025-05-28,1689560.9743799963,857933.9743799963,831627.0,sideways,5d_10%,2,-0.03366022571366767,1776835.9307799966,2024-2025
2025-05-29,1683020.2856899963,948295.2856899963,734725.0,sideways,5d_10%,2,-0.003871235657772032,1776835.9307799966,2024-2025
2025-05-30,1690673.9654899961,1333888.9654899961,356785.0,sideways,5d_10%,1,0.004547586184834307,1776835.9307799966,2024-2025
2025-06-03,1680360.9413399962,1680360.9413399962,0.0,sideways,5d_10%,0,-0.006099948517874654,1776835.9307799966,2024-2025
2025-06-04,1680360.9413399962,1680360.9413399962,0.0,recovery,5d_10%,0,0.0,1776835.9307799966,2024-2025
2025-06-05,1680360.9413399962,1680360.9413399962,0.0,recovery,5d_10%,0,0.0,1776835.9307799966,2024-2025
2025-06-06,1680360.9413399962,1680360.9413399962,0.0,recovery,5d_10%,0,0.0,1776835.9307799966,2024-2025
2025-06-09,1680360.9413399962,1680360.9413399962,0.0,recovery,5d_10%,0,0.0,1776835.9307799966,2024-2025
2025-06-10,1655626.469339996,1176266.469339996,479360.0,sideways,5d_10%,1,-0.014719737522746579,1776835.9307799966,2024-2025
2025-06-11,1653673.586939996,1653673.586939996,0.0,sideways,5d_10%,0,-0.0011795428716349088,1776835.9307799966,2024-2025
2025-06-12,1653673.586939996,1653673.586939996,0.0,sideways,5d_10%,0,0.0,1776835.9307799966,2024-2025
2025-06-13,1653673.586939996,1653673.586939996,0.0,sideways,5d_10%,0,0.0,1776835.9307799966,2024-2025
2025-06-16,1653673.586939996,1653673.586939996,0.0,sideways,5d_10%,0,0.0,1776835.9307799966,2024-2025
2025-06-17,1653673.586939996,1653673.586939996,0.0,sideways,5d_10%,0,0.0,1776835.9307799966,2024-2025
2025-06-18,1653673.586939996,1653673.586939996,0.0,sideways,5d_10%,0,0.0,1776835.9307799966,2024-2025
2025-06-19,1653673.586939996,1653673.586939996,0.0,sideways,5d_10%,0,0.0,1776835.9307799966,2024-2025
2025-06-20,1653673.586939996,1653673.586939996,0.0,sideways,5d_10%,0,0.0,1776835.9307799966,2024-2025
2025-06-23,1653673.586939996,1653673.586939996,0.0,sideways,5d_10%,0,0.0,1776835.9307799966,2024-2025
2025-06-24,1653673.586939996,1653673.586939996,0.0,recovery,5d_10%,0,0.0,1776835.9307799966,2024-2025
2025-06-25,1653673.586939996,1653673.586939996,0.0,bull,5d_10%,0,0.0,1776835.9307799966,2024-2025
2025-06-26,1653673.586939996,1653673.586939996,0.0,recovery,5d_10%,0,0.0,1776835.9307799966,2024-2025
2025-06-27,1653673.586939996,1653673.586939996,0.0,recovery,5d_10%,0,0.0,1776835.9307799966,2024-2025
2025-06-30,1653673.586939996,1653673.586939996,0.0,recovery,5d_10%,0,0.0,1776835.9307799966,2024-2025
