date,value,cash,positions,regime,model,num_positions,in_protection,ret,cummax,window
2022-01-04,1000000.0,1000000.0,0.0,recovery,5d_10%,0,False,0.0,1000000.0,2022 Bear
2022-01-05,1000000.0,1000000.0,0.0,sideways,5d_10%,0,False,0.0,1000000.0,2022 Bear
2022-01-06,1000000.0,1000000.0,0.0,bear,5d_10%,0,False,0.0,1000000.0,2022 Bear
2022-01-07,1000000.0,1000000.0,0.0,bear,5d_10%,0,False,0.0,1000000.0,2022 Bear
2022-01-10,1032844.9139,700313.9139,332531.0,bear,5d_10%,1,False,0.032844913899999995,1032844.9139,2022 Bear
2022-01-11,1015463.9139,700313.9139,315150.0,bear,5d_10%,1,False,-0.016828276700680767,1032844.9139,2022 Bear
2022-01-12,1009924.9139,700313.9139,309611.0,bear,5d_10%,1,False,-0.005454649765669006,1032844.9139,2022 Bear
2022-01-13,956777.71663,688712.71663,268065.0,bear,5d_10%,1,False,-0.05262489967176165,1032844.9139,2022 Bear
2022-01-14,983750.71663,688712.71663,295038.0,bear,5d_10%,1,False,0.028191501046873624,1032844.9139,2022 Bear
2022-01-17,994504.62413,482219.62413,512285.0,bear,5d_10%,2,False,0.010931537144734493,1032844.9139,2022 Bear
2022-01-18,1045753.62413,482219.62413,563534.0,sideways,5d_10%,2,False,0.051532188746566066,1045753.62413,2022 Bear
2022-01-19,1102189.62413,482219.62413,619970.0,sideways,5d_10%,2,False,0.05396682229712657,1102189.62413,2022 Bear
2022-01-20,1163335.60293,913675.60293,249660.0,sideways,5d_10%,1,False,0.05547682309953239,1163335.60293,2022 Bear
2022-01-21,1176475.60293,913675.60293,262800.0,bear,5d_10%,1,False,0.011295106903721708,1176475.60293,2022 Bear
2022-01-24,1086678.54813,459397.54813,627281.0,sideways,5d_10%,1,False,-0.07632717123615773,1176475.60293,2022 Bear
2022-01-25,1116286.4233699997,781774.4233699997,334512.0,bear,5d_10%,1,False,0.0272462130507225,1176475.60293,2022 Bear
2022-01-26,1094896.8259699997,549474.8259699998,545422.0,bear,5d_10%,3,False,-0.01916138810989587,1176475.60293,2022 Bear
2022-01-27,1118703.4414299997,758391.4414299997,360312.0,bear,5d_10%,2,False,0.021743250044504503,1176475.60293,2022 Bear
2022-01-28,1078878.2504299995,531026.2504299997,547852.0,bear,5d_10%,3,False,-0.035599417616068996,1176475.60293,2022 Bear
2022-02-07,1054133.3597099995,1054133.3597099995,0.0,bear,5d_10%,0,False,-0.022935758237908388,1176475.60293,2022 Bear
2022-02-08,1062956.5493099994,737714.5493099994,325242.0,bear,5d_10%,1,False,0.008370088583883994,1176475.60293,2022 Bear
2022-02-09,1075376.4443099995,516577.44430999947,558799.0,bear,5d_10%,2,False,0.011684292277104102,1176475.60293,2022 Bear
2022-02-10,1131411.4443099995,516577.44430999947,614834.0,bear,5d_10%,2,False,0.05210733440972293,1176475.60293,2022 Bear
2022-02-11,1118639.4443099995,516577.44430999947,602062.0,bear,5d_10%,2,False,-0.011288554720063959,1176475.60293,2022 Bear
2022-02-14,1107131.4188099995,361741.4188099995,745390.0,bear,5d_10%,3,False,-0.010287519860430416,1176475.60293,2022 Bear
2022-02-15,1066845.9832099995,686397.9832099995,380448.0,bear,5d_10%,2,False,-0.036387220988905566,1176475.60293,2022 Bear
2022-02-16,1074685.5377099994,644531.5377099995,430154.0,bear,5d_10%,2,False,0.007348347018574897,1176475.60293,2022 Bear
2022-02-17,1055342.9388599994,906197.9388599994,149145.0,sideways,5d_10%,1,False,-0.017998380150547333,1176475.60293,2022 Bear
2022-02-18,1052836.7630099994,1052836.7630099994,0.0,sideways,5d_10%,0,False,-0.002374750195142439,1176475.60293,2022 Bear
2022-02-21,1052836.7630099994,1052836.7630099994,0.0,sideways,5d_10%,0,False,0.0,1176475.60293,2022 Bear
2022-02-22,1065437.0745099995,737282.0745099995,328155.0,bear,5d_10%,2,False,0.011967963071479959,1176475.60293,2022 Bear
2022-02-23,1050112.0745099995,737282.0745099995,312830.0,bear,5d_10%,2,False,-0.014383768283122711,1176475.60293,2022 Bear
2022-02-24,1044856.9697599995,886376.9697599995,158480.0,bear,5d_10%,1,False,-0.005004327516614948,1176475.60293,2022 Bear
2022-02-25,1042896.9697599995,886376.9697599995,156520.0,bear,5d_10%,1,False,-0.0018758548363324579,1176475.60293,2022 Bear
2022-02-28,1038416.9697599995,886376.9697599995,152040.0,bear,5d_10%,1,False,-0.004295726356392637,1176475.60293,2022 Bear
2022-03-01,1043174.2257599996,1043174.2257599996,0.0,sideways,5d_10%,0,False,0.004581257951802975,1176475.60293,2022 Bear
2022-03-02,1043174.2257599996,1043174.2257599996,0.0,sideways,5d_10%,0,False,0.0,1176475.60293,2022 Bear
2022-03-03,1043174.2257599996,1043174.2257599996,0.0,sideways,5d_10%,0,False,0.0,1176475.60293,2022 Bear
2022-03-04,984731.3951599996,984731.3951599996,0.0,sideways,5d_10%,0,False,-0.056024036212572015,1176475.60293,2022 Bear
2022-03-07,984731.3951599996,984731.3951599996,0.0,bear,5d_10%,0,True,0.0,1176475.60293,2022 Bear
2022-03-08,984731.3951599996,984731.3951599996,0.0,severe_bear,5d_10%,0,True,0.0,1176475.60293,2022 Bear
2022-03-09,984731.3951599996,984731.3951599996,0.0,severe_bear,5d_10%,0,True,0.0,1176475.60293,2022 Bear
2022-03-10,984731.3951599996,984731.3951599996,0.0,severe_bear,5d_10%,0,True,0.0,1176475.60293,2022 Bear
2022-03-11,984731.3951599996,984731.3951599996,0.0,severe_bear,5d_10%,0,True,0.0,1176475.60293,2022 Bear
2022-03-14,984731.3951599996,984731.3951599996,0.0,severe_bear,5d_10%,0,False,0.0,1176475.60293,2022 Bear
2022-03-15,984731.3951599996,984731.3951599996,0.0,severe_bear,5d_10%,0,False,0.0,1176475.60293,2022 Bear
2022-03-16,984731.3951599996,984731.3951599996,0.0,severe_bear,5d_10%,0,False,0.0,1176475.60293,2022 Bear
2022-03-17,984731.3951599996,984731.3951599996,0.0,severe_bear,5d_10%,0,False,0.0,1176475.60293,2022 Bear
2022-03-18,984731.3951599996,984731.3951599996,0.0,severe_bear,5d_10%,0,False,0.0,1176475.60293,2022 Bear
2022-03-21,971153.9753599996,837293.9753599996,133860.0,severe_bear,5d_10%,1,False,-0.013787942444745571,1176475.60293,2022 Bear
2022-03-22,976925.8846999996,976925.8846999996,0.0,severe_bear,5d_10%,0,False,0.005943351400956143,1176475.60293,2022 Bear
2022-03-23,976925.8846999996,976925.8846999996,0.0,severe_bear,5d_10%,0,False,0.0,1176475.60293,2022 Bear
2022-03-24,976925.8846999996,976925.8846999996,0.0,severe_bear,5d_10%,0,False,0.0,1176475.60293,2022 Bear
2022-03-25,976925.8846999996,976925.8846999996,0.0,severe_bear,5d_10%,0,False,0.0,1176475.60293,2022 Bear
2022-03-28,976925.8846999996,976925.8846999996,0.0,severe_bear,5d_10%,0,False,0.0,1176475.60293,2022 Bear
2022-03-29,976925.8846999996,976925.8846999996,0.0,severe_bear,5d_10%,0,False,0.0,1176475.60293,2022 Bear
2022-03-30,976925.8846999996,976925.8846999996,0.0,severe_bear,5d_10%,0,False,0.0,1176475.60293,2022 Bear
2022-03-31,976925.8846999996,976925.8846999996,0.0,severe_bear,5d_10%,0,False,0.0,1176475.60293,2022 Bear
2022-04-01,949799.0340999996,683583.0340999996,266216.0,bear,5d_10%,1,False,-0.027767562539639634,1176475.60293,2022 Bear
2022-04-06,976545.0340999996,683583.0340999996,292962.0,sideways,5d_10%,1,False,0.028159641186983997,1176475.60293,2022 Bear
2022-04-07,1005779.0340999996,683583.0340999996,322196.0,severe_bear,5d_10%,1,False,0.02993615141051076,1176475.60293,2022 Bear
2022-04-08,1038123.0340999996,683583.0340999996,354540.0,severe_bear,5d_10%,1,False,0.03215815691459745,1176475.60293,2022 Bear
2022-04-11,1002669.0340999996,683583.0340999996,319086.0,severe_bear,5d_10%,1,False,-0.03415202132639017,1176475.60293,2022 Bear
2022-04-12,970429.7788999996,970429.7788999996,0.0,severe_bear,5d_10%,0,False,-0.032153436581332295,1176475.60293,2022 Bear
2022-04-13,970429.7788999996,970429.7788999996,0.0,severe_bear,5d_10%,0,False,0.0,1176475.60293,2022 Bear
2022-04-14,970429.7788999996,970429.7788999996,0.0,severe_bear,5d_10%,0,False,0.0,1176475.60293,2022 Bear
2022-04-15,970429.7788999996,970429.7788999996,0.0,severe_bear,5d_10%,0,False,0.0,1176475.60293,2022 Bear
2022-04-18,970429.7788999996,970429.7788999996,0.0,severe_bear,5d_10%,0,False,0.0,1176475.60293,2022 Bear
2022-04-19,970429.7788999996,970429.7788999996,0.0,severe_bear,5d_10%,0,False,0.0,1176475.60293,2022 Bear
2022-04-20,986212.7042999995,824798.7042999995,161414.0,severe_bear,5d_10%,1,False,0.016263851072140678,1176475.60293,2022 Bear
2022-04-21,969998.7042999995,824798.7042999995,145200.0,severe_bear,5d_10%,1,False,-0.016440672412051827,1176475.60293,2022 Bear
2022-04-22,962719.8984799995,962719.8984799995,0.0,severe_bear,5d_10%,0,False,-0.007503933549326547,1176475.60293,2022 Bear
2022-04-25,965562.4020799994,818304.4020799994,147258.0,severe_bear,5d_10%,1,False,0.0029525759304318555,1176475.60293,2022 Bear
2022-04-26,968592.4020799994,818304.4020799994,150288.0,severe_bear,5d_10%,1,False,0.00313806750705381,1176475.60293,2022 Bear
2022-04-27,968895.4020799994,818304.4020799994,150591.0,severe_bear,5d_10%,1,False,0.0003128250844723901,1176475.60293,2022 Bear
2022-04-28,984045.4020799994,818304.4020799994,165741.0,severe_bear,5d_10%,1,False,0.015636362777113444,1176475.60293,2022 Bear
2022-04-29,972913.5895799994,697522.5895799994,275391.0,severe_bear,5d_10%,2,False,-0.011312295628301716,1176475.60293,2022 Bear
2022-05-05,984195.1649799994,863570.1649799994,120625.0,severe_bear,5d_10%,1,False,0.011595660211581649,1176475.60293,2022 Bear
2022-05-06,996270.1649799994,863570.1649799994,132700.0,severe_bear,5d_10%,1,False,0.012268908067888606,1176475.60293,2022 Bear
2022-05-09,1009545.1649799994,863570.1649799994,145975.0,severe_bear,5d_10%,1,False,0.013324698928695256,1176475.60293,2022 Bear
2022-05-10,1024145.1649799994,863570.1649799994,160575.0,severe_bear,5d_10%,1,False,0.014461958222829141,1176475.60293,2022 Bear
2022-05-11,1039877.2399799994,1039877.2399799994,0.0,severe_bear,5d_10%,0,False,0.015361176850653857,1176475.60293,2022 Bear
2022-05-12,1039877.2399799994,1039877.2399799994,0.0,severe_bear,5d_10%,0,False,0.0,1176475.60293,2022 Bear
2022-05-13,1039877.2399799994,1039877.2399799994,0.0,severe_bear,5d_10%,0,False,0.0,1176475.60293,2022 Bear
2022-05-16,1038595.0639799994,884155.0639799994,154440.0,severe_bear,5d_10%,1,False,-0.0012330070807441418,1176475.60293,2022 Bear
2022-05-17,1031633.1247799994,1031633.1247799994,0.0,severe_bear,5d_10%,0,False,-0.006703227698118597,1176475.60293,2022 Bear
2022-05-18,1031633.1247799994,1031633.1247799994,0.0,severe_bear,5d_10%,0,False,0.0,1176475.60293,2022 Bear
2022-05-19,1031633.1247799994,1031633.1247799994,0.0,severe_bear,5d_10%,0,False,0.0,1176475.60293,2022 Bear
2022-05-20,977054.1043799993,413122.10437999933,563932.0,sideways,5d_10%,2,False,-0.052905455523870715,1176475.60293,2022 Bear
2022-05-23,1033406.1043799993,413122.10437999933,620284.0,sideways,5d_10%,2,False,0.05767541403017673,1176475.60293,2022 Bear
2022-05-24,1095586.1043799995,413122.10437999933,682464.0,severe_bear,5d_10%,2,False,0.06016995616385046,1176475.60293,2022 Bear
2022-05-25,1163800.1043799995,413122.10437999933,750678.0,severe_bear,5d_10%,2,False,0.06226256405342312,1176475.60293,2022 Bear
2022-05-26,1238990.1043799995,413122.10437999933,825868.0,severe_bear,5d_10%,2,False,0.06460731505094386,1238990.1043799995,2022 Bear
2022-05-27,1301693.7589799995,1121873.7589799995,179820.0,severe_bear,5d_10%,1,False,0.05060868071369895,1301693.7589799995,2022 Bear
2022-05-30,1319675.7589799995,1121873.7589799995,197802.0,sideways,5d_10%,1,False,0.013814309146024106,1319675.7589799995,2022 Bear
2022-05-31,1339322.7589799995,1121873.7589799995,217449.0,sideways,5d_10%,1,False,0.01488774789285019,1339322.7589799995,2022 Bear
2022-06-01,1379586.7861799994,447942.78617999936,931644.0,sideways,5d_10%,2,False,0.030062975432945116,1379586.7861799994,2022 Bear
2022-06-02,1349265.0604199993,1086195.0604199993,263070.0,sideways,5d_10%,1,False,-0.021978846176078037,1379586.7861799994,2022 Bear
2022-06-06,1322531.8870199993,1322531.8870199993,0.0,recovery,5d_10%,0,False,-0.01981313693224851,1379586.7861799994,2022 Bear
2022-06-07,1322531.8870199993,1322531.8870199993,0.0,recovery,5d_10%,0,False,0.0,1379586.7861799994,2022 Bear
2022-06-08,1322531.8870199993,1322531.8870199993,0.0,recovery,5d_10%,0,False,0.0,1379586.7861799994,2022 Bear
2022-06-09,1322531.8870199993,1322531.8870199993,0.0,recovery,5d_10%,0,False,0.0,1379586.7861799994,2022 Bear
2022-06-10,1322531.8870199993,1322531.8870199993,0.0,recovery,5d_10%,0,False,0.0,1379586.7861799994,2022 Bear
2022-06-13,1322531.8870199993,1322531.8870199993,0.0,recovery,5d_10%,0,False,0.0,1379586.7861799994,2022 Bear
2022-06-14,1322531.8870199993,1322531.8870199993,0.0,recovery,5d_10%,0,False,0.0,1379586.7861799994,2022 Bear
2022-06-15,1225093.3502199992,263821.3502199992,961272.0,bull,5d_10%,1,False,-0.07367575614343325,1379586.7861799994,2022 Bear
2022-06-16,1325588.5296199992,53686.529619999186,1271902.0,bull,5d_10%,3,False,0.08203063005929567,1379586.7861799994,2022 Bear
2022-06-17,1422919.0161599992,30610.01615999917,1392309.0,bull,5d_10%,3,False,0.07342435783440382,1422919.0161599992,2022 Bear
2022-06-20,1538472.0161599992,30610.01615999917,1507862.0,bull,5d_10%,3,False,0.08120841642262988,1538472.0161599992,2022 Bear
2022-06-21,1663548.7512999992,26391.75129999916,1637157.0,bull,5d_10%,3,False,0.08129932415162777,1663548.7512999992,2022 Bear
2022-06-22,1636601.0390999988,305177.0390999989,1331424.0,bull,5d_10%,4,False,-0.01619893145839091,1663548.7512999992,2022 Bear
2022-06-23,1615356.2899299988,80748.28992999886,1534608.0,bull,5d_10%,4,False,-0.01298101899145987,1663548.7512999992,2022 Bear
2022-06-24,1818323.7889299989,207464.78892999887,1610859.0,bull,5d_10%,3,False,0.12564875022636368,1818323.7889299989,2022 Bear
2022-06-27,1927729.7889299989,207464.78892999887,1720265.0,bull,5d_10%,3,False,0.0601686018002221,1927729.7889299989,2022 Bear
2022-06-28,1950741.8457899988,104913.84578999883,1845828.0,bull,5d_10%,5,False,0.011937387175394942,1950741.8457899988,2022 Bear
2022-06-29,1899736.9968899987,1629025.9968899987,270711.0,bull,5d_10%,2,False,-0.02614638580193296,1950741.8457899988,2022 Bear
2022-06-30,1769969.6981299985,351227.6981299985,1418742.0,bull,5d_10%,2,False,-0.06830803367647109,1950741.8457899988,2022 Bear
2022-07-01,1863618.9949299984,73402.99492999847,1790216.0,bull,5d_10%,3,False,0.052910113036930495,1950741.8457899988,2022 Bear
2022-07-04,2034432.2819299984,24329.28192999847,2010103.0,bull,5d_10%,4,False,0.09165676431969194,2034432.2819299984,2022 Bear
2022-07-05,2217165.3915299983,44425.39152999845,2172740.0,bull,5d_10%,4,False,0.08982019761633309,2217165.3915299983,2022 Bear
2022-07-06,2412363.6562299985,9198.65622999845,2403165.0,bull,5d_10%,5,False,0.08803955963127308,2412363.6562299985,2022 Bear
2022-07-07,2433093.284719998,350356.28471999825,2082737.0,bull,5d_10%,4,False,0.008593077762742984,2433093.284719998,2022 Bear
2022-07-08,2258454.8974199984,152630.8974199982,2105824.0,bull,5d_10%,4,False,-0.07177628099865352,2433093.284719998,2022 Bear
2022-07-11,2213684.024819998,2131769.024819998,81915.0,recovery,5d_10%,1,False,-0.019823673543866382,2433093.284719998,2022 Bear
2022-07-12,2214051.649019998,2214051.649019998,0.0,recovery,5d_10%,0,False,0.00016606895829673896,2433093.284719998,2022 Bear
2022-07-13,2214051.649019998,2214051.649019998,0.0,recovery,5d_10%,0,False,0.0,2433093.284719998,2022 Bear
2022-07-14,2214051.649019998,2214051.649019998,0.0,recovery,5d_10%,0,False,0.0,2433093.284719998,2022 Bear
2022-07-15,2214051.649019998,2214051.649019998,0.0,sideways,5d_10%,0,False,0.0,2433093.284719998,2022 Bear
2022-07-18,2091386.676719998,884654.676719998,1206732.0,sideways,5d_10%,1,False,-0.05540294073731067,2433093.284719998,2022 Bear
2022-07-19,2143671.8093099976,2143671.8093099976,0.0,sideways,5d_10%,0,False,0.0250002226618371,2433093.284719998,2022 Bear
2022-07-20,2143671.8093099976,2143671.8093099976,0.0,recovery,5d_10%,0,False,0.0,2433093.284719998,2022 Bear
2022-07-21,2143671.8093099976,2143671.8093099976,0.0,sideways,5d_10%,0,False,0.0,2433093.284719998,2022 Bear
2022-07-22,2128567.8855099976,856674.8855099976,1271893.0,sideways,5d_10%,1,False,-0.007045819110184426,2433093.284719998,2022 Bear
2022-07-25,2152637.2234099978,343191.22340999765,1809446.0,sideways,5d_10%,2,False,0.011307761459641297,2433093.284719998,2022 Bear
2022-07-26,2144162.2234099978,343191.22340999765,1800971.0,sideways,5d_10%,2,False,-0.003937031241415978,2433093.284719998,2022 Bear
2022-07-27,2131861.6522099976,137099.65220999764,1994762.0,sideways,5d_10%,3,False,-0.005736772649803434,2433093.284719998,2022 Bear
2022-07-28,2222631.6522099976,137099.65220999764,2085532.0,sideways,5d_10%,3,False,0.0425778098245273,2433093.284719998,2022 Bear
2022-07-29,2152312.976209997,970323.9762099974,1181989.0,bear,5d_10%,3,False,-0.03163757518259114,2433093.284719998,2022 Bear
2022-08-01,2127966.9590299977,1878750.9590299975,249216.0,bear,5d_10%,1,False,-0.01131155991210453,2433093.284719998,2022 Bear
2022-08-02,2152926.9590299977,1878750.9590299975,274176.0,bear,5d_10%,1,False,0.0117295054296227,2433093.284719998,2022 Bear
2022-08-03,2146849.1804299974,1527119.1804299974,619730.0,bear,5d_10%,2,False,-0.002823030560562323,2433093.284719998,2022 Bear
2022-08-04,2181556.1804299974,1527119.1804299974,654437.0,bear,5d_10%,2,False,0.016166482637149482,2433093.284719998,2022 Bear
2022-08-05,2211024.1804299974,1527119.1804299974,683905.0,bear,5d_10%,2,False,0.013507788735558357,2433093.284719998,2022 Bear
2022-08-08,2248454.1804299974,1527119.1804299974,721335.0,bear,5d_10%,2,False,0.016928806266026664,2433093.284719998,2022 Bear
2022-08-09,2291469.1804299974,1527119.1804299974,764350.0,bear,5d_10%,2,False,0.019130921312247473,2433093.284719998,2022 Bear
2022-08-10,2269262.8496299973,1632967.8496299973,636295.0,bear,5d_10%,1,False,-0.009690870376809158,2433093.284719998,2022 Bear
2022-08-11,2333143.8496299973,1632967.8496299973,700176.0,sideways,5d_10%,1,False,0.02815055118467913,2433093.284719998,2022 Bear
2022-08-12,2403060.8496299973,1632967.8496299973,770093.0,sideways,5d_10%,1,False,0.029966862099432,2433093.284719998,2022 Bear
2022-08-15,2432234.8496299973,1632967.8496299973,799267.0,sideways,5d_10%,1,False,0.012140350089133944,2433093.284719998,2022 Bear
2022-08-16,2512211.8496299973,1632967.8496299973,879244.0,sideways,5d_10%,1,False,0.03288210429686367,2512211.8496299973,2022 Bear
2022-08-17,2553809.3460299973,2553809.3460299973,0.0,sideways,5d_10%,0,False,0.016558116468611717,2553809.3460299973,2022 Bear
2022-08-18,2413242.9524299973,1020746.9524299972,1392496.0,sideways,5d_10%,2,False,-0.05504185103657655,2553809.3460299973,2022 Bear
2022-08-19,2551818.9524299973,1020746.9524299972,1531072.0,sideways,5d_10%,2,False,0.05742314500927548,2553809.3460299973,2022 Bear
2022-08-22,2705310.9524299973,1020746.9524299972,1684564.0,sideways,5d_10%,2,False,0.0601500352734019,2705310.9524299973,2022 Bear
2022-08-23,2874440.9524299973,1020746.9524299972,1853694.0,sideways,5d_10%,2,False,0.06251776707889412,2874440.9524299973,2022 Bear
2022-08-24,2892426.9524299973,1020746.9524299972,1871680.0,bear,5d_10%,2,False,0.006257216724105952,2892426.9524299973,2022 Bear
2022-08-25,2877078.304829997,1160902.304829997,1716176.0,sideways,5d_10%,2,False,-0.005306494460337374,2892426.9524299973,2022 Bear
2022-08-26,2993061.304829997,1160902.304829997,1832159.0,sideways,5d_10%,2,False,0.040312771399127145,2993061.304829997,2022 Bear
2022-08-29,3130884.304829997,1160902.304829997,1969982.0,sideways,5d_10%,2,False,0.0460475031960057,3130884.304829997,2022 Bear
2022-08-30,3075633.304829997,1160902.304829997,1914731.0,sideways,5d_10%,2,False,-0.017647090924044928,3130884.304829997,2022 Bear
2022-08-31,2993414.859429997,465040.859429997,2528374.0,sideways,5d_10%,4,False,-0.026732200249907412,3130884.304829997,2022 Bear
2022-09-01,3064938.784429997,2369980.784429997,694958.0,sideways,5d_10%,2,False,0.023893756247879372,3130884.304829997,2022 Bear
2022-09-02,3134781.784429997,2369980.784429997,764801.0,bear,5d_10%,2,False,0.02278773082020602,3134781.784429997,2022 Bear
2022-09-05,3069019.5338299973,1658094.5338299973,1410925.0,bear,5d_10%,3,False,-0.020978254667240792,3134781.784429997,2022 Bear
2022-09-06,3054223.536309997,2662060.536309997,392163.0,sideways,5d_10%,1,False,-0.004821082875785865,3134781.784429997,2022 Bear
2022-09-07,3014405.172309997,3014405.172309997,0.0,sideways,5d_10%,0,False,-0.013037147912266844,3134781.784429997,2022 Bear
2022-09-08,3014405.172309997,3014405.172309997,0.0,bear,5d_10%,0,False,0.0,3134781.784429997,2022 Bear
2022-09-09,3014405.172309997,3014405.172309997,0.0,sideways,5d_10%,0,False,0.0,3134781.784429997,2022 Bear
2022-09-13,3014405.172309997,3014405.172309997,0.0,sideways,5d_10%,0,False,0.0,3134781.784429997,2022 Bear
2022-09-14,3014405.172309997,3014405.172309997,0.0,sideways,5d_10%,0,False,0.0,3134781.784429997,2022 Bear
2022-09-15,3014405.172309997,3014405.172309997,0.0,bear,5d_10%,0,False,0.0,3134781.784429997,2022 Bear
2022-09-16,3023466.847209997,2109903.847209997,913563.0000000001,bear,5d_10%,1,False,0.0030061237232603677,3134781.784429997,2022 Bear
2022-09-19,3045644.847209997,2109903.847209997,935741.0,bear,5d_10%,1,False,0.007335287972634941,3134781.784429997,2022 Bear
2022-09-20,2986530.4178099968,1476443.417809997,1510087.0,bear,5d_10%,2,False,-0.01940949531727343,3134781.784429997,2022 Bear
2022-09-21,2968356.4630299965,1453833.4630299967,1514523.0,bear,5d_10%,2,False,-0.006085307108081306,3134781.784429997,2022 Bear
2022-09-22,2995679.641829997,1024952.6418299967,1970727.0,bear,5d_10%,3,False,0.009204817258406273,3134781.784429997,2022 Bear
2022-09-23,3024322.755029997,1912178.7550299969,1112144.0,bear,5d_10%,2,False,0.00956147406419694,3134781.784429997,2022 Bear
2022-09-26,3046648.755029997,1912178.7550299969,1134470.0,bear,5d_10%,2,False,0.00738214860264752,3134781.784429997,2022 Bear
2022-09-27,3123732.755029997,1912178.7550299969,1211554.0,bear,5d_10%,2,False,0.02530124284026347,3134781.784429997,2022 Bear
2022-09-28,3036772.635789997,3036772.635789997,0.0,bear,5d_10%,0,False,-0.027838527191537787,3134781.784429997,2022 Bear
2022-09-29,3067880.954589997,2125064.954589997,942815.9999999999,bear,5d_10%,1,False,0.010243874840470957,3134781.784429997,2022 Bear
2022-09-30,2933271.9125499967,2095926.9125499965,837345.0,bear,5d_10%,3,False,-0.04387687919852479,3134781.784429997,2022 Bear
2022-10-10,2992951.9125499967,2095926.9125499965,897025.0,bear,5d_10%,3,False,0.02034588056588249,3134781.784429997,2022 Bear
2022-10-11,3040191.9125499967,2095926.9125499965,944265.0,bear,5d_10%,3,False,0.015783748413034537,3134781.784429997,2022 Bear
2022-10-12,3117126.9125499967,2095926.9125499965,1021200.0,bear,5d_10%,3,False,0.025305968245757926,3134781.784429997,2022 Bear
2022-10-13,3141726.9125499967,2095926.9125499965,1045800.0,bear,5d_10%,3,False,0.007891882714482046,3141726.9125499967,2022 Bear
2022-10-14,3062134.8601499964,2205454.8601499964,856679.9999999999,bear,5d_10%,1,False,-0.02533385447413028,3141726.9125499967,2022 Bear
2022-10-17,3147802.8601499964,2205454.8601499964,942348.0,bear,5d_10%,1,False,0.0279765601165598,3147802.8601499964,2022 Bear
2022-10-18,3241966.8601499964,2205454.8601499964,1036512.0,bear,5d_10%,1,False,0.029914198627900346,3241966.8601499964,2022 Bear
2022-10-19,3345570.8601499964,2205454.8601499964,1140116.0,bear,5d_10%,1,False,0.031957143446927905,3345570.8601499964,2022 Bear
2022-10-20,3459558.8601499964,2205454.8601499964,1254104.0,bear,5d_10%,1,False,0.034071315409200276,3459558.8601499964,2022 Bear
2022-10-21,3582391.904149996,3582391.904149996,0.0,bear,5d_10%,0,False,0.03550540660397217,3582391.904149996,2022 Bear
2022-10-24,3582391.904149996,3582391.904149996,0.0,severe_bear,5d_10%,0,False,0.0,3582391.904149996,2022 Bear
2022-10-25,3582391.904149996,3582391.904149996,0.0,severe_bear,5d_10%,0,False,0.0,3582391.904149996,2022 Bear
2022-10-26,3582391.904149996,3582391.904149996,0.0,severe_bear,5d_10%,0,False,0.0,3582391.904149996,2022 Bear
2022-10-27,3582391.904149996,3582391.904149996,0.0,severe_bear,5d_10%,0,False,0.0,3582391.904149996,2022 Bear
2022-10-28,3582391.904149996,3582391.904149996,0.0,severe_bear,5d_10%,0,False,0.0,3582391.904149996,2022 Bear
2022-10-31,3582391.904149996,3582391.904149996,0.0,severe_bear,5d_10%,0,False,0.0,3582391.904149996,2022 Bear
2022-11-01,3582391.904149996,3582391.904149996,0.0,severe_bear,5d_10%,0,False,0.0,3582391.904149996,2022 Bear
2022-11-02,3483074.8305499963,2506322.8305499963,976752.0,bear,5d_10%,1,False,-0.027723676319429624,3582391.904149996,2022 Bear
2022-11-03,3525423.5414299965,3525423.5414299965,0.0,severe_bear,5d_10%,0,False,0.01215842694752367,3582391.904149996,2022 Bear
2022-11-04,3525423.5414299965,3525423.5414299965,0.0,sideways,5d_10%,0,False,0.0,3582391.904149996,2022 Bear
2022-11-07,3525423.5414299965,3525423.5414299965,0.0,sideways,5d_10%,0,False,0.0,3582391.904149996,2022 Bear
2022-11-08,3525423.5414299965,3525423.5414299965,0.0,sideways,5d_10%,0,False,0.0,3582391.904149996,2022 Bear
2022-11-09,3525423.5414299965,3525423.5414299965,0.0,sideways,5d_10%,0,False,0.0,3582391.904149996,2022 Bear
2022-11-10,3525423.5414299965,3525423.5414299965,0.0,sideways,5d_10%,0,False,0.0,3582391.904149996,2022 Bear
2022-11-11,3525423.5414299965,3525423.5414299965,0.0,sideways,5d_10%,0,False,0.0,3582391.904149996,2022 Bear
2022-11-14,3525423.5414299965,3525423.5414299965,0.0,sideways,5d_10%,0,False,0.0,3582391.904149996,2022 Bear
2022-11-15,3349125.435329996,1407977.4353299963,1941148.0,sideways,5d_10%,2,False,-0.050007638522913345,3582391.904149996,2022 Bear
2022-11-16,3334883.879909996,962890.8799099962,2371993.0,sideways,5d_10%,2,False,-0.004252320701328638,3582391.904149996,2022 Bear
2022-11-17,3411443.497459996,1965323.497459996,1446120.0,sideways,5d_10%,1,False,0.022957206399662144,3582391.904149996,2022 Bear
2022-11-18,3556055.497459996,1965323.497459996,1590732.0,sideways,5d_10%,1,False,0.04239026679107294,3582391.904149996,2022 Bear
2022-11-21,3715396.497459996,1965323.497459996,1750073.0,sideways,5d_10%,1,False,0.04480835580710529,3715396.497459996,2022 Bear
2022-11-22,3890805.497459996,1965323.497459996,1925482.0,sideways,5d_10%,1,False,0.04721138110560119,3890805.497459996,2022 Bear
2022-11-23,3854480.189059996,1630188.189059996,2224292.0,sideways,5d_10%,1,False,-0.009336192318971981,3890805.497459996,2022 Bear
2022-11-24,4076628.189059996,1630188.189059996,2446440.0,sideways,5d_10%,1,False,0.057633711707875124,4076628.189059996,2022 Bear
2022-11-25,4321272.189059996,1630188.189059996,2691084.0,sideways,5d_10%,1,False,0.06001135954868886,4321272.189059996,2022 Bear
2022-11-28,4104748.189059996,1630188.189059996,2474560.0,sideways,5d_10%,1,False,-0.05010654051095553,4321272.189059996,2022 Bear
2022-11-29,4352204.189059996,1630188.189059996,2722016.0,recovery,5d_10%,1,False,0.060285305846415005,4352204.189059996,2022 Bear
2022-11-30,4619577.585059996,4619577.585059996,0.0,recovery,5d_10%,0,False,0.06143401926593617,4619577.585059996,2022 Bear
2022-12-01,4619577.585059996,4619577.585059996,0.0,recovery,5d_10%,0,False,0.0,4619577.585059996,2022 Bear
2022-12-02,4619577.585059996,4619577.585059996,0.0,recovery,5d_10%,0,False,0.0,4619577.585059996,2022 Bear
2022-12-05,4619577.585059996,4619577.585059996,0.0,recovery,5d_10%,0,False,0.0,4619577.585059996,2022 Bear
2022-12-06,4619577.585059996,4619577.585059996,0.0,recovery,5d_10%,0,False,0.0,4619577.585059996,2022 Bear
2022-12-07,4519756.492659995,921628.4926599953,3598128.0,bull,5d_10%,2,False,-0.021608272739660928,4619577.585059996,2022 Bear
2022-12-08,4844528.1301599955,186549.1301599953,4657979.0,bull,5d_10%,3,False,0.07185600331067032,4844528.1301599955,2022 Bear
2022-12-09,4987079.1301599955,186549.1301599953,4800530.0,bull,5d_10%,3,False,0.029425156830556354,4987079.1301599955,2022 Bear
2022-12-12,4949436.526409995,882712.5264099953,4066724.0,bull,5d_10%,2,False,-0.0075480261627196565,4987079.1301599955,2022 Bear
2022-12-13,4935326.548769996,2632766.548769995,2302560.0,recovery,5d_10%,1,False,-0.0028508250514395206,4987079.1301599955,2022 Bear
2022-12-14,4701340.401569995,4701340.401569995,0.0,bull,5d_10%,0,False,-0.04741046917317271,4987079.1301599955,2022 Bear
2022-12-15,4943126.751569995,935951.7515699947,4007175.0,bull,5d_10%,1,False,0.051429237057426525,4987079.1301599955,2022 Bear
2022-12-16,4768901.751569995,935951.7515699947,3832950.0,bull,5d_10%,1,False,-0.03524590987772347,4987079.1301599955,2022 Bear
2022-12-19,4347481.025169994,896337.0251699938,3451144.0,bull,5d_10%,2,False,-0.08836850670309215,4987079.1301599955,2022 Bear
2022-12-20,4578543.025169994,896337.0251699938,3682206.0,recovery,5d_10%,2,False,0.05314847808702394,4987079.1301599955,2022 Bear
2022-12-21,4684514.025169994,896337.0251699938,3788177.0,recovery,5d_10%,2,False,0.023145135781718507,4987079.1301599955,2022 Bear
2022-12-22,4538325.025169994,896337.0251699938,3641988.0,recovery,5d_10%,2,False,-0.03120686568863351,4987079.1301599955,2022 Bear
2022-12-23,4341459.063469994,2603515.063469994,1737944.0,recovery,5d_10%,1,False,-0.043378550590396636,4987079.1301599955,2022 Bear
2022-12-26,4395687.336269993,4395687.336269993,0.0,recovery,5d_10%,0,False,0.012490794455782828,4987079.1301599955,2022 Bear
2022-12-27,4395687.336269993,4395687.336269993,0.0,recovery,5d_10%,0,False,0.0,4987079.1301599955,2022 Bear
2022-12-28,4395687.336269993,4395687.336269993,0.0,recovery,5d_10%,0,False,0.0,4987079.1301599955,2022 Bear
2022-12-29,4395687.336269993,4395687.336269993,0.0,sideways,5d_10%,0,False,0.0,4987079.1301599955,2022 Bear
2022-12-30,4395687.336269993,4395687.336269993,0.0,recovery,5d_10%,0,False,0.0,4987079.1301599955,2022 Bear
2023-01-03,945415.2323,407101.2323,538314.0,sideways,5d_10%,2,False,0.0,945415.2323,2023 Sideways
2023-01-04,968611.24171,968611.24171,0.0,sideways,5d_10%,0,False,0.02453526092822611,968611.24171,2023 Sideways
2023-01-05,968611.24171,968611.24171,0.0,recovery,5d_10%,0,False,0.0,968611.24171,2023 Sideways
2023-01-06,968611.24171,968611.24171,0.0,recovery,5d_10%,0,False,0.0,968611.24171,2023 Sideways
2023-01-09,968611.24171,968611.24171,0.0,recovery,5d_10%,0,False,0.0,968611.24171,2023 Sideways
2023-01-10,968611.24171,968611.24171,0.0,recovery,5d_10%,0,False,0.0,968611.24171,2023 Sideways
2023-01-11,968611.24171,968611.24171,0.0,recovery,5d_10%,0,False,0.0,968611.24171,2023 Sideways
2023-01-12,968611.24171,968611.24171,0.0,recovery,5d_10%,0,False,0.0,968611.24171,2023 Sideways
2023-01-13,968611.24171,968611.24171,0.0,bull,5d_10%,0,False,0.0,968611.24171,2023 Sideways
2023-01-16,968611.24171,968611.24171,0.0,bull,5d_10%,0,False,0.0,968611.24171,2023 Sideways
2023-01-17,968611.24171,968611.24171,0.0,bull,5d_10%,0,False,0.0,968611.24171,2023 Sideways
2023-01-18,968611.24171,968611.24171,0.0,bull,5d_10%,0,False,0.0,968611.24171,2023 Sideways
2023-01-19,968611.24171,968611.24171,0.0,bull,5d_10%,0,False,0.0,968611.24171,2023 Sideways
2023-01-20,968611.24171,968611.24171,0.0,bull,5d_10%,0,False,0.0,968611.24171,2023 Sideways
2023-01-30,968611.24171,968611.24171,0.0,bull,5d_10%,0,False,0.0,968611.24171,2023 Sideways
2023-01-31,922324.1191099999,195205.1191099999,727119.0,bull,5d_10%,2,False,-0.04778710034201561,968611.24171,2023 Sideways
2023-02-01,947597.5209299999,562153.5209299999,385444.0,bull,5d_10%,1,False,0.02740186589112259,968611.24171,2023 Sideways
2023-02-02,986176.5209299999,562153.5209299999,424023.0,bull,5d_10%,1,False,0.04071243238599598,986176.5209299999,2023 Sideways
2023-02-03,1028561.5209299999,562153.5209299999,466408.0,bull,5d_10%,1,False,0.04297912097930445,1028561.5209299999,2023 Sideways
2023-02-06,1075271.5209299999,562153.5209299999,513118.0,bull,5d_10%,1,False,0.04541293743690322,1075271.5209299999,2023 Sideways
2023-02-07,1125636.4227299998,1125636.4227299998,0.0,bull,5d_10%,0,False,0.04683924089837266,1125636.4227299998,2023 Sideways
2023-02-08,1125636.4227299998,1125636.4227299998,0.0,recovery,5d_10%,0,False,0.0,1125636.4227299998,2023 Sideways
2023-02-09,1125636.4227299998,1125636.4227299998,0.0,bull,5d_10%,0,False,0.0,1125636.4227299998,2023 Sideways
2023-02-10,1125636.4227299998,1125636.4227299998,0.0,recovery,5d_10%,0,False,0.0,1125636.4227299998,2023 Sideways
2023-02-13,1125636.4227299998,1125636.4227299998,0.0,bull,5d_10%,0,False,0.0,1125636.4227299998,2023 Sideways
2023-02-14,1062633.8930299997,225598.8930299997,837035.0,bull,5d_10%,2,False,-0.05597058555301582,1125636.4227299998,2023 Sideways
2023-02-15,1122557.8930299997,225598.8930299997,896959.0,recovery,5d_10%,2,False,0.05639195248057871,1125636.4227299998,2023 Sideways
2023-02-16,1163611.8930299997,225598.8930299997,938013.0,recovery,5d_10%,2,False,0.036571833181082036,1163611.8930299997,2023 Sideways
2023-02-17,1136328.8930299997,225598.8930299997,910730.0,sideways,5d_10%,2,False,-0.023446821198222834,1163611.8930299997,2023 Sideways
2023-02-20,1094561.7935899997,651441.7935899997,443119.99999999994,sideways,5d_10%,1,False,-0.03675617129529185,1163611.8930299997,2023 Sideways
2023-02-21,1077987.3770399997,1077987.3770399997,0.0,recovery,5d_10%,0,False,-0.015142513330050011,1163611.8930299997,2023 Sideways
2023-02-22,1073349.9235399996,432954.92353999964,640395.0,sideways,5d_10%,1,False,-0.004301955290732518,1163611.8930299997,2023 Sideways
2023-02-23,1080379.9235399996,432954.92353999964,647425.0,sideways,5d_10%,1,False,0.006549588205880141,1163611.8930299997,2023 Sideways
2023-02-24,1043838.6000899996,1043838.6000899996,0.0,sideways,5d_10%,0,False,-0.03382266057875993,1163611.8930299997,2023 Sideways
2023-02-27,1043838.6000899996,1043838.6000899996,0.0,sideways,5d_10%,0,False,0.0,1163611.8930299997,2023 Sideways
2023-02-28,984935.6550899995,984935.6550899995,0.0,sideways,5d_10%,0,False,-0.056429169217273145,1163611.8930299997,2023 Sideways
2023-03-01,984935.6550899995,984935.6550899995,0.0,sideways,5d_10%,0,True,0.0,1163611.8930299997,2023 Sideways
2023-03-02,984935.6550899995,984935.6550899995,0.0,sideways,5d_10%,0,True,0.0,1163611.8930299997,2023 Sideways
2023-03-03,984935.6550899995,984935.6550899995,0.0,sideways,5d_10%,0,True,0.0,1163611.8930299997,2023 Sideways
2023-03-06,984935.6550899995,984935.6550899995,0.0,recovery,5d_10%,0,True,0.0,1163611.8930299997,2023 Sideways
2023-03-07,984935.6550899995,984935.6550899995,0.0,sideways,5d_10%,0,True,0.0,1163611.8930299997,2023 Sideways
2023-03-08,930447.9725899996,393642.97258999955,536805.0,sideways,5d_10%,1,False,-0.0553210579984752,1163611.8930299997,2023 Sideways
2023-03-09,984167.9725899996,393642.97258999955,590525.0,sideways,5d_10%,1,False,0.05773563012928573,1163611.8930299997,2023 Sideways
2023-03-10,1043417.9725899996,393642.97258999955,649775.0,sideways,5d_10%,1,False,0.06020313772665653,1163611.8930299997,2023 Sideways
2023-03-13,1108592.9725899994,393642.97258999955,714950.0,sideways,5d_10%,1,False,0.06246298387809124,1163611.8930299997,2023 Sideways
2023-03-14,1180087.9725899994,393642.97258999955,786445.0,sideways,5d_10%,1,False,0.06449165903782217,1180087.9725899994,2023 Sideways
2023-03-15,1187608.6604899997,502138.6604899996,685470.0,sideways,5d_10%,1,False,0.0063729891963004714,1187608.6604899997,2023 Sideways
2023-03-16,1256155.6604899997,502138.6604899996,754017.0,sideways,5d_10%,1,False,0.05771850802411449,1256155.6604899997,2023 Sideways
2023-03-17,1331588.6604899997,502138.6604899996,829450.0,sideways,5d_10%,1,False,0.06005067872764691,1331588.6604899997,2023 Sideways
2023-03-20,1414533.6604899997,502138.6604899996,912395.0,sideways,5d_10%,1,False,0.06229025708996194,1414533.6604899997,2023 Sideways
2023-03-21,1505929.6604899997,502138.6604899996,1003791.0,sideways,5d_10%,1,False,0.06461210683974827,1505929.6604899997,2023 Sideways
2023-03-22,1445072.3192899995,1445072.3192899995,0.0,sideways,5d_10%,0,False,-0.04041180859682281,1505929.6604899997,2023 Sideways
2023-03-23,1445072.3192899995,1445072.3192899995,0.0,sideways,5d_10%,0,False,0.0,1505929.6604899997,2023 Sideways
2023-03-24,1445072.3192899995,1445072.3192899995,0.0,sideways,5d_10%,0,False,0.0,1505929.6604899997,2023 Sideways
2023-03-27,1445072.3192899995,1445072.3192899995,0.0,sideways,5d_10%,0,False,0.0,1505929.6604899997,2023 Sideways
2023-03-28,1445072.3192899995,1445072.3192899995,0.0,sideways,5d_10%,0,False,0.0,1505929.6604899997,2023 Sideways
2023-03-29,1445072.3192899995,1445072.3192899995,0.0,sideways,5d_10%,0,False,0.0,1505929.6604899997,2023 Sideways
2023-03-30,1445072.3192899995,1445072.3192899995,0.0,sideways,5d_10%,0,False,0.0,1505929.6604899997,2023 Sideways
2023-03-31,1445072.3192899995,1445072.3192899995,0.0,sideways,5d_10%,0,False,0.0,1505929.6604899997,2023 Sideways
2023-04-03,1445072.3192899995,1445072.3192899995,0.0,sideways,5d_10%,0,False,0.0,1505929.6604899997,2023 Sideways
2023-04-04,1445072.3192899995,1445072.3192899995,0.0,recovery,5d_10%,0,False,0.0,1505929.6604899997,2023 Sideways
2023-04-06,1445072.3192899995,1445072.3192899995,0.0,recovery,5d_10%,0,False,0.0,1505929.6604899997,2023 Sideways
2023-04-07,1445072.3192899995,1445072.3192899995,0.0,recovery,5d_10%,0,False,0.0,1505929.6604899997,2023 Sideways
2023-04-10,1445072.3192899995,1445072.3192899995,0.0,recovery,5d_10%,0,False,0.0,1505929.6604899997,2023 Sideways
2023-04-11,1445072.3192899995,1445072.3192899995,0.0,recovery,5d_10%,0,False,0.0,1505929.6604899997,2023 Sideways
2023-04-12,1445072.3192899995,1445072.3192899995,0.0,recovery,5d_10%,0,False,0.0,1505929.6604899997,2023 Sideways
2023-04-13,1445072.3192899995,1445072.3192899995,0.0,sideways,5d_10%,0,False,0.0,1505929.6604899997,2023 Sideways
2023-04-14,1445072.3192899995,1445072.3192899995,0.0,recovery,5d_10%,0,False,0.0,1505929.6604899997,2023 Sideways
2023-04-17,1445072.3192899995,1445072.3192899995,0.0,recovery,5d_10%,0,False,0.0,1505929.6604899997,2023 Sideways
2023-04-18,1445072.3192899995,1445072.3192899995,0.0,recovery,5d_10%,0,False,0.0,1505929.6604899997,2023 Sideways
2023-04-19,1445072.3192899995,1445072.3192899995,0.0,recovery,5d_10%,0,False,0.0,1505929.6604899997,2023 Sideways
2023-04-20,1445072.3192899995,1445072.3192899995,0.0,recovery,5d_10%,0,False,0.0,1505929.6604899997,2023 Sideways
2023-04-21,1445072.3192899995,1445072.3192899995,0.0,sideways,5d_10%,0,False,0.0,1505929.6604899997,2023 Sideways
2023-04-24,1445072.3192899995,1445072.3192899995,0.0,sideways,5d_10%,0,False,0.0,1505929.6604899997,2023 Sideways
2023-04-25,1445072.3192899995,1445072.3192899995,0.0,sideways,5d_10%,0,False,0.0,1505929.6604899997,2023 Sideways
2023-04-26,1445072.3192899995,1445072.3192899995,0.0,sideways,5d_10%,0,False,0.0,1505929.6604899997,2023 Sideways
2023-04-27,1445072.3192899995,1445072.3192899995,0.0,sideways,5d_10%,0,False,0.0,1505929.6604899997,2023 Sideways
2023-04-28,1445072.3192899995,1445072.3192899995,0.0,sideways,5d_10%,0,False,0.0,1505929.6604899997,2023 Sideways
2023-05-04,1445072.3192899995,1445072.3192899995,0.0,sideways,5d_10%,0,False,0.0,1505929.6604899997,2023 Sideways
2023-05-05,1445072.3192899995,1445072.3192899995,0.0,sideways,5d_10%,0,False,0.0,1505929.6604899997,2023 Sideways
2023-05-08,1445072.3192899995,1445072.3192899995,0.0,sideways,5d_10%,0,False,0.0,1505929.6604899997,2023 Sideways
2023-05-09,1445072.3192899995,1445072.3192899995,0.0,sideways,5d_10%,0,False,0.0,1505929.6604899997,2023 Sideways
2023-05-10,1445072.3192899995,1445072.3192899995,0.0,bear,5d_10%,0,False,0.0,1505929.6604899997,2023 Sideways
2023-05-11,1445072.3192899995,1445072.3192899995,0.0,sideways,5d_10%,0,False,0.0,1505929.6604899997,2023 Sideways
2023-05-12,1423603.9577899994,1011153.9577899994,412450.0,bear,5d_10%,1,False,-0.014856254052771578,1505929.6604899997,2023 Sideways
2023-05-15,1422100.1707399995,1422100.1707399995,0.0,sideways,5d_10%,0,False,-0.0010563240160799126,1505929.6604899997,2023 Sideways
2023-05-16,1422100.1707399995,1422100.1707399995,0.0,sideways,5d_10%,0,False,0.0,1505929.6604899997,2023 Sideways
2023-05-17,1422100.1707399995,1422100.1707399995,0.0,bear,5d_10%,0,False,0.0,1505929.6604899997,2023 Sideways
2023-05-18,1422100.1707399995,1422100.1707399995,0.0,bear,5d_10%,0,False,0.0,1505929.6604899997,2023 Sideways
2023-05-19,1422100.1707399995,1422100.1707399995,0.0,bear,5d_10%,0,False,0.0,1505929.6604899997,2023 Sideways
2023-05-22,1422100.1707399995,1422100.1707399995,0.0,bear,5d_10%,0,False,0.0,1505929.6604899997,2023 Sideways
2023-05-23,1446889.5595399993,994921.5595399995,451968.0,bear,5d_10%,1,False,0.017431534929849946,1505929.6604899997,2023 Sideways
2023-05-24,1400425.5595399993,994921.5595399995,405504.0,bear,5d_10%,1,False,-0.03211302458687448,1505929.6604899997,2023 Sideways
2023-05-25,1399484.8324999996,1399484.8324999996,0.0,bear,5d_10%,0,False,-0.0006717436950441913,1505929.6604899997,2023 Sideways
2023-05-26,1399484.8324999996,1399484.8324999996,0.0,sideways,5d_10%,0,False,0.0,1505929.6604899997,2023 Sideways
2023-05-29,1399484.8324999996,1399484.8324999996,0.0,bear,5d_10%,0,False,0.0,1505929.6604899997,2023 Sideways
2023-05-30,1399484.8324999996,1399484.8324999996,0.0,bear,5d_10%,0,False,0.0,1505929.6604899997,2023 Sideways
2023-05-31,1399484.8324999996,1399484.8324999996,0.0,bear,5d_10%,0,False,0.0,1505929.6604899997,2023 Sideways
2023-06-01,1379087.1860999996,979211.1860999996,399876.0,bear,5d_10%,1,False,-0.01457511073096962,1505929.6604899997,2023 Sideways
2023-06-02,1395364.3032999996,685073.3032999996,710291.0,bear,5d_10%,2,False,0.011802819549089572,1505929.6604899997,2023 Sideways
2023-06-05,1434374.3032999996,685073.3032999996,749301.0,bear,5d_10%,2,False,0.02795685679198079,1505929.6604899997,2023 Sideways
2023-06-06,1488992.3032999996,685073.3032999996,803919.0,bear,5d_10%,2,False,0.03807792699181989,1505929.6604899997,2023 Sideways
2023-06-07,1169156.3824999996,1169156.3824999996,0.0,bear,5d_10%,0,False,-0.2148002512109426,1505929.6604899997,2023 Sideways
2023-06-08,1169156.3824999996,1169156.3824999996,0.0,bear,5d_10%,0,True,0.0,1505929.6604899997,2023 Sideways
2023-06-09,1169156.3824999996,1169156.3824999996,0.0,sideways,5d_10%,0,True,0.0,1505929.6604899997,2023 Sideways
2023-06-12,1169156.3824999996,1169156.3824999996,0.0,bear,5d_10%,0,True,0.0,1505929.6604899997,2023 Sideways
2023-06-13,1169156.3824999996,1169156.3824999996,0.0,sideways,5d_10%,0,True,0.0,1505929.6604899997,2023 Sideways
2023-06-14,1169156.3824999996,1169156.3824999996,0.0,sideways,5d_10%,0,True,0.0,1505929.6604899997,2023 Sideways
2023-06-15,1104597.4204999995,467505.42049999954,637092.0,sideways,5d_10%,1,False,-0.055218414718785525,1505929.6604899997,2023 Sideways
2023-06-16,1168245.4204999995,467505.42049999954,700740.0,sideways,5d_10%,1,False,0.05762099278775201,1505929.6604899997,2023 Sideways
2023-06-19,1238625.4204999995,467505.42049999954,771120.0,sideways,5d_10%,1,False,0.06024419078816323,1505929.6604899997,2023 Sideways
2023-06-20,1275345.4204999995,467505.42049999954,807840.0,sideways,5d_10%,1,False,0.029645766502335302,1505929.6604899997,2023 Sideways
2023-06-21,1304109.4204999995,467505.42049999954,836604.0,sideways,5d_10%,1,False,0.022553889744413746,1505929.6604899997,2023 Sideways
2023-06-26,1311767.0092999996,1311767.0092999996,0.0,sideways,5d_10%,0,False,0.0058718913303026365,1505929.6604899997,2023 Sideways
2023-06-27,1311767.0092999996,1311767.0092999996,0.0,sideways,5d_10%,0,False,0.0,1505929.6604899997,2023 Sideways
2023-06-28,1311767.0092999996,1311767.0092999996,0.0,sideways,5d_10%,0,False,0.0,1505929.6604899997,2023 Sideways
2023-06-29,1311767.0092999996,1311767.0092999996,0.0,sideways,5d_10%,0,False,0.0,1505929.6604899997,2023 Sideways
2023-06-30,1311767.0092999996,1311767.0092999996,0.0,sideways,5d_10%,0,False,0.0,1505929.6604899997,2023 Sideways
2023-07-03,1311767.0092999996,1311767.0092999996,0.0,sideways,5d_10%,0,False,0.0,1505929.6604899997,2023 Sideways
2023-07-04,1311767.0092999996,1311767.0092999996,0.0,sideways,5d_10%,0,False,0.0,1505929.6604899997,2023 Sideways
2023-07-05,1311767.0092999996,1311767.0092999996,0.0,sideways,5d_10%,0,False,0.0,1505929.6604899997,2023 Sideways
2023-07-06,1311767.0092999996,1311767.0092999996,0.0,sideways,5d_10%,0,False,0.0,1505929.6604899997,2023 Sideways
2023-07-07,1311767.0092999996,1311767.0092999996,0.0,sideways,5d_10%,0,False,0.0,1505929.6604899997,2023 Sideways
2023-07-10,1311767.0092999996,1311767.0092999996,0.0,sideways,5d_10%,0,False,0.0,1505929.6604899997,2023 Sideways
2023-07-11,1311767.0092999996,1311767.0092999996,0.0,sideways,5d_10%,0,False,0.0,1505929.6604899997,2023 Sideways
2023-07-12,1311767.0092999996,1311767.0092999996,0.0,sideways,5d_10%,0,False,0.0,1505929.6604899997,2023 Sideways
2023-07-13,1311767.0092999996,1311767.0092999996,0.0,sideways,5d_10%,0,False,0.0,1505929.6604899997,2023 Sideways
2023-07-14,1239311.5030999994,524971.5030999994,714340.0,sideways,5d_10%,1,False,-0.05523504226460518,1505929.6604899997,2023 Sideways
2023-07-17,1310745.5030999994,524971.5030999994,785774.0000000001,sideways,5d_10%,1,False,0.05764006855525494,1505929.6604899997,2023 Sideways
2023-07-18,1357495.5030999994,524971.5030999994,832524.0000000001,sideways,5d_10%,1,False,0.03566672545466165,1505929.6604899997,2023 Sideways
2023-07-19,1275963.5030999994,524971.5030999994,750991.9999999999,sideways,5d_10%,1,False,-0.060060604115308,1505929.6604899997,2023 Sideways
2023-07-20,1267944.0053599994,507489.00535999925,760455.0,sideways,5d_10%,1,False,-0.00628505260574963,1505929.6604899997,2023 Sideways
2023-07-21,1229738.9112199992,1229738.9112199992,0.0,sideways,5d_10%,0,False,-0.0301315310285748,1505929.6604899997,2023 Sideways
2023-07-24,1229738.9112199992,1229738.9112199992,0.0,sideways,5d_10%,0,False,0.0,1505929.6604899997,2023 Sideways
2023-07-25,1229738.9112199992,1229738.9112199992,0.0,recovery,5d_10%,0,False,0.0,1505929.6604899997,2023 Sideways
2023-07-26,1229738.9112199992,1229738.9112199992,0.0,recovery,5d_10%,0,False,0.0,1505929.6604899997,2023 Sideways
2023-07-27,1229738.9112199992,1229738.9112199992,0.0,recovery,5d_10%,0,False,0.0,1505929.6604899997,2023 Sideways
2023-07-28,1229738.9112199992,1229738.9112199992,0.0,recovery,5d_10%,0,False,0.0,1505929.6604899997,2023 Sideways
2023-07-31,1229738.9112199992,1229738.9112199992,0.0,recovery,5d_10%,0,False,0.0,1505929.6604899997,2023 Sideways
2023-08-01,1229738.9112199992,1229738.9112199992,0.0,recovery,5d_10%,0,False,0.0,1505929.6604899997,2023 Sideways
2023-08-02,1229738.9112199992,1229738.9112199992,0.0,recovery,5d_10%,0,False,0.0,1505929.6604899997,2023 Sideways
2023-08-03,1229738.9112199992,1229738.9112199992,0.0,bull,5d_10%,0,False,0.0,1505929.6604899997,2023 Sideways
2023-08-04,1229738.9112199992,1229738.9112199992,0.0,bull,5d_10%,0,False,0.0,1505929.6604899997,2023 Sideways
2023-08-07,1229738.9112199992,1229738.9112199992,0.0,bull,5d_10%,0,False,0.0,1505929.6604899997,2023 Sideways
2023-08-08,1229738.9112199992,1229738.9112199992,0.0,recovery,5d_10%,0,False,0.0,1505929.6604899997,2023 Sideways
2023-08-09,1229738.9112199992,1229738.9112199992,0.0,bull,5d_10%,0,False,0.0,1505929.6604899997,2023 Sideways
2023-08-10,1229738.9112199992,1229738.9112199992,0.0,recovery,5d_10%,0,False,0.0,1505929.6604899997,2023 Sideways
2023-08-11,1229738.9112199992,1229738.9112199992,0.0,sideways,5d_10%,0,False,0.0,1505929.6604899997,2023 Sideways
2023-08-14,1229738.9112199992,1229738.9112199992,0.0,sideways,5d_10%,0,False,0.0,1505929.6604899997,2023 Sideways
2023-08-15,1229738.9112199992,1229738.9112199992,0.0,sideways,5d_10%,0,False,0.0,1505929.6604899997,2023 Sideways
2023-08-16,1229738.9112199992,1229738.9112199992,0.0,sideways,5d_10%,0,False,0.0,1505929.6604899997,2023 Sideways
2023-08-17,1229738.9112199992,1229738.9112199992,0.0,sideways,5d_10%,0,False,0.0,1505929.6604899997,2023 Sideways
2023-08-18,1229738.9112199992,1229738.9112199992,0.0,sideways,5d_10%,0,False,0.0,1505929.6604899997,2023 Sideways
2023-08-21,1229738.9112199992,1229738.9112199992,0.0,sideways,5d_10%,0,False,0.0,1505929.6604899997,2023 Sideways
2023-08-22,1229738.9112199992,1229738.9112199992,0.0,bear,5d_10%,0,False,0.0,1505929.6604899997,2023 Sideways
2023-08-23,1229738.9112199992,1229738.9112199992,0.0,bear,5d_10%,0,False,0.0,1505929.6604899997,2023 Sideways
2023-08-24,1229738.9112199992,1229738.9112199992,0.0,bear,5d_10%,0,False,0.0,1505929.6604899997,2023 Sideways
2023-08-25,1229738.9112199992,1229738.9112199992,0.0,bear,5d_10%,0,False,0.0,1505929.6604899997,2023 Sideways
2023-08-28,1225354.1472199992,860980.1472199992,364374.0,bear,5d_10%,1,False,-0.0035656056419731685,1505929.6604899997,2023 Sideways
2023-08-29,1261624.1472199992,860980.1472199992,400644.0,bear,5d_10%,1,False,0.02959960602596956,1505929.6604899997,2023 Sideways
2023-08-30,1246000.1472199992,860980.1472199992,385020.0,bear,5d_10%,1,False,-0.012384036905466411,1505929.6604899997,2023 Sideways
2023-08-31,1210216.3884199993,1210216.3884199993,0.0,bear,5d_10%,0,False,-0.028718904150885183,1505929.6604899997,2023 Sideways
2023-09-01,1210216.3884199993,1210216.3884199993,0.0,bear,5d_10%,0,False,0.0,1505929.6604899997,2023 Sideways
2023-09-04,1210216.3884199993,1210216.3884199993,0.0,bear,5d_10%,0,False,0.0,1505929.6604899997,2023 Sideways
2023-09-05,1210216.3884199993,1210216.3884199993,0.0,bear,5d_10%,0,False,0.0,1505929.6604899997,2023 Sideways
2023-09-06,1210216.3884199993,1210216.3884199993,0.0,bear,5d_10%,0,False,0.0,1505929.6604899997,2023 Sideways
2023-09-07,1210216.3884199993,1210216.3884199993,0.0,bear,5d_10%,0,False,0.0,1505929.6604899997,2023 Sideways
2023-09-08,1210216.3884199993,1210216.3884199993,0.0,bear,5d_10%,0,False,0.0,1505929.6604899997,2023 Sideways
2023-09-11,1174455.4009199992,483898.4009199992,690557.0,sideways,5d_10%,1,False,-0.0295492507308448,1505929.6604899997,2023 Sideways
2023-09-12,1209273.4009199992,483898.4009199992,725375.0,sideways,5d_10%,1,False,0.029646081045500372,1505929.6604899997,2023 Sideways
2023-09-13,1245749.4009199992,483898.4009199992,761851.0,sideways,5d_10%,1,False,0.030163567620233422,1505929.6604899997,2023 Sideways
2023-09-14,1283883.4009199992,483898.4009199992,799985.0,sideways,5d_10%,1,False,0.03061129306731969,1505929.6604899997,2023 Sideways
2023-09-15,1323675.4009199995,483898.4009199992,839777.0000000001,sideways,5d_10%,1,False,0.03099346869932762,1505929.6604899997,2023 Sideways
2023-09-18,1364366.7001199992,1364366.7001199992,0.0,sideways,5d_10%,0,False,0.0307411463352103,1505929.6604899997,2023 Sideways
2023-09-19,1364366.7001199992,1364366.7001199992,0.0,sideways,5d_10%,0,False,0.0,1505929.6604899997,2023 Sideways
2023-09-20,1364366.7001199992,1364366.7001199992,0.0,sideways,5d_10%,0,False,0.0,1505929.6604899997,2023 Sideways
2023-09-21,1364366.7001199992,1364366.7001199992,0.0,sideways,5d_10%,0,False,0.0,1505929.6604899997,2023 Sideways
2023-09-22,1364366.7001199992,1364366.7001199992,0.0,sideways,5d_10%,0,False,0.0,1505929.6604899997,2023 Sideways
2023-09-25,1364366.7001199992,1364366.7001199992,0.0,sideways,5d_10%,0,False,0.0,1505929.6604899997,2023 Sideways
2023-09-26,1364366.7001199992,1364366.7001199992,0.0,sideways,5d_10%,0,False,0.0,1505929.6604899997,2023 Sideways
2023-09-27,1364366.7001199992,1364366.7001199992,0.0,sideways,5d_10%,0,False,0.0,1505929.6604899997,2023 Sideways
2023-09-28,1364366.7001199992,1364366.7001199992,0.0,sideways,5d_10%,0,False,0.0,1505929.6604899997,2023 Sideways
2023-10-09,1364366.7001199992,1364366.7001199992,0.0,sideways,5d_10%,0,False,0.0,1505929.6604899997,2023 Sideways
2023-10-10,1364366.7001199992,1364366.7001199992,0.0,bear,5d_10%,0,False,0.0,1505929.6604899997,2023 Sideways
2023-10-11,1356030.3329199993,955091.3329199993,400939.0,bear,5d_10%,2,False,-0.006110063518309783,1505929.6604899997,2023 Sideways
2023-10-12,1353278.2193199992,1148694.2193199992,204584.0,sideways,5d_10%,1,False,-0.0020295369013418885,1505929.6604899997,2023 Sideways
2023-10-13,1342699.1806799993,1342699.1806799993,0.0,sideways,5d_10%,0,False,-0.007817341984056814,1505929.6604899997,2023 Sideways
2023-10-16,1342699.1806799993,1342699.1806799993,0.0,bear,5d_10%,0,False,0.0,1505929.6604899997,2023 Sideways
2023-10-17,1342699.1806799993,1342699.1806799993,0.0,bear,5d_10%,0,False,0.0,1505929.6604899997,2023 Sideways
2023-10-18,1342699.1806799993,1342699.1806799993,0.0,bear,5d_10%,0,False,0.0,1505929.6604899997,2023 Sideways
2023-10-19,1342699.1806799993,1342699.1806799993,0.0,bear,5d_10%,0,False,0.0,1505929.6604899997,2023 Sideways
2023-10-20,1342699.1806799993,1342699.1806799993,0.0,bear,5d_10%,0,False,0.0,1505929.6604899997,2023 Sideways
2023-10-23,1342699.1806799993,1342699.1806799993,0.0,bear,5d_10%,0,False,0.0,1505929.6604899997,2023 Sideways
2023-10-24,1342699.1806799993,1342699.1806799993,0.0,bear,5d_10%,0,False,0.0,1505929.6604899997,2023 Sideways
2023-10-25,1342699.1806799993,1342699.1806799993,0.0,bear,5d_10%,0,False,0.0,1505929.6604899997,2023 Sideways
2023-10-26,1342699.1806799993,1342699.1806799993,0.0,bear,5d_10%,0,False,0.0,1505929.6604899997,2023 Sideways
2023-10-27,1342699.1806799993,1342699.1806799993,0.0,sideways,5d_10%,0,False,0.0,1505929.6604899997,2023 Sideways
2023-10-30,1310660.4308799994,940831.4308799994,369829.0,bear,5d_10%,2,False,-0.0238614503240957,1505929.6604899997,2023 Sideways
2023-10-31,1331801.7159599995,1131107.7159599995,200694.0,bear,5d_10%,1,False,0.016130253559120122,1505929.6604899997,2023 Sideways
2023-11-01,1321423.8292199995,1321423.8292199995,0.0,bear,5d_10%,0,False,-0.007792366247643234,1505929.6604899997,2023 Sideways
2023-11-02,1307453.5027199995,924503.5027199995,382950.0,bear,5d_10%,1,False,-0.010572176913327125,1505929.6604899997,2023 Sideways
2023-11-03,1300410.4001699996,1300410.4001699996,0.0,sideways,5d_10%,0,False,-0.0053868856791829955,1505929.6604899997,2023 Sideways
2023-11-06,1300410.4001699996,1300410.4001699996,0.0,sideways,5d_10%,0,False,0.0,1505929.6604899997,2023 Sideways
2023-11-07,1228741.1489699995,519973.1489699995,708768.0,sideways,5d_10%,1,False,-0.055112794538271115,1505929.6604899997,2023 Sideways
2023-11-08,1299397.1489699995,519973.1489699995,779424.0,sideways,5d_10%,1,False,0.057502753984619126,1505929.6604899997,2023 Sideways
2023-11-09,1377413.1489699995,519973.1489699995,857440.0,sideways,5d_10%,1,False,0.060040150204917264,1505929.6604899997,2023 Sideways
2023-11-10,1463525.1489699995,519973.1489699995,943552.0,sideways,5d_10%,1,False,0.06251719033203118,1505929.6604899997,2023 Sideways
2023-11-13,1465733.1489699995,519973.1489699995,945760.0,sideways,5d_10%,1,False,0.0015086860663473534,1505929.6604899997,2023 Sideways
2023-11-14,1430235.7217699995,1430235.7217699995,0.0,sideways,5d_10%,0,False,-0.024218205902585166,1505929.6604899997,2023 Sideways
2023-11-15,1430235.7217699995,1430235.7217699995,0.0,sideways,5d_10%,0,False,0.0,1505929.6604899997,2023 Sideways
2023-11-16,1430235.7217699995,1430235.7217699995,0.0,sideways,5d_10%,0,False,0.0,1505929.6604899997,2023 Sideways
2023-11-17,1430235.7217699995,1430235.7217699995,0.0,sideways,5d_10%,0,False,0.0,1505929.6604899997,2023 Sideways
2023-11-20,1351462.4049699996,571184.4049699996,780278.0,sideways,5d_10%,1,False,-0.05507715658403034,1505929.6604899997,2023 Sideways
2023-11-21,1429120.4049699996,571184.4049699996,857935.9999999999,sideways,5d_10%,1,False,0.05746219777510109,1505929.6604899997,2023 Sideways
2023-11-22,1514174.4049699996,571184.4049699996,942989.9999999999,sideways,5d_10%,1,False,0.059514929395879435,1514174.4049699996,2023 Sideways
2023-11-23,1419875.4049699996,571184.4049699996,848691.0,sideways,5d_10%,1,False,-0.06227750230784568,1514174.4049699996,2023 Sideways
2023-11-24,1309498.8350099993,553138.8350099993,756360.0,sideways,5d_10%,2,False,-0.0777367997034446,1514174.4049699996,2023 Sideways
2023-11-27,1385551.8350099993,553138.8350099993,832413.0,sideways,5d_10%,2,False,0.058077943994061965,1514174.4049699996,2023 Sideways
2023-11-28,1405695.8287799992,947070.8287799993,458625.0,sideways,5d_10%,1,False,0.014538607117397628,1514174.4049699996,2023 Sideways
2023-11-29,1359945.8287799992,947070.8287799993,412875.0,sideways,5d_10%,1,False,-0.03254615903620228,1514174.4049699996,2023 Sideways
2023-11-30,1340729.7150299991,1340729.7150299991,0.0,sideways,5d_10%,0,False,-0.014130058229774312,1514174.4049699996,2023 Sideways
2023-12-01,1340729.7150299991,1340729.7150299991,0.0,sideways,5d_10%,0,False,0.0,1514174.4049699996,2023 Sideways
2023-12-04,1340729.7150299991,1340729.7150299991,0.0,bear,5d_10%,0,False,0.0,1514174.4049699996,2023 Sideways
2023-12-05,1340729.7150299991,1340729.7150299991,0.0,bear,5d_10%,0,False,0.0,1514174.4049699996,2023 Sideways
2023-12-06,1340729.7150299991,1340729.7150299991,0.0,bear,5d_10%,0,False,0.0,1514174.4049699996,2023 Sideways
2023-12-07,1340729.7150299991,1340729.7150299991,0.0,bear,5d_10%,0,False,0.0,1514174.4049699996,2023 Sideways
2023-12-08,1340729.7150299991,1340729.7150299991,0.0,bear,5d_10%,0,False,0.0,1514174.4049699996,2023 Sideways
2023-12-11,1340729.7150299991,1340729.7150299991,0.0,bear,5d_10%,0,False,0.0,1514174.4049699996,2023 Sideways
2023-12-12,1340729.7150299991,1340729.7150299991,0.0,bear,5d_10%,0,False,0.0,1514174.4049699996,2023 Sideways
2023-12-13,1340729.7150299991,1340729.7150299991,0.0,bear,5d_10%,0,False,0.0,1514174.4049699996,2023 Sideways
2023-12-14,1340729.7150299991,1340729.7150299991,0.0,bear,5d_10%,0,False,0.0,1514174.4049699996,2023 Sideways
2023-12-15,1340729.7150299991,1340729.7150299991,0.0,bear,5d_10%,0,False,0.0,1514174.4049699996,2023 Sideways
2023-12-18,1340729.7150299991,1340729.7150299991,0.0,severe_bear,5d_10%,0,False,0.0,1514174.4049699996,2023 Sideways
2023-12-19,1340729.7150299991,1340729.7150299991,0.0,bear,5d_10%,0,False,0.0,1514174.4049699996,2023 Sideways
2023-12-20,1323926.027029999,1140710.027029999,183216.0,severe_bear,5d_10%,1,False,-0.012533240526875433,1514174.4049699996,2023 Sideways
2023-12-21,1342230.027029999,1140710.027029999,201520.0,bear,5d_10%,1,False,0.013825545858526356,1514174.4049699996,2023 Sideways
2023-12-22,1362382.027029999,1140710.027029999,221672.0,bear,5d_10%,1,False,0.015013819981803733,1514174.4049699996,2023 Sideways
2023-12-25,1341174.027029999,1140710.027029999,200464.0,bear,5d_10%,1,False,-0.015566852453444024,1514174.4049699996,2023 Sideways
2023-12-26,1330140.437429999,1330140.437429999,0.0,bear,5d_10%,0,False,-0.008226814252012993,1514174.4049699996,2023 Sideways
2023-12-27,1330140.437429999,1330140.437429999,0.0,bear,5d_10%,0,False,0.0,1514174.4049699996,2023 Sideways
2023-12-28,1330140.437429999,1330140.437429999,0.0,sideways,5d_10%,0,False,0.0,1514174.4049699996,2023 Sideways
2023-12-29,1330140.437429999,1330140.437429999,0.0,sideways,5d_10%,0,False,0.0,1514174.4049699996,2023 Sideways
2024-01-02,1000000.0,1000000.0,0.0,sideways,5d_10%,0,False,0.0,1000000.0,2024-2025 Recovery
2024-01-03,1000000.0,1000000.0,0.0,sideways,5d_10%,0,False,0.0,1000000.0,2024-2025 Recovery
2024-01-04,1000000.0,1000000.0,0.0,sideways,5d_10%,0,False,0.0,1000000.0,2024-2025 Recovery
2024-01-05,1000000.0,1000000.0,0.0,sideways,5d_10%,0,False,0.0,1000000.0,2024-2025 Recovery
2024-01-08,1000000.0,1000000.0,0.0,bear,5d_10%,0,False,0.0,1000000.0,2024-2025 Recovery
2024-01-09,1000000.0,1000000.0,0.0,bear,5d_10%,0,False,0.0,1000000.0,2024-2025 Recovery
2024-01-10,1000000.0,1000000.0,0.0,bear,5d_10%,0,False,0.0,1000000.0,2024-2025 Recovery
2024-01-11,1000000.0,1000000.0,0.0,sideways,5d_10%,0,False,0.0,1000000.0,2024-2025 Recovery
2024-01-12,1000000.0,1000000.0,0.0,sideways,5d_10%,0,False,0.0,1000000.0,2024-2025 Recovery
2024-01-15,1000000.0,1000000.0,0.0,sideways,5d_10%,0,False,0.0,1000000.0,2024-2025 Recovery
2024-01-16,1000000.0,1000000.0,0.0,sideways,5d_10%,0,False,0.0,1000000.0,2024-2025 Recovery
2024-01-17,1000000.0,1000000.0,0.0,severe_bear,5d_10%,0,False,0.0,1000000.0,2024-2025 Recovery
2024-01-18,1000000.0,1000000.0,0.0,sideways,5d_10%,0,False,0.0,1000000.0,2024-2025 Recovery
2024-01-19,1000000.0,1000000.0,0.0,sideways,5d_10%,0,False,0.0,1000000.0,2024-2025 Recovery
2024-01-22,1000000.0,1000000.0,0.0,severe_bear,5d_10%,0,False,0.0,1000000.0,2024-2025 Recovery
2024-01-23,1000000.0,1000000.0,0.0,bear,5d_10%,0,False,0.0,1000000.0,2024-2025 Recovery
2024-01-24,1000000.0,1000000.0,0.0,sideways,5d_10%,0,False,0.0,1000000.0,2024-2025 Recovery
2024-01-25,947802.6344,399708.6344,548094.0,sideways,5d_10%,1,False,-0.05219736559999999,1000000.0,2024-2025 Recovery
2024-01-26,968219.86888,968219.86888,0.0,sideways,5d_10%,0,False,0.02154165196314839,1000000.0,2024-2025 Recovery
2024-01-29,974149.1825799999,680395.1825799999,293754.0,bear,5d_10%,3,False,0.0061239330967859384,1000000.0,2024-2025 Recovery
2024-01-30,955662.4348399998,603276.4348399998,352386.0,bear,5d_10%,2,False,-0.018977327159520496,1000000.0,2024-2025 Recovery
2024-01-31,940771.2869899998,657826.2869899998,282945.0,bear,5d_10%,2,False,-0.015582016522908582,1000000.0,2024-2025 Recovery
2024-02-01,938891.0829899998,460490.0829899998,478401.0,bear,5d_10%,3,False,-0.0019985771525996565,1000000.0,2024-2025 Recovery
2024-02-02,913780.5042299996,776808.5042299996,136972.0,severe_bear,5d_10%,1,False,-0.02674493262842892,1000000.0,2024-2025 Recovery
2024-02-05,940339.0613099996,363977.06130999955,576362.0,sideways,5d_10%,5,False,0.029064482068786868,1000000.0,2024-2025 Recovery
2024-02-06,908994.4160099996,186689.41600999952,722305.0,sideways,5d_10%,5,False,-0.033333343885909916,1000000.0,2024-2025 Recovery
2024-02-07,900996.4321099995,157342.43210999947,743654.0,sideways,5d_10%,5,False,-0.008798716206758428,1000000.0,2024-2025 Recovery
2024-02-08,909521.5837199995,534106.5837199995,375415.0,recovery,5d_10%,3,False,0.009461914949025374,1000000.0,2024-2025 Recovery
2024-02-19,929547.5837199995,534106.5837199995,395441.0,recovery,5d_10%,3,False,0.02201816906652443,1000000.0,2024-2025 Recovery
2024-02-20,935593.1209199996,797777.1209199996,137816.0,recovery,5d_10%,1,False,0.006503741503803395,1000000.0,2024-2025 Recovery
2024-02-21,937519.1209199996,797777.1209199996,139742.0,recovery,5d_10%,1,False,0.0020585871752734075,1000000.0,2024-2025 Recovery
2024-02-22,944316.8737199996,944316.8737199996,0.0,recovery,5d_10%,0,False,0.007250788435471334,1000000.0,2024-2025 Recovery
2024-02-23,944316.8737199996,944316.8737199996,0.0,recovery,5d_10%,0,False,0.0,1000000.0,2024-2025 Recovery
2024-02-26,944316.8737199996,944316.8737199996,0.0,recovery,5d_10%,0,False,0.0,1000000.0,2024-2025 Recovery
2024-02-27,944316.8737199996,944316.8737199996,0.0,recovery,5d_10%,0,False,0.0,1000000.0,2024-2025 Recovery
2024-02-28,944316.8737199996,944316.8737199996,0.0,recovery,5d_10%,0,False,0.0,1000000.0,2024-2025 Recovery
2024-02-29,944316.8737199996,944316.8737199996,0.0,bull,5d_10%,0,False,0.0,1000000.0,2024-2025 Recovery
2024-03-01,944316.8737199996,944316.8737199996,0.0,bull,5d_10%,0,False,0.0,1000000.0,2024-2025 Recovery
2024-03-04,944316.8737199996,944316.8737199996,0.0,bull,5d_10%,0,False,0.0,1000000.0,2024-2025 Recovery
2024-03-05,944316.8737199996,944316.8737199996,0.0,bull,5d_10%,0,False,0.0,1000000.0,2024-2025 Recovery
2024-03-06,905571.0097199995,188055.0097199995,717516.0,bull,5d_10%,1,False,-0.041030574670731346,1000000.0,2024-2025 Recovery
2024-03-07,904279.4809199995,904279.4809199995,0.0,bull,5d_10%,0,False,-0.0014262037831790364,1000000.0,2024-2025 Recovery
2024-03-08,852358.5624199995,181095.5624199995,671263.0,bull,5d_10%,1,False,-0.057416893333880004,1000000.0,2024-2025 Recovery
2024-03-11,820338.0854699994,820338.0854699994,0.0,bull,5d_10%,0,False,-0.03756690946951746,1000000.0,2024-2025 Recovery
2024-03-12,820338.0854699994,820338.0854699994,0.0,bull,5d_10%,0,True,0.0,1000000.0,2024-2025 Recovery
2024-03-13,820338.0854699994,820338.0854699994,0.0,bull,5d_10%,0,True,0.0,1000000.0,2024-2025 Recovery
2024-03-14,820338.0854699994,820338.0854699994,0.0,bull,5d_10%,0,True,0.0,1000000.0,2024-2025 Recovery
2024-03-15,820338.0854699994,820338.0854699994,0.0,bull,5d_10%,0,True,0.0,1000000.0,2024-2025 Recovery
2024-03-18,820338.0854699994,820338.0854699994,0.0,bull,5d_10%,0,True,0.0,1000000.0,2024-2025 Recovery
2024-03-19,820321.4043699992,820321.4043699992,0.0,bull,5d_10%,0,False,-2.033442100957128e-05,1000000.0,2024-2025 Recovery
2024-03-20,820321.4043699992,820321.4043699992,0.0,bull,5d_10%,0,True,0.0,1000000.0,2024-2025 Recovery
2024-03-21,820321.4043699992,820321.4043699992,0.0,recovery,5d_10%,0,True,0.0,1000000.0,2024-2025 Recovery
2024-03-22,820321.4043699992,820321.4043699992,0.0,recovery,5d_10%,0,True,0.0,1000000.0,2024-2025 Recovery
2024-03-25,820321.4043699992,820321.4043699992,0.0,recovery,5d_10%,0,True,0.0,1000000.0,2024-2025 Recovery
2024-03-26,820321.4043699992,820321.4043699992,0.0,recovery,5d_10%,0,True,0.0,1000000.0,2024-2025 Recovery
2024-03-27,820321.4043699992,820321.4043699992,0.0,recovery,5d_10%,0,False,0.0,1000000.0,2024-2025 Recovery
2024-03-28,820321.4043699992,820321.4043699992,0.0,recovery,5d_10%,0,True,0.0,1000000.0,2024-2025 Recovery
2024-03-29,820321.4043699992,820321.4043699992,0.0,sideways,5d_10%,0,True,0.0,1000000.0,2024-2025 Recovery
2024-04-01,820321.4043699992,820321.4043699992,0.0,recovery,5d_10%,0,True,0.0,1000000.0,2024-2025 Recovery
2024-04-02,820321.4043699992,820321.4043699992,0.0,recovery,5d_10%,0,True,0.0,1000000.0,2024-2025 Recovery
2024-04-03,820321.4043699992,820321.4043699992,0.0,recovery,5d_10%,0,True,0.0,1000000.0,2024-2025 Recovery
2024-04-08,820321.4043699992,820321.4043699992,0.0,recovery,5d_10%,0,False,0.0,1000000.0,2024-2025 Recovery
2024-04-09,820321.4043699992,820321.4043699992,0.0,sideways,5d_10%,0,True,0.0,1000000.0,2024-2025 Recovery
2024-04-10,820321.4043699992,820321.4043699992,0.0,sideways,5d_10%,0,True,0.0,1000000.0,2024-2025 Recovery
2024-04-11,820321.4043699992,820321.4043699992,0.0,sideways,5d_10%,0,True,0.0,1000000.0,2024-2025 Recovery
2024-04-12,820321.4043699992,820321.4043699992,0.0,sideways,5d_10%,0,True,0.0,1000000.0,2024-2025 Recovery
2024-04-15,820321.4043699992,820321.4043699992,0.0,sideways,5d_10%,0,True,0.0,1000000.0,2024-2025 Recovery
2024-04-16,820321.4043699992,820321.4043699992,0.0,sideways,5d_10%,0,False,0.0,1000000.0,2024-2025 Recovery
2024-04-17,820321.4043699992,820321.4043699992,0.0,sideways,5d_10%,0,True,0.0,1000000.0,2024-2025 Recovery
2024-04-18,820321.4043699992,820321.4043699992,0.0,sideways,5d_10%,0,True,0.0,1000000.0,2024-2025 Recovery
2024-04-19,820321.4043699992,820321.4043699992,0.0,sideways,5d_10%,0,True,0.0,1000000.0,2024-2025 Recovery
2024-04-22,820321.4043699992,820321.4043699992,0.0,sideways,5d_10%,0,True,0.0,1000000.0,2024-2025 Recovery
2024-04-23,820321.4043699992,820321.4043699992,0.0,sideways,5d_10%,0,True,0.0,1000000.0,2024-2025 Recovery
2024-04-24,820321.4043699992,820321.4043699992,0.0,sideways,5d_10%,0,False,0.0,1000000.0,2024-2025 Recovery
2024-04-25,820321.4043699992,820321.4043699992,0.0,sideways,5d_10%,0,True,0.0,1000000.0,2024-2025 Recovery
2024-04-26,820321.4043699992,820321.4043699992,0.0,recovery,5d_10%,0,True,0.0,1000000.0,2024-2025 Recovery
2024-04-29,820321.4043699992,820321.4043699992,0.0,recovery,5d_10%,0,True,0.0,1000000.0,2024-2025 Recovery
2024-04-30,820321.4043699992,820321.4043699992,0.0,recovery,5d_10%,0,True,0.0,1000000.0,2024-2025 Recovery
2024-05-06,820321.4043699992,820321.4043699992,0.0,recovery,5d_10%,0,True,0.0,1000000.0,2024-2025 Recovery
2024-05-07,820321.4043699992,820321.4043699992,0.0,recovery,5d_10%,0,False,0.0,1000000.0,2024-2025 Recovery
2024-05-08,820321.4043699992,820321.4043699992,0.0,recovery,5d_10%,0,True,0.0,1000000.0,2024-2025 Recovery
2024-05-09,820321.4043699992,820321.4043699992,0.0,bull,5d_10%,0,True,0.0,1000000.0,2024-2025 Recovery
2024-05-10,820321.4043699992,820321.4043699992,0.0,bull,5d_10%,0,True,0.0,1000000.0,2024-2025 Recovery
2024-05-13,820321.4043699992,820321.4043699992,0.0,bull,5d_10%,0,True,0.0,1000000.0,2024-2025 Recovery
2024-05-14,820321.4043699992,820321.4043699992,0.0,bull,5d_10%,0,True,0.0,1000000.0,2024-2025 Recovery
2024-05-15,820321.4043699992,820321.4043699992,0.0,bull,5d_10%,0,False,0.0,1000000.0,2024-2025 Recovery
2024-05-16,820321.4043699992,820321.4043699992,0.0,recovery,5d_10%,0,True,0.0,1000000.0,2024-2025 Recovery
2024-05-17,820321.4043699992,820321.4043699992,0.0,bull,5d_10%,0,True,0.0,1000000.0,2024-2025 Recovery
2024-05-20,820321.4043699992,820321.4043699992,0.0,bull,5d_10%,0,True,0.0,1000000.0,2024-2025 Recovery
2024-05-21,820321.4043699992,820321.4043699992,0.0,recovery,5d_10%,0,True,0.0,1000000.0,2024-2025 Recovery
2024-05-22,820321.4043699992,820321.4043699992,0.0,bull,5d_10%,0,True,0.0,1000000.0,2024-2025 Recovery
2024-05-23,812278.925569999,812278.925569999,0.0,bull,5d_10%,0,False,-0.009804058210789668,1000000.0,2024-2025 Recovery
2024-05-24,812278.925569999,812278.925569999,0.0,recovery,5d_10%,0,True,0.0,1000000.0,2024-2025 Recovery
2024-05-27,812278.925569999,812278.925569999,0.0,recovery,5d_10%,0,True,0.0,1000000.0,2024-2025 Recovery
2024-05-28,812278.925569999,812278.925569999,0.0,recovery,5d_10%,0,True,0.0,1000000.0,2024-2025 Recovery
2024-05-29,812278.925569999,812278.925569999,0.0,recovery,5d_10%,0,True,0.0,1000000.0,2024-2025 Recovery
2024-05-30,812278.925569999,812278.925569999,0.0,sideways,5d_10%,0,True,0.0,1000000.0,2024-2025 Recovery
2024-05-31,812278.925569999,812278.925569999,0.0,sideways,5d_10%,0,False,0.0,1000000.0,2024-2025 Recovery
2024-06-03,812278.925569999,812278.925569999,0.0,sideways,5d_10%,0,True,0.0,1000000.0,2024-2025 Recovery
2024-06-04,812278.925569999,812278.925569999,0.0,sideways,5d_10%,0,True,0.0,1000000.0,2024-2025 Recovery
2024-06-05,812278.925569999,812278.925569999,0.0,sideways,5d_10%,0,True,0.0,1000000.0,2024-2025 Recovery
2024-06-06,812278.925569999,812278.925569999,0.0,sideways,5d_10%,0,True,0.0,1000000.0,2024-2025 Recovery
2024-06-07,812278.925569999,812278.925569999,0.0,sideways,5d_10%,0,True,0.0,1000000.0,2024-2025 Recovery
2024-06-11,796840.773669999,796840.773669999,0.0,sideways,5d_10%,0,False,-0.019005973704373402,1000000.0,2024-2025 Recovery
2024-06-12,796840.773669999,796840.773669999,0.0,sideways,5d_10%,0,True,0.0,1000000.0,2024-2025 Recovery
2024-06-13,796840.773669999,796840.773669999,0.0,sideways,5d_10%,0,True,0.0,1000000.0,2024-2025 Recovery
2024-06-14,796840.773669999,796840.773669999,0.0,sideways,5d_10%,0,True,0.0,1000000.0,2024-2025 Recovery
2024-06-17,796840.773669999,796840.773669999,0.0,sideways,5d_10%,0,True,0.0,1000000.0,2024-2025 Recovery
2024-06-18,796840.773669999,796840.773669999,0.0,sideways,5d_10%,0,True,0.0,1000000.0,2024-2025 Recovery
2024-06-19,796840.773669999,796840.773669999,0.0,sideways,5d_10%,0,False,0.0,1000000.0,2024-2025 Recovery
2024-06-20,796840.773669999,796840.773669999,0.0,sideways,5d_10%,0,True,0.0,1000000.0,2024-2025 Recovery
2024-06-21,796840.773669999,796840.773669999,0.0,sideways,5d_10%,0,True,0.0,1000000.0,2024-2025 Recovery
2024-06-24,796840.773669999,796840.773669999,0.0,bear,5d_10%,0,True,0.0,1000000.0,2024-2025 Recovery
2024-06-25,796840.773669999,796840.773669999,0.0,bear,5d_10%,0,True,0.0,1000000.0,2024-2025 Recovery
2024-06-26,796840.773669999,796840.773669999,0.0,bear,5d_10%,0,True,0.0,1000000.0,2024-2025 Recovery
2024-06-27,804893.2716699989,804893.2716699989,0.0,bear,5d_10%,0,False,0.010105529568865679,1000000.0,2024-2025 Recovery
2024-06-28,804893.2716699989,804893.2716699989,0.0,bear,5d_10%,0,True,0.0,1000000.0,2024-2025 Recovery
2024-07-01,804893.2716699989,804893.2716699989,0.0,sideways,5d_10%,0,True,0.0,1000000.0,2024-2025 Recovery
2024-07-02,804893.2716699989,804893.2716699989,0.0,bear,5d_10%,0,True,0.0,1000000.0,2024-2025 Recovery
2024-07-03,804893.2716699989,804893.2716699989,0.0,bear,5d_10%,0,True,0.0,1000000.0,2024-2025 Recovery
2024-07-04,804893.2716699989,804893.2716699989,0.0,bear,5d_10%,0,True,0.0,1000000.0,2024-2025 Recovery
2024-07-05,805813.2834699989,805813.2834699989,0.0,bear,5d_10%,0,False,0.0011430233453078031,1000000.0,2024-2025 Recovery
2024-07-08,805813.2834699989,805813.2834699989,0.0,bear,5d_10%,0,True,0.0,1000000.0,2024-2025 Recovery
2024-07-09,805813.2834699989,805813.2834699989,0.0,sideways,5d_10%,0,True,0.0,1000000.0,2024-2025 Recovery
2024-07-10,805813.2834699989,805813.2834699989,0.0,bear,5d_10%,0,True,0.0,1000000.0,2024-2025 Recovery
2024-07-11,805813.2834699989,805813.2834699989,0.0,sideways,5d_10%,0,True,0.0,1000000.0,2024-2025 Recovery
2024-07-12,805813.2834699989,805813.2834699989,0.0,sideways,5d_10%,0,True,0.0,1000000.0,2024-2025 Recovery
2024-07-15,779776.8484699989,779776.8484699989,0.0,sideways,5d_10%,0,False,-0.03231075428278085,1000000.0,2024-2025 Recovery
2024-07-16,779776.8484699989,779776.8484699989,0.0,sideways,5d_10%,0,True,0.0,1000000.0,2024-2025 Recovery
2024-07-17,779776.8484699989,779776.8484699989,0.0,sideways,5d_10%,0,True,0.0,1000000.0,2024-2025 Recovery
2024-07-18,779776.8484699989,779776.8484699989,0.0,sideways,5d_10%,0,True,0.0,1000000.0,2024-2025 Recovery
2024-07-19,779776.8484699989,779776.8484699989,0.0,sideways,5d_10%,0,True,0.0,1000000.0,2024-2025 Recovery
2024-07-22,779776.8484699989,779776.8484699989,0.0,sideways,5d_10%,0,True,0.0,1000000.0,2024-2025 Recovery
2024-07-23,754833.1014699988,754833.1014699988,0.0,sideways,5d_10%,0,False,-0.03198831441192729,1000000.0,2024-2025 Recovery
2024-07-24,754833.1014699988,754833.1014699988,0.0,sideways,5d_10%,0,True,0.0,1000000.0,2024-2025 Recovery
2024-07-25,754833.1014699988,754833.1014699988,0.0,sideways,5d_10%,0,True,0.0,1000000.0,2024-2025 Recovery
2024-07-26,754833.1014699988,754833.1014699988,0.0,sideways,5d_10%,0,True,0.0,1000000.0,2024-2025 Recovery
2024-07-29,754833.1014699988,754833.1014699988,0.0,sideways,5d_10%,0,True,0.0,1000000.0,2024-2025 Recovery
2024-07-30,754833.1014699988,754833.1014699988,0.0,sideways,5d_10%,0,True,0.0,1000000.0,2024-2025 Recovery
2024-07-31,754833.1014699988,754833.1014699988,0.0,sideways,5d_10%,0,False,0.0,1000000.0,2024-2025 Recovery
2024-08-01,754833.1014699988,754833.1014699988,0.0,sideways,5d_10%,0,True,0.0,1000000.0,2024-2025 Recovery
2024-08-02,754833.1014699988,754833.1014699988,0.0,sideways,5d_10%,0,True,0.0,1000000.0,2024-2025 Recovery
2024-08-05,754833.1014699988,754833.1014699988,0.0,sideways,5d_10%,0,True,0.0,1000000.0,2024-2025 Recovery
2024-08-06,754833.1014699988,754833.1014699988,0.0,sideways,5d_10%,0,True,0.0,1000000.0,2024-2025 Recovery
2024-08-07,754833.1014699988,754833.1014699988,0.0,sideways,5d_10%,0,True,0.0,1000000.0,2024-2025 Recovery
2024-08-08,742993.5070699989,742993.5070699989,0.0,bear,5d_10%,0,False,-0.01568504928697867,1000000.0,2024-2025 Recovery
2024-08-09,742993.5070699989,742993.5070699989,0.0,bear,5d_10%,0,True,0.0,1000000.0,2024-2025 Recovery
2024-08-12,742993.5070699989,742993.5070699989,0.0,bear,5d_10%,0,True,0.0,1000000.0,2024-2025 Recovery
2024-08-13,742993.5070699989,742993.5070699989,0.0,bear,5d_10%,0,True,0.0,1000000.0,2024-2025 Recovery
2024-08-14,742993.5070699989,742993.5070699989,0.0,bear,5d_10%,0,True,0.0,1000000.0,2024-2025 Recovery
2024-08-15,742993.5070699989,742993.5070699989,0.0,bear,5d_10%,0,True,0.0,1000000.0,2024-2025 Recovery
2024-08-16,742993.5070699989,742993.5070699989,0.0,bear,5d_10%,0,False,0.0,1000000.0,2024-2025 Recovery
2024-08-19,742993.5070699989,742993.5070699989,0.0,bear,5d_10%,0,True,0.0,1000000.0,2024-2025 Recovery
2024-08-20,742993.5070699989,742993.5070699989,0.0,bear,5d_10%,0,True,0.0,1000000.0,2024-2025 Recovery
2024-08-21,742993.5070699989,742993.5070699989,0.0,sideways,5d_10%,0,True,0.0,1000000.0,2024-2025 Recovery
2024-08-22,742993.5070699989,742993.5070699989,0.0,sideways,5d_10%,0,True,0.0,1000000.0,2024-2025 Recovery
2024-08-23,742993.5070699989,742993.5070699989,0.0,sideways,5d_10%,0,True,0.0,1000000.0,2024-2025 Recovery
2024-08-26,714109.244669999,714109.244669999,0.0,sideways,5d_10%,0,False,-0.03887552465149424,1000000.0,2024-2025 Recovery
2024-08-27,714109.244669999,714109.244669999,0.0,sideways,5d_10%,0,True,0.0,1000000.0,2024-2025 Recovery
2024-08-28,714109.244669999,714109.244669999,0.0,bear,5d_10%,0,True,0.0,1000000.0,2024-2025 Recovery
2024-08-29,714109.244669999,714109.244669999,0.0,bear,5d_10%,0,True,0.0,1000000.0,2024-2025 Recovery
2024-08-30,714109.244669999,714109.244669999,0.0,sideways,5d_10%,0,True,0.0,1000000.0,2024-2025 Recovery
2024-09-02,714109.244669999,714109.244669999,0.0,sideways,5d_10%,0,True,0.0,1000000.0,2024-2025 Recovery
2024-09-03,692537.662169999,692537.662169999,0.0,sideways,5d_10%,0,False,-0.030207678532391147,1000000.0,2024-2025 Recovery
2024-09-04,692537.662169999,692537.662169999,0.0,sideways,5d_10%,0,True,0.0,1000000.0,2024-2025 Recovery
2024-09-05,692537.662169999,692537.662169999,0.0,sideways,5d_10%,0,True,0.0,1000000.0,2024-2025 Recovery
2024-09-06,692537.662169999,692537.662169999,0.0,bear,5d_10%,0,True,0.0,1000000.0,2024-2025 Recovery
2024-09-09,692537.662169999,692537.662169999,0.0,bear,5d_10%,0,True,0.0,1000000.0,2024-2025 Recovery
2024-09-10,692537.662169999,692537.662169999,0.0,bear,5d_10%,0,True,0.0,1000000.0,2024-2025 Recovery
2024-09-11,673058.1611699989,673058.1611699989,0.0,bear,5d_10%,0,False,-0.02812771357295274,1000000.0,2024-2025 Recovery
2024-09-12,673058.1611699989,673058.1611699989,0.0,bear,5d_10%,0,True,0.0,1000000.0,2024-2025 Recovery
2024-09-13,673058.1611699989,673058.1611699989,0.0,bear,5d_10%,0,True,0.0,1000000.0,2024-2025 Recovery
2024-09-18,673058.1611699989,673058.1611699989,0.0,bear,5d_10%,0,True,0.0,1000000.0,2024-2025 Recovery
2024-09-19,673058.1611699989,673058.1611699989,0.0,bear,5d_10%,0,True,0.0,1000000.0,2024-2025 Recovery
2024-09-20,673058.1611699989,673058.1611699989,0.0,bear,5d_10%,0,True,0.0,1000000.0,2024-2025 Recovery
2024-09-23,665186.3125699989,665186.3125699989,0.0,bear,5d_10%,0,False,-0.011695643934123257,1000000.0,2024-2025 Recovery
2024-09-24,665186.3125699989,665186.3125699989,0.0,recovery,5d_10%,0,True,0.0,1000000.0,2024-2025 Recovery
2024-09-25,665186.3125699989,665186.3125699989,0.0,recovery,5d_10%,0,True,0.0,1000000.0,2024-2025 Recovery
2024-09-26,665186.3125699989,665186.3125699989,0.0,recovery,5d_10%,0,True,0.0,1000000.0,2024-2025 Recovery
2024-09-27,665186.3125699989,665186.3125699989,0.0,recovery,5d_10%,0,True,0.0,1000000.0,2024-2025 Recovery
2024-09-30,665186.3125699989,665186.3125699989,0.0,recovery,5d_10%,0,True,0.0,1000000.0,2024-2025 Recovery
2024-10-08,665186.3125699989,665186.3125699989,0.0,recovery,5d_10%,0,False,0.0,1000000.0,2024-2025 Recovery
2024-10-09,665186.3125699989,665186.3125699989,0.0,bull,5d_10%,0,True,0.0,1000000.0,2024-2025 Recovery
2024-10-10,665186.3125699989,665186.3125699989,0.0,bull,5d_10%,0,True,0.0,1000000.0,2024-2025 Recovery
2024-10-11,665186.3125699989,665186.3125699989,0.0,bull,5d_10%,0,True,0.0,1000000.0,2024-2025 Recovery
2024-10-14,665186.3125699989,665186.3125699989,0.0,bull,5d_10%,0,True,0.0,1000000.0,2024-2025 Recovery
2024-10-15,665186.3125699989,665186.3125699989,0.0,bull,5d_10%,0,True,0.0,1000000.0,2024-2025 Recovery
2024-10-16,638246.5437699988,638246.5437699988,0.0,bull,5d_10%,0,False,-0.04049958378715912,1000000.0,2024-2025 Recovery
2024-10-17,638246.5437699988,638246.5437699988,0.0,bull,5d_10%,0,True,0.0,1000000.0,2024-2025 Recovery
2024-10-18,638246.5437699988,638246.5437699988,0.0,bull,5d_10%,0,True,0.0,1000000.0,2024-2025 Recovery
2024-10-21,638246.5437699988,638246.5437699988,0.0,bull,5d_10%,0,True,0.0,1000000.0,2024-2025 Recovery
2024-10-22,638246.5437699988,638246.5437699988,0.0,bull,5d_10%,0,True,0.0,1000000.0,2024-2025 Recovery
2024-10-23,638246.5437699988,638246.5437699988,0.0,bull,5d_10%,0,True,0.0,1000000.0,2024-2025 Recovery
2024-10-24,601095.9639699988,601095.9639699988,0.0,bull,5d_10%,0,False,-0.05820725574252039,1000000.0,2024-2025 Recovery
2024-10-25,601095.9639699988,601095.9639699988,0.0,bull,5d_10%,0,True,0.0,1000000.0,2024-2025 Recovery
2024-10-28,601095.9639699988,601095.9639699988,0.0,bull,5d_10%,0,True,0.0,1000000.0,2024-2025 Recovery
2024-10-29,601095.9639699988,601095.9639699988,0.0,bull,5d_10%,0,True,0.0,1000000.0,2024-2025 Recovery
2024-10-30,601095.9639699988,601095.9639699988,0.0,recovery,5d_10%,0,True,0.0,1000000.0,2024-2025 Recovery
2024-10-31,601095.9639699988,601095.9639699988,0.0,recovery,5d_10%,0,True,0.0,1000000.0,2024-2025 Recovery
2024-11-01,601095.9639699988,601095.9639699988,0.0,recovery,5d_10%,0,False,0.0,1000000.0,2024-2025 Recovery
2024-11-04,601095.9639699988,601095.9639699988,0.0,sideways,5d_10%,0,True,0.0,1000000.0,2024-2025 Recovery
2024-11-05,601095.9639699988,601095.9639699988,0.0,sideways,5d_10%,0,True,0.0,1000000.0,2024-2025 Recovery
2024-11-06,601095.9639699988,601095.9639699988,0.0,recovery,5d_10%,0,True,0.0,1000000.0,2024-2025 Recovery
2024-11-07,601095.9639699988,601095.9639699988,0.0,bull,5d_10%,0,True,0.0,1000000.0,2024-2025 Recovery
2024-11-08,601095.9639699988,601095.9639699988,0.0,bull,5d_10%,0,True,0.0,1000000.0,2024-2025 Recovery
2024-11-11,578021.8486699987,578021.8486699987,0.0,bull,5d_10%,0,False,-0.03838674135757747,1000000.0,2024-2025 Recovery
2024-11-12,578021.8486699987,578021.8486699987,0.0,bull,5d_10%,0,True,0.0,1000000.0,2024-2025 Recovery
2024-11-13,578021.8486699987,578021.8486699987,0.0,bull,5d_10%,0,True,0.0,1000000.0,2024-2025 Recovery
2024-11-14,578021.8486699987,578021.8486699987,0.0,bull,5d_10%,0,True,0.0,1000000.0,2024-2025 Recovery
2024-11-15,578021.8486699987,578021.8486699987,0.0,recovery,5d_10%,0,True,0.0,1000000.0,2024-2025 Recovery
2024-11-18,578021.8486699987,578021.8486699987,0.0,recovery,5d_10%,0,True,0.0,1000000.0,2024-2025 Recovery
2024-11-19,578021.8486699987,578021.8486699987,0.0,recovery,5d_10%,0,False,0.0,1000000.0,2024-2025 Recovery
2024-11-20,578021.8486699987,578021.8486699987,0.0,recovery,5d_10%,0,True,0.0,1000000.0,2024-2025 Recovery
2024-11-21,578021.8486699987,578021.8486699987,0.0,recovery,5d_10%,0,True,0.0,1000000.0,2024-2025 Recovery
2024-11-22,578021.8486699987,578021.8486699987,0.0,sideways,5d_10%,0,True,0.0,1000000.0,2024-2025 Recovery
2024-11-25,578021.8486699987,578021.8486699987,0.0,sideways,5d_10%,0,True,0.0,1000000.0,2024-2025 Recovery
2024-11-26,578021.8486699987,578021.8486699987,0.0,sideways,5d_10%,0,True,0.0,1000000.0,2024-2025 Recovery
2024-11-27,578021.8486699987,578021.8486699987,0.0,recovery,5d_10%,0,False,0.0,1000000.0,2024-2025 Recovery
2024-11-28,578021.8486699987,578021.8486699987,0.0,sideways,5d_10%,0,True,0.0,1000000.0,2024-2025 Recovery
2024-11-29,578021.8486699987,578021.8486699987,0.0,recovery,5d_10%,0,True,0.0,1000000.0,2024-2025 Recovery
2024-12-02,578021.8486699987,578021.8486699987,0.0,recovery,5d_10%,0,True,0.0,1000000.0,2024-2025 Recovery
2024-12-03,578021.8486699987,578021.8486699987,0.0,sideways,5d_10%,0,True,0.0,1000000.0,2024-2025 Recovery
2024-12-04,578021.8486699987,578021.8486699987,0.0,sideways,5d_10%,0,True,0.0,1000000.0,2024-2025 Recovery
2024-12-05,545553.3786699986,545553.3786699986,0.0,sideways,5d_10%,0,False,-0.05617170021290463,1000000.0,2024-2025 Recovery
2024-12-06,545553.3786699986,545553.3786699986,0.0,sideways,5d_10%,0,True,0.0,1000000.0,2024-2025 Recovery
2024-12-09,545553.3786699986,545553.3786699986,0.0,sideways,5d_10%,0,True,0.0,1000000.0,2024-2025 Recovery
2024-12-10,545553.3786699986,545553.3786699986,0.0,sideways,5d_10%,0,True,0.0,1000000.0,2024-2025 Recovery
2024-12-11,545553.3786699986,545553.3786699986,0.0,sideways,5d_10%,0,True,0.0,1000000.0,2024-2025 Recovery
2024-12-12,545553.3786699986,545553.3786699986,0.0,sideways,5d_10%,0,True,0.0,1000000.0,2024-2025 Recovery
2024-12-13,514877.55186999857,514877.55186999857,0.0,sideways,5d_10%,0,False,-0.05622882746099833,1000000.0,2024-2025 Recovery
2024-12-16,514877.55186999857,514877.55186999857,0.0,sideways,5d_10%,0,True,0.0,1000000.0,2024-2025 Recovery
2024-12-17,514877.55186999857,514877.55186999857,0.0,sideways,5d_10%,0,True,0.0,1000000.0,2024-2025 Recovery
2024-12-18,514877.55186999857,514877.55186999857,0.0,sideways,5d_10%,0,True,0.0,1000000.0,2024-2025 Recovery
2024-12-19,514877.55186999857,514877.55186999857,0.0,sideways,5d_10%,0,True,0.0,1000000.0,2024-2025 Recovery
2024-12-20,514877.55186999857,514877.55186999857,0.0,recovery,5d_10%,0,True,0.0,1000000.0,2024-2025 Recovery
2024-12-23,514877.55186999857,514877.55186999857,0.0,recovery,5d_10%,0,False,0.0,1000000.0,2024-2025 Recovery
2024-12-24,514877.55186999857,514877.55186999857,0.0,bull,5d_10%,0,True,0.0,1000000.0,2024-2025 Recovery
2024-12-25,514877.55186999857,514877.55186999857,0.0,recovery,5d_10%,0,True,0.0,1000000.0,2024-2025 Recovery
2024-12-26,514877.55186999857,514877.55186999857,0.0,recovery,5d_10%,0,True,0.0,1000000.0,2024-2025 Recovery
2024-12-27,514877.55186999857,514877.55186999857,0.0,recovery,5d_10%,0,True,0.0,1000000.0,2024-2025 Recovery
2024-12-30,514877.55186999857,514877.55186999857,0.0,recovery,5d_10%,0,True,0.0,1000000.0,2024-2025 Recovery
2024-12-31,500308.94686999853,500308.94686999853,0.0,sideways,5d_10%,0,False,-0.028295280979114157,1000000.0,2024-2025 Recovery
2025-01-02,500308.94686999853,500308.94686999853,0.0,sideways,5d_10%,0,True,0.0,1000000.0,2024-2025 Recovery
2025-01-03,500308.94686999853,500308.94686999853,0.0,sideways,5d_10%,0,True,0.0,1000000.0,2024-2025 Recovery
2025-01-06,500308.94686999853,500308.94686999853,0.0,sideways,5d_10%,0,True,0.0,1000000.0,2024-2025 Recovery
2025-01-07,500308.94686999853,500308.94686999853,0.0,sideways,5d_10%,0,True,0.0,1000000.0,2024-2025 Recovery
2025-01-08,500308.94686999853,500308.94686999853,0.0,sideways,5d_10%,0,True,0.0,1000000.0,2024-2025 Recovery
2025-01-09,500308.94686999853,500308.94686999853,0.0,sideways,5d_10%,0,False,0.0,1000000.0,2024-2025 Recovery
2025-01-10,500308.94686999853,500308.94686999853,0.0,sideways,5d_10%,0,True,0.0,1000000.0,2024-2025 Recovery
2025-01-13,500308.94686999853,500308.94686999853,0.0,sideways,5d_10%,0,True,0.0,1000000.0,2024-2025 Recovery
2025-01-14,500308.94686999853,500308.94686999853,0.0,sideways,5d_10%,0,True,0.0,1000000.0,2024-2025 Recovery
2025-01-15,500308.94686999853,500308.94686999853,0.0,sideways,5d_10%,0,True,0.0,1000000.0,2024-2025 Recovery
2025-01-16,500308.94686999853,500308.94686999853,0.0,sideways,5d_10%,0,True,0.0,1000000.0,2024-2025 Recovery
2025-01-17,500308.94686999853,500308.94686999853,0.0,sideways,5d_10%,0,False,0.0,1000000.0,2024-2025 Recovery
2025-01-20,500308.94686999853,500308.94686999853,0.0,sideways,5d_10%,0,True,0.0,1000000.0,2024-2025 Recovery
2025-01-21,500308.94686999853,500308.94686999853,0.0,sideways,5d_10%,0,True,0.0,1000000.0,2024-2025 Recovery
2025-01-22,500308.94686999853,500308.94686999853,0.0,sideways,5d_10%,0,True,0.0,1000000.0,2024-2025 Recovery
2025-01-23,500308.94686999853,500308.94686999853,0.0,sideways,5d_10%,0,True,0.0,1000000.0,2024-2025 Recovery
2025-01-24,500308.94686999853,500308.94686999853,0.0,sideways,5d_10%,0,True,0.0,1000000.0,2024-2025 Recovery
2025-01-27,472214.37226999854,472214.37226999854,0.0,sideways,5d_10%,0,False,-0.05615445171581179,1000000.0,2024-2025 Recovery
2025-02-05,472214.37226999854,472214.37226999854,0.0,sideways,5d_10%,0,True,0.0,1000000.0,2024-2025 Recovery
2025-02-06,472214.37226999854,472214.37226999854,0.0,sideways,5d_10%,0,True,0.0,1000000.0,2024-2025 Recovery
2025-02-07,472214.37226999854,472214.37226999854,0.0,sideways,5d_10%,0,True,0.0,1000000.0,2024-2025 Recovery
2025-02-10,472214.37226999854,472214.37226999854,0.0,sideways,5d_10%,0,True,0.0,1000000.0,2024-2025 Recovery
2025-02-11,472214.37226999854,472214.37226999854,0.0,sideways,5d_10%,0,True,0.0,1000000.0,2024-2025 Recovery
2025-02-12,472214.37226999854,472214.37226999854,0.0,recovery,5d_10%,0,False,0.0,1000000.0,2024-2025 Recovery
2025-02-13,472214.37226999854,472214.37226999854,0.0,recovery,5d_10%,0,True,0.0,1000000.0,2024-2025 Recovery
2025-02-14,472214.37226999854,472214.37226999854,0.0,recovery,5d_10%,0,True,0.0,1000000.0,2024-2025 Recovery
2025-02-17,472214.37226999854,472214.37226999854,0.0,recovery,5d_10%,0,True,0.0,1000000.0,2024-2025 Recovery
2025-02-18,472214.37226999854,472214.37226999854,0.0,recovery,5d_10%,0,True,0.0,1000000.0,2024-2025 Recovery
2025-02-19,472214.37226999854,472214.37226999854,0.0,recovery,5d_10%,0,True,0.0,1000000.0,2024-2025 Recovery
2025-02-20,472214.37226999854,472214.37226999854,0.0,recovery,5d_10%,0,False,0.0,1000000.0,2024-2025 Recovery
2025-02-21,472214.37226999854,472214.37226999854,0.0,recovery,5d_10%,0,True,0.0,1000000.0,2024-2025 Recovery
2025-02-24,472214.37226999854,472214.37226999854,0.0,recovery,5d_10%,0,True,0.0,1000000.0,2024-2025 Recovery
2025-02-25,472214.37226999854,472214.37226999854,0.0,recovery,5d_10%,0,True,0.0,1000000.0,2024-2025 Recovery
2025-02-26,472214.37226999854,472214.37226999854,0.0,bull,5d_10%,0,True,0.0,1000000.0,2024-2025 Recovery
2025-02-27,472214.37226999854,472214.37226999854,0.0,bull,5d_10%,0,True,0.0,1000000.0,2024-2025 Recovery
2025-02-28,452143.7260699985,452143.7260699985,0.0,sideways,5d_10%,0,False,-0.04250325144386791,1000000.0,2024-2025 Recovery
2025-03-03,452143.7260699985,452143.7260699985,0.0,sideways,5d_10%,0,True,0.0,1000000.0,2024-2025 Recovery
2025-03-04,452143.7260699985,452143.7260699985,0.0,sideways,5d_10%,0,True,0.0,1000000.0,2024-2025 Recovery
2025-03-05,452143.7260699985,452143.7260699985,0.0,recovery,5d_10%,0,True,0.0,1000000.0,2024-2025 Recovery
2025-03-06,452143.7260699985,452143.7260699985,0.0,recovery,5d_10%,0,True,0.0,1000000.0,2024-2025 Recovery
2025-03-07,452143.7260699985,452143.7260699985,0.0,recovery,5d_10%,0,True,0.0,1000000.0,2024-2025 Recovery
2025-03-10,452143.7260699985,452143.7260699985,0.0,recovery,5d_10%,0,False,0.0,1000000.0,2024-2025 Recovery
2025-03-11,452143.7260699985,452143.7260699985,0.0,recovery,5d_10%,0,True,0.0,1000000.0,2024-2025 Recovery
2025-03-12,452143.7260699985,452143.7260699985,0.0,recovery,5d_10%,0,True,0.0,1000000.0,2024-2025 Recovery
2025-03-13,452143.7260699985,452143.7260699985,0.0,recovery,5d_10%,0,True,0.0,1000000.0,2024-2025 Recovery
2025-03-14,452143.7260699985,452143.7260699985,0.0,recovery,5d_10%,0,True,0.0,1000000.0,2024-2025 Recovery
2025-03-17,452143.7260699985,452143.7260699985,0.0,recovery,5d_10%,0,True,0.0,1000000.0,2024-2025 Recovery
2025-03-18,452143.7260699985,452143.7260699985,0.0,recovery,5d_10%,0,False,0.0,1000000.0,2024-2025 Recovery
2025-03-19,452143.7260699985,452143.7260699985,0.0,recovery,5d_10%,0,True,0.0,1000000.0,2024-2025 Recovery
2025-03-20,452143.7260699985,452143.7260699985,0.0,recovery,5d_10%,0,True,0.0,1000000.0,2024-2025 Recovery
2025-03-21,452143.7260699985,452143.7260699985,0.0,sideways,5d_10%,0,True,0.0,1000000.0,2024-2025 Recovery
2025-03-24,452143.7260699985,452143.7260699985,0.0,sideways,5d_10%,0,True,0.0,1000000.0,2024-2025 Recovery
2025-03-25,452143.7260699985,452143.7260699985,0.0,recovery,5d_10%,0,True,0.0,1000000.0,2024-2025 Recovery
2025-03-26,429770.0464699985,429770.0464699985,0.0,sideways,5d_10%,0,False,-0.04948355646659186,1000000.0,2024-2025 Recovery
2025-03-27,429770.0464699985,429770.0464699985,0.0,sideways,5d_10%,0,True,0.0,1000000.0,2024-2025 Recovery
2025-03-28,429770.0464699985,429770.0464699985,0.0,recovery,5d_10%,0,True,0.0,1000000.0,2024-2025 Recovery
2025-03-31,429770.0464699985,429770.0464699985,0.0,sideways,5d_10%,0,True,0.0,1000000.0,2024-2025 Recovery
2025-04-01,429770.0464699985,429770.0464699985,0.0,sideways,5d_10%,0,True,0.0,1000000.0,2024-2025 Recovery
2025-04-02,429770.0464699985,429770.0464699985,0.0,sideways,5d_10%,0,True,0.0,1000000.0,2024-2025 Recovery
2025-04-03,405614.9704699984,405614.9704699984,0.0,sideways,5d_10%,0,False,-0.056204652228331375,1000000.0,2024-2025 Recovery
2025-04-07,405614.9704699984,405614.9704699984,0.0,bear,5d_10%,0,True,0.0,1000000.0,2024-2025 Recovery
2025-04-08,405614.9704699984,405614.9704699984,0.0,bear,5d_10%,0,True,0.0,1000000.0,2024-2025 Recovery
2025-04-09,405614.9704699984,405614.9704699984,0.0,bear,5d_10%,0,True,0.0,1000000.0,2024-2025 Recovery
2025-04-10,405614.9704699984,405614.9704699984,0.0,bear,5d_10%,0,True,0.0,1000000.0,2024-2025 Recovery
2025-04-11,405614.9704699984,405614.9704699984,0.0,bear,5d_10%,0,True,0.0,1000000.0,2024-2025 Recovery
2025-04-14,400149.53096999833,400149.53096999833,0.0,bear,5d_10%,0,False,-0.013474452123074077,1000000.0,2024-2025 Recovery
2025-04-15,400149.53096999833,400149.53096999833,0.0,bear,5d_10%,0,True,0.0,1000000.0,2024-2025 Recovery
2025-04-16,400149.53096999833,400149.53096999833,0.0,bear,5d_10%,0,True,0.0,1000000.0,2024-2025 Recovery
2025-04-17,400149.53096999833,400149.53096999833,0.0,bear,5d_10%,0,True,0.0,1000000.0,2024-2025 Recovery
2025-04-18,400149.53096999833,400149.53096999833,0.0,bear,5d_10%,0,True,0.0,1000000.0,2024-2025 Recovery
2025-04-21,400149.53096999833,400149.53096999833,0.0,bear,5d_10%,0,True,0.0,1000000.0,2024-2025 Recovery
2025-04-22,400149.53096999833,400149.53096999833,0.0,bear,5d_10%,0,False,0.0,1000000.0,2024-2025 Recovery
2025-04-23,400149.53096999833,400149.53096999833,0.0,bear,5d_10%,0,True,0.0,1000000.0,2024-2025 Recovery
2025-04-24,400149.53096999833,400149.53096999833,0.0,bear,5d_10%,0,True,0.0,1000000.0,2024-2025 Recovery
2025-04-25,400149.53096999833,400149.53096999833,0.0,bear,5d_10%,0,True,0.0,1000000.0,2024-2025 Recovery
2025-04-28,400149.53096999833,400149.53096999833,0.0,bear,5d_10%,0,True,0.0,1000000.0,2024-2025 Recovery
2025-04-29,400149.53096999833,400149.53096999833,0.0,sideways,5d_10%,0,True,0.0,1000000.0,2024-2025 Recovery
2025-04-30,400149.53096999833,400149.53096999833,0.0,bear,5d_10%,0,False,0.0,1000000.0,2024-2025 Recovery
2025-05-06,400149.53096999833,400149.53096999833,0.0,sideways,5d_10%,0,True,0.0,1000000.0,2024-2025 Recovery
2025-05-07,400149.53096999833,400149.53096999833,0.0,sideways,5d_10%,0,True,0.0,1000000.0,2024-2025 Recovery
2025-05-08,400149.53096999833,400149.53096999833,0.0,sideways,5d_10%,0,True,0.0,1000000.0,2024-2025 Recovery
2025-05-09,400149.53096999833,400149.53096999833,0.0,sideways,5d_10%,0,True,0.0,1000000.0,2024-2025 Recovery
2025-05-12,400149.53096999833,400149.53096999833,0.0,recovery,5d_10%,0,True,0.0,1000000.0,2024-2025 Recovery
2025-05-13,400149.53096999833,400149.53096999833,0.0,recovery,5d_10%,0,False,0.0,1000000.0,2024-2025 Recovery
2025-05-14,400149.53096999833,400149.53096999833,0.0,recovery,5d_10%,0,True,0.0,1000000.0,2024-2025 Recovery
2025-05-15,400149.53096999833,400149.53096999833,0.0,recovery,5d_10%,0,True,0.0,1000000.0,2024-2025 Recovery
2025-05-16,400149.53096999833,400149.53096999833,0.0,recovery,5d_10%,0,True,0.0,1000000.0,2024-2025 Recovery
2025-05-19,400149.53096999833,400149.53096999833,0.0,recovery,5d_10%,0,True,0.0,1000000.0,2024-2025 Recovery
2025-05-20,400149.53096999833,400149.53096999833,0.0,recovery,5d_10%,0,True,0.0,1000000.0,2024-2025 Recovery
2025-05-21,400149.53096999833,400149.53096999833,0.0,recovery,5d_10%,0,False,0.0,1000000.0,2024-2025 Recovery
2025-05-22,400149.53096999833,400149.53096999833,0.0,recovery,5d_10%,0,True,0.0,1000000.0,2024-2025 Recovery
2025-05-23,400149.53096999833,400149.53096999833,0.0,recovery,5d_10%,0,True,0.0,1000000.0,2024-2025 Recovery
2025-05-26,400149.53096999833,400149.53096999833,0.0,sideways,5d_10%,0,True,0.0,1000000.0,2024-2025 Recovery
2025-05-27,400149.53096999833,400149.53096999833,0.0,sideways,5d_10%,0,True,0.0,1000000.0,2024-2025 Recovery
2025-05-28,400149.53096999833,400149.53096999833,0.0,sideways,5d_10%,0,True,0.0,1000000.0,2024-2025 Recovery
2025-05-29,379334.9560699983,379334.9560699983,0.0,sideways,5d_10%,0,False,-0.052016991871872476,1000000.0,2024-2025 Recovery
2025-05-30,379334.9560699983,379334.9560699983,0.0,sideways,5d_10%,0,True,0.0,1000000.0,2024-2025 Recovery
2025-06-03,379334.9560699983,379334.9560699983,0.0,sideways,5d_10%,0,True,0.0,1000000.0,2024-2025 Recovery
2025-06-04,379334.9560699983,379334.9560699983,0.0,recovery,5d_10%,0,True,0.0,1000000.0,2024-2025 Recovery
2025-06-05,379334.9560699983,379334.9560699983,0.0,recovery,5d_10%,0,True,0.0,1000000.0,2024-2025 Recovery
2025-06-06,379334.9560699983,379334.9560699983,0.0,recovery,5d_10%,0,True,0.0,1000000.0,2024-2025 Recovery
2025-06-09,379334.9560699983,379334.9560699983,0.0,recovery,5d_10%,0,False,0.0,1000000.0,2024-2025 Recovery
2025-06-10,379334.9560699983,379334.9560699983,0.0,sideways,5d_10%,0,True,0.0,1000000.0,2024-2025 Recovery
2025-06-11,379334.9560699983,379334.9560699983,0.0,sideways,5d_10%,0,True,0.0,1000000.0,2024-2025 Recovery
2025-06-12,379334.9560699983,379334.9560699983,0.0,sideways,5d_10%,0,True,0.0,1000000.0,2024-2025 Recovery
2025-06-13,379334.9560699983,379334.9560699983,0.0,sideways,5d_10%,0,True,0.0,1000000.0,2024-2025 Recovery
2025-06-16,379334.9560699983,379334.9560699983,0.0,sideways,5d_10%,0,True,0.0,1000000.0,2024-2025 Recovery
2025-06-17,379334.9560699983,379334.9560699983,0.0,sideways,5d_10%,0,False,0.0,1000000.0,2024-2025 Recovery
2025-06-18,379334.9560699983,379334.9560699983,0.0,sideways,5d_10%,0,True,0.0,1000000.0,2024-2025 Recovery
2025-06-19,379334.9560699983,379334.9560699983,0.0,sideways,5d_10%,0,True,0.0,1000000.0,2024-2025 Recovery
2025-06-20,379334.9560699983,379334.9560699983,0.0,sideways,5d_10%,0,True,0.0,1000000.0,2024-2025 Recovery
2025-06-23,379334.9560699983,379334.9560699983,0.0,sideways,5d_10%,0,True,0.0,1000000.0,2024-2025 Recovery
2025-06-24,379334.9560699983,379334.9560699983,0.0,recovery,5d_10%,0,True,0.0,1000000.0,2024-2025 Recovery
2025-06-25,379334.9560699983,379334.9560699983,0.0,bull,5d_10%,0,False,0.0,1000000.0,2024-2025 Recovery
2025-06-26,379334.9560699983,379334.9560699983,0.0,recovery,5d_10%,0,True,0.0,1000000.0,2024-2025 Recovery
2025-06-27,379334.9560699983,379334.9560699983,0.0,recovery,5d_10%,0,True,0.0,1000000.0,2024-2025 Recovery
2025-06-30,379334.9560699983,379334.9560699983,0.0,recovery,5d_10%,0,False,0.0,1000000.0,2024-2025 Recovery
