window,regime,model,symbol,entry_date,exit_date,entry_price,exit_price,gross_return,net_return,shares,cost_ratio
2022 Bear,bear,10d_15%,001317.SZ,2022-01-05,2022-01-12,80.0,84.1,0.05125000000000002,0.04815000000000002,5000,0.0031
2022 Bear,bear,10d_15%,002034.SZ,2022-01-05,2022-01-12,19.5,19.75,0.012820512820512775,0.009720512820512775,20500,0.0031
2022 Bear,bear,10d_15%,000503.SZ,2022-01-10,2022-01-17,15.67,14.29,-0.08806636885768993,-0.09116636885768993,5000,0.0031
2022 Bear,sideways,5d_10%,001227.SZ,2022-01-17,2022-01-24,5.65,6.48,0.14690265486725673,0.14380265486725674,72000,0.0031
2022 Bear,bear,10d_15%,002330.SZ,2022-01-18,2022-01-25,11.0,10.32,-0.06181818181818177,-0.06491818181818178,44300,0.0031
2022 Bear,bear,10d_15%,002316.SZ,2022-01-20,2022-01-27,9.16,6.51,-0.2893013100436681,-0.2924013100436681,10600,0.0031
2022 Bear,bear,10d_15%,000711.SZ,2022-01-24,2022-02-07,3.88,4.37,0.12628865979381443,0.12318865979381442,50600,0.0031
2022 Bear,bear,10d_15%,001296.SZ,2022-01-24,2022-02-07,35.65,36.64,0.027769985974754663,0.024669985974754664,5500,0.0031
2022 Bear,bear,10d_15%,002316.SZ,2022-01-27,2022-02-10,5.86,7.03,0.19965870307167233,0.19655870307167234,42600,0.0031
2022 Bear,bear,10d_15%,000519.SZ,2022-02-08,2022-02-15,18.6,19.58,0.05268817204301057,0.049588172043010574,17100,0.0031
2022 Bear,bear,10d_15%,002037.SZ,2022-02-09,2022-02-16,16.31,19.28,0.1820968730839978,0.1789968730839978,11700,0.0031
2022 Bear,sideways,5d_10%,000620.SZ,2022-02-10,2022-02-17,3.83,3.02,-0.21148825065274157,-0.21458825065274156,61300,0.0031
2022 Bear,bear,10d_15%,000711.SZ,2022-02-17,2022-02-24,4.77,3.84,-0.19496855345911945,-0.19806855345911945,92000,0.0031
2022 Bear,bear,10d_15%,002037.SZ,2022-02-17,2022-02-24,15.62,14.49,-0.07234314980793843,-0.07544314980793844,28100,0.0031
2022 Bear,bear,10d_15%,000620.SZ,2022-02-18,2022-02-25,3.39,2.99,-0.11799410029498525,-0.12109410029498525,51600,0.0031
2022 Bear,bear,10d_15%,001227.SZ,2022-02-21,2022-02-28,5.7,5.43,-0.047368421052631615,-0.050468421052631614,6100,0.0031
2022 Bear,sideways,5d_10%,002037.SZ,2022-02-24,2022-03-03,13.66,12.4,-0.09224011713030744,-0.09534011713030745,22500,0.0031
2022 Bear,bear,10d_15%,001227.SZ,2022-02-28,2022-03-07,5.42,5.25,-0.03136531365313655,-0.03446531365313655,47900,0.0031
2022 Bear,severe_bear,5d_10%,000838.SZ,2022-03-01,2022-03-08,8.67,8.13,-0.06228373702422141,-0.06538373702422141,35900,0.0031
2022 Bear,severe_bear,5d_10%,000953.SZ,2022-03-04,2022-03-11,9.17,9.47,0.03271537622682663,0.029615376226826633,31100,0.0031
2022 Bear,severe_bear,5d_10%,000788.SZ,2022-03-11,2022-03-18,10.91,14.0,0.2832263978001832,0.2801263978001832,12400,0.0031
2022 Bear,severe_bear,5d_10%,000619.SZ,2022-03-21,2022-03-28,7.59,6.07,-0.2002635046113307,-0.20336350461133068,18700,0.0031
2022 Bear,severe_bear,5d_10%,000797.SZ,2022-04-01,2022-04-12,4.71,4.62,-0.019108280254777066,-0.022208280254777064,77900,0.0031
2022 Bear,severe_bear,5d_10%,000736.SZ,2022-04-06,2022-04-13,17.11,20.18,0.17942723553477502,0.17632723553477503,25700,0.0031
2022 Bear,severe_bear,5d_10%,000514.SZ,2022-04-20,2022-04-27,6.01,4.97,-0.17304492512479197,-0.17614492512479196,24600,0.0031
2022 Bear,severe_bear,5d_10%,001228.SZ,2022-04-29,2022-05-11,48.25,70.65,0.46424870466321266,0.3,2900,0.0031
2022 Bear,sideways,5d_10%,000926.SZ,2022-05-16,2022-05-23,7.2,5.61,-0.22083333333333333,-0.22393333333333332,21400,0.0031
2022 Bear,severe_bear,5d_10%,001318.SZ,2022-05-20,2022-05-27,14.98,21.93,0.46395193591455275,0.3,15500,0.0031
2022 Bear,severe_bear,5d_10%,000957.SZ,2022-05-20,2022-05-27,8.4,12.41,0.47738095238095224,0.3,27700,0.0031
2022 Bear,severe_bear,5d_10%,000909.SZ,2022-05-20,2022-05-27,10.3,9.69,-0.059223300970873916,-0.062323300970873914,22600,0.0031
2022 Bear,recovery,10d_15%,000595.SZ,2022-05-27,2022-06-06,5.94,7.11,0.19696969696969702,0.19386969696969703,30200,0.0031
2022 Bear,recovery,10d_15%,000420.SZ,2022-05-30,2022-06-07,4.1,4.33,0.056097560975609806,0.05299756097560981,99300,0.0031
2022 Bear,recovery,10d_15%,002229.SZ,2022-06-01,2022-06-09,6.56,6.05,-0.0777439024390244,-0.08084390243902441,12400,0.0031
2022 Bear,recovery,10d_15%,000909.SZ,2022-06-01,2022-06-09,13.11,13.69,0.0442410373760489,0.0411410373760489,6200,0.0031
2022 Bear,recovery,10d_15%,001270.SZ,2022-06-07,2022-06-14,37.77,55.31,0.4643897272967963,0.3,10800,0.0031
2022 Bear,bull,5d_10%,000595.SZ,2022-06-13,2022-06-20,5.22,5.42,0.03831417624521083,0.03521417624521083,50200,0.0031
2022 Bear,bull,5d_10%,001270.SZ,2022-06-14,2022-06-21,60.84,89.07,0.4640039447731754,0.3,7600,0.0031
2022 Bear,bull,5d_10%,000633.SZ,2022-06-16,2022-06-23,7.54,7.96,0.0557029177718833,0.0526029177718833,32800,0.0031
2022 Bear,bull,5d_10%,000802.SZ,2022-06-17,2022-06-24,4.48,4.65,0.0379464285714286,0.034846428571428605,11000,0.0031
2022 Bear,bull,5d_10%,000595.SZ,2022-06-21,2022-06-28,5.01,4.76,-0.04990019960079839,-0.05300019960079839,153500,0.0031
2022 Bear,bull,5d_10%,001226.SZ,2022-06-22,2022-06-29,39.06,52.18,0.33589349718381967,0.3,1900,0.0031
2022 Bear,bull,5d_10%,001270.SZ,2022-06-22,2022-06-29,99.5,100.0,0.005025125628140614,0.0019251256281406144,700,0.0031
2022 Bear,bull,5d_10%,000821.SZ,2022-06-28,2022-07-05,25.05,18.0,-0.281437125748503,-0.284537125748503,11600,0.0031
2022 Bear,bull,5d_10%,002168.SZ,2022-06-28,2022-07-05,4.18,3.7,-0.1148325358851674,-0.1179325358851674,69500,0.0031
2022 Bear,bull,5d_10%,000970.SZ,2022-06-28,2022-07-05,18.1,18.49,0.021546961325966674,0.018446961325966675,16000,0.0031
2022 Bear,bull,5d_10%,001268.SZ,2022-06-30,2022-07-07,30.49,37.21,0.22040013119055435,0.21730013119055436,10100,0.0031
2022 Bear,bull,5d_10%,001309.SZ,2022-07-01,2022-07-08,42.04,61.55,0.46408182683158894,0.3,1500,0.0031
2022 Bear,recovery,10d_15%,001270.SZ,2022-07-05,2022-07-12,91.05,88.28,-0.03042284459088407,-0.03352284459088407,3400,0.0031
2022 Bear,recovery,10d_15%,001318.SZ,2022-07-05,2022-07-12,19.22,19.17,-0.002601456815816694,-0.005701456815816694,16100,0.0031
2022 Bear,recovery,10d_15%,002090.SZ,2022-07-06,2022-07-13,13.03,15.62,0.19877206446661555,0.19567206446661556,9700,0.0031
2022 Bear,recovery,10d_15%,000957.SZ,2022-07-07,2022-07-14,19.11,23.21,0.21454735740450026,0.21144735740450027,17000,0.0031
2022 Bear,sideways,5d_10%,001309.SZ,2022-07-08,2022-07-15,67.69,50.16,-0.25897473777515145,-0.26207473777515145,2000,0.0031
2022 Bear,sideways,5d_10%,002591.SZ,2022-07-18,2022-07-25,9.99,11.17,0.11811811811811812,0.11501811811811812,34500,0.0031
2022 Bear,sideways,5d_10%,002330.SZ,2022-07-18,2022-07-25,8.43,7.8,-0.07473309608540923,-0.07783309608540924,40900,0.0031
2022 Bear,sideways,5d_10%,000957.SZ,2022-07-18,2022-07-25,27.5,19.0,-0.3090909090909091,-0.3,12500,0.0031
2022 Bear,sideways,5d_10%,002316.SZ,2022-07-21,2022-07-28,3.46,3.91,0.13005780346820806,0.12695780346820806,30000,0.0031
2022 Bear,sideways,5d_10%,002168.SZ,2022-07-21,2022-07-28,5.9,6.64,0.12542372881355912,0.12232372881355912,17500,0.0031
2022 Bear,bear,10d_15%,001336.SZ,2022-07-25,2022-08-01,36.37,36.51,0.003849326367885597,0.0007493263678855972,7200,0.0031
2022 Bear,bear,10d_15%,000957.SZ,2022-07-25,2022-08-01,18.42,18.64,0.011943539630836053,0.008843539630836053,14300,0.0031
2022 Bear,bear,10d_15%,001226.SZ,2022-07-25,2022-08-01,37.01,37.76,0.02026479329910824,0.017164793299108243,7100,0.0031
2022 Bear,bear,10d_15%,001258.SZ,2022-07-28,2022-08-04,5.9,8.64,0.46440677966101696,0.3,29700,0.0031
2022 Bear,bear,10d_15%,000821.SZ,2022-07-28,2022-08-04,24.6,20.53,-0.16544715447154468,-0.16854715447154467,7100,0.0031
2022 Bear,bear,10d_15%,001226.SZ,2022-08-02,2022-08-09,34.47,34.7,0.006672468813461174,0.0035724688134611744,10200,0.0031
2022 Bear,sideways,5d_10%,001258.SZ,2022-08-04,2022-08-11,9.5,13.92,0.4652631578947368,0.3,39400,0.0031
2022 Bear,sideways,5d_10%,001258.SZ,2022-08-11,2022-08-18,14.59,17.67,0.21110349554489383,0.20800349554489383,80200,0.0031
2022 Bear,sideways,5d_10%,000536.SZ,2022-08-15,2022-08-22,2.65,2.32,-0.12452830188679254,-0.12762830188679253,88100,0.0031
2022 Bear,sideways,5d_10%,001330.SZ,2022-08-18,2022-08-25,7.96,11.66,0.46482412060301503,0.3,74100,0.0031
2022 Bear,sideways,5d_10%,000045.SZ,2022-08-18,2022-08-25,10.6,10.62,0.0018867924528300772,-0.0012132075471699227,55600,0.0031
2022 Bear,sideways,5d_10%,301306.SZ,2022-08-24,2022-08-31,48.41,43.31,-0.1053501342697789,-0.10845013426977891,4100,0.0031
2022 Bear,sideways,5d_10%,001330.SZ,2022-08-25,2022-09-01,12.83,13.8,0.07560405300077955,0.07250405300077954,54700,0.0031
2022 Bear,sideways,5d_10%,001258.SZ,2022-08-25,2022-09-01,14.31,15.95,0.11460517120894465,0.11150517120894464,49000,0.0031
2022 Bear,sideways,5d_10%,000670.SZ,2022-08-30,2022-09-06,9.17,10.05,0.09596510359869148,0.09286510359869148,30500,0.0031
2022 Bear,sideways,5d_10%,001259.SZ,2022-08-31,2022-09-07,31.28,31.8,0.01662404092071612,0.01352404092071612,3100,0.0031
2022 Bear,sideways,5d_10%,000892.SZ,2022-08-31,2022-09-07,5.35,4.98,-0.06915887850467273,-0.07225887850467273,18500,0.0031
2022 Bear,bear,10d_15%,001336.SZ,2022-09-01,2022-09-08,28.11,28.46,0.01245108502312342,0.00935108502312342,45100,0.0031
2022 Bear,bear,10d_15%,001332.SZ,2022-09-22,2022-09-29,82.37,70.61,-0.14277042612601676,-0.14587042612601675,10100,0.0031
2022 Bear,bear,10d_15%,001330.SZ,2022-09-23,2022-09-30,10.44,9.69,-0.07183908045977017,-0.07493908045977017,48500,0.0031
2022 Bear,bear,10d_15%,001255.SZ,2022-09-30,2022-10-14,31.32,33.05,0.05523627075351212,0.05213627075351212,8200,0.0031
2022 Bear,bear,10d_15%,001269.SZ,2022-09-30,2022-10-14,24.79,36.3,0.46430012101653895,0.3,10400,0.0031
2022 Bear,bear,10d_15%,001330.SZ,2022-09-30,2022-10-14,9.41,8.99,-0.04463336875664181,-0.04773336875664181,27500,0.0031
2022 Bear,bear,10d_15%,001269.SZ,2022-10-14,2022-10-21,39.93,58.45,0.4638116704232407,0.3,20600,0.0031
2022 Bear,severe_bear,5d_10%,001259.SZ,2022-10-21,2022-10-28,29.9,31.82,0.06421404682274257,0.06111404682274257,32600,0.0031
2022 Bear,sideways,5d_10%,001255.SZ,2022-11-07,2022-11-14,37.0,33.74,-0.0881081081081081,-0.0912081081081081,27000,0.0031
2022 Bear,sideways,5d_10%,001203.SZ,2022-11-07,2022-11-14,16.22,14.23,-0.12268803945745987,-0.12578803945745987,61700,0.0031
2022 Bear,sideways,5d_10%,000863.SZ,2022-11-14,2022-11-21,5.32,5.99,0.12593984962406024,0.12283984962406024,172300,0.0031
2022 Bear,sideways,5d_10%,001255.SZ,2022-11-14,2022-11-21,33.97,36.51,0.0747718575213423,0.0716718575213423,26900,0.0031
2022 Bear,sideways,5d_10%,000153.SZ,2022-11-15,2022-11-22,11.83,12.96,0.09551986475063412,0.09241986475063411,31000,0.0031
2022 Bear,sideways,5d_10%,001338.SZ,2022-11-16,2022-11-23,10.8,15.82,0.4648148148148148,0.3,6800,0.0031
2022 Bear,sideways,5d_10%,002181.SZ,2022-11-17,2022-11-24,5.75,6.89,0.19826086956521727,0.19516086956521728,2500,0.0031
2022 Bear,recovery,10d_15%,001338.SZ,2022-11-23,2022-11-30,17.4,21.3,0.22413793103448287,0.22103793103448288,58100,0.0031
2022 Bear,recovery,10d_15%,000863.SZ,2022-11-23,2022-11-30,4.6,4.72,0.026086956521739202,0.022986956521739203,219700,0.0031
2022 Bear,recovery,10d_15%,000797.SZ,2022-11-25,2022-12-02,3.86,4.64,0.20207253886010368,0.1989725388601037,107800,0.0031
2022 Bear,recovery,10d_15%,002316.SZ,2022-11-28,2022-12-05,4.06,4.09,0.007389162561576512,0.004289162561576512,20400,0.0031
2022 Bear,bull,5d_10%,000736.SZ,2022-11-30,2022-12-07,22.52,18.26,-0.18916518650088798,-0.19226518650088797,61100,0.0031
2022 Bear,bull,5d_10%,001256.SZ,2022-12-05,2022-12-12,21.6,26.42,0.2231481481481481,0.2200481481481481,20800,0.0031
2022 Bear,bull,5d_10%,001338.SZ,2022-12-05,2022-12-12,28.52,22.8,-0.20056100981767178,-0.20366100981767177,15700,0.0031
2022 Bear,bull,5d_10%,000153.SZ,2022-12-07,2022-12-14,13.16,14.76,0.12158054711246202,0.11848054711246202,104400,0.0031
2022 Bear,bull,5d_10%,001333.SZ,2022-12-08,2022-12-15,41.95,32.89,-0.21597139451728253,-0.21907139451728252,6500,0.0031
2022 Bear,recovery,10d_15%,001338.SZ,2022-12-15,2022-12-22,21.8,21.57,-0.010550458715596345,-0.013650458715596345,100200,0.0031
2022 Bear,recovery,10d_15%,000597.SZ,2022-12-19,2022-12-26,8.3,7.33,-0.11686746987951813,-0.11996746987951813,52500,0.0031
2022 Bear,recovery,10d_15%,002316.SZ,2022-12-21,2022-12-28,3.7,3.55,-0.04054054054054068,-0.04364054054054068,17600,0.0031
2022 Bear,recovery,10d_15%,001338.SZ,2022-12-23,2022-12-30,19.44,21.12,0.08641975308641969,0.08331975308641969,68000,0.0031
2023 Sideways,recovery,10d_15%,001301.SZ,2023-01-03,2023-01-10,71.43,85.14,0.19193616127677426,0.18883616127677427,3700,0.0031
2023 Sideways,recovery,10d_15%,000045.SZ,2023-01-03,2023-01-10,13.42,10.67,-0.20491803278688525,-0.20801803278688524,19800,0.0031
2023 Sideways,recovery,10d_15%,000716.SZ,2023-01-03,2023-01-10,9.25,9.74,0.0529729729729731,0.0498729729729731,28800,0.0031
2023 Sideways,recovery,10d_15%,000948.SZ,2023-01-04,2023-01-11,26.48,23.43,-0.11518126888217528,-0.11828126888217529,6100,0.0031
2023 Sideways,bull,5d_10%,002362.SZ,2023-01-31,2023-02-07,22.28,32.63,0.4645421903052065,0.3,17700,0.0031
2023 Sideways,bull,5d_10%,002253.SZ,2023-01-31,2023-02-07,15.99,17.18,0.07442151344590364,0.07132151344590364,24700,0.0031
2023 Sideways,recovery,10d_15%,001314.SZ,2023-02-14,2023-02-21,55.44,50.12,-0.09595959595959602,-0.09905959595959603,8600,0.0031
2023 Sideways,recovery,10d_15%,000752.SZ,2023-02-14,2023-02-21,4.71,4.43,-0.059447983014862094,-0.0625479830148621,102000,0.0031
2023 Sideways,sideways,5d_10%,001225.SZ,2023-02-22,2023-03-01,67.81,56.86,-0.16148060758000293,-0.16458060758000292,13200,0.0031
2023 Sideways,sideways,5d_10%,000925.SZ,2023-02-28,2023-03-07,11.08,9.03,-0.18501805054151632,-0.1881180505415163,16600,0.0031
2023 Sideways,sideways,5d_10%,001337.SZ,2023-03-03,2023-03-10,11.23,16.45,0.4648263579697238,0.3,56700,0.0031
2023 Sideways,sideways,5d_10%,001337.SZ,2023-03-10,2023-03-17,18.1,26.5,0.4640883977900552,0.3,54800,0.0031
2023 Sideways,sideways,5d_10%,001337.SZ,2023-03-17,2023-03-24,29.15,30.47,0.04528301886792452,0.04218301886792452,46600,0.0031
2023 Sideways,sideways,5d_10%,002229.SZ,2023-03-23,2023-03-30,17.22,15.43,-0.10394889663182338,-0.10704889663182339,15800,0.0031
2023 Sideways,sideways,5d_10%,000158.SZ,2023-03-27,2023-04-03,9.61,9.61,0.0,-0.0031,41200,0.0031
2023 Sideways,sideways,5d_10%,002261.SZ,2023-03-27,2023-04-03,15.44,16.78,0.08678756476683946,0.08368756476683946,25700,0.0031
2023 Sideways,sideways,5d_10%,002153.SZ,2023-03-27,2023-04-03,22.13,27.31,0.2340713962946226,0.2309713962946226,17900,0.0031
2023 Sideways,recovery,10d_15%,002316.SZ,2023-03-31,2023-04-10,4.18,4.47,0.06937799043062198,0.06627799043062198,51800,0.0031
2023 Sideways,recovery,10d_15%,001337.SZ,2023-03-31,2023-04-10,25.82,27.83,0.07784663051897756,0.07474663051897755,8300,0.0031
2023 Sideways,sideways,5d_10%,001337.SZ,2023-04-17,2023-04-24,30.8,39.4,0.27922077922077904,0.27612077922077904,36700,0.0031
2023 Sideways,sideways,5d_10%,000620.SZ,2023-04-27,2023-05-09,1.49,1.46,-0.020134228187919434,-0.023234228187919433,1182600,0.0031
2023 Sideways,sideways,5d_10%,600928.SH,2023-05-09,2023-05-16,4.85,3.9,-0.19587628865979378,-0.19897628865979378,357100,0.0031
2023 Sideways,bear,10d_15%,000697.SZ,2023-05-11,2023-05-18,7.3,6.86,-0.0602739726027397,-0.0633739726027397,23600,0.0031
2023 Sideways,bear,10d_15%,001287.SZ,2023-05-11,2023-05-18,26.03,27.79,0.06761429120245865,0.06451429120245865,6600,0.0031
2023 Sideways,bear,10d_15%,000909.SZ,2023-05-15,2023-05-22,5.59,5.93,0.06082289803220031,0.057722898032200314,12300,0.0031
2023 Sideways,sideways,5d_10%,000620.SZ,2023-05-19,2023-05-26,1.02,1.24,0.21568627450980382,0.21258627450980383,688400,0.0031
2023 Sideways,bear,10d_15%,000656.SZ,2023-05-22,2023-05-29,1.05,0.86,-0.18095238095238098,-0.18405238095238097,428600,0.0031
2023 Sideways,bear,10d_15%,000656.SZ,2023-05-29,2023-06-05,0.81,0.97,0.19753086419753085,0.19443086419753086,936700,0.0031
2023 Sideways,bear,10d_15%,000711.SZ,2023-05-30,2023-06-06,1.34,1.63,0.21641791044776104,0.21331791044776105,339400,0.0031
2023 Sideways,sideways,5d_10%,000936.SZ,2023-06-14,2023-06-21,10.41,13.67,0.31316042267050914,0.3,115700,0.0031
2023 Sideways,sideways,5d_10%,001324.SZ,2023-06-21,2023-06-30,21.06,21.17,0.005223171889838785,0.0021231718898387848,71500,0.0031
2023 Sideways,sideways,5d_10%,000004.SZ,2023-07-14,2023-07-21,21.01,18.5,-0.11946692051404095,-0.12256692051404096,71800,0.0031
2023 Sideways,recovery,10d_15%,002316.SZ,2023-07-20,2023-07-27,6.46,5.81,-0.10061919504643968,-0.10371919504643969,46700,0.0031
2023 Sideways,recovery,10d_15%,000752.SZ,2023-07-24,2023-07-31,4.94,5.59,0.13157894736842102,0.12847894736842103,227300,0.0031
2023 Sideways,recovery,10d_15%,000656.SZ,2023-07-26,2023-08-02,2.14,2.58,0.20560747663551404,0.20250747663551405,78300,0.0031
2023 Sideways,sideways,5d_10%,000752.SZ,2023-08-14,2023-08-21,8.72,9.6,0.10091743119266039,0.09781743119266038,170200,0.0031
2023 Sideways,bear,10d_15%,001324.SZ,2023-08-15,2023-08-22,28.0,37.0,0.3214285714285714,0.3,5200,0.0031
2023 Sideways,bear,10d_15%,002229.SZ,2023-08-15,2023-08-22,41.8,45.29,0.08349282296650729,0.08039282296650728,3500,0.0031
2023 Sideways,bear,10d_15%,000615.SZ,2023-08-16,2023-08-23,3.94,3.68,-0.06598984771573602,-0.06908984771573602,15700,0.0031
2023 Sideways,sideways,5d_10%,000752.SZ,2023-09-11,2023-09-18,8.75,10.64,0.21599999999999997,0.21289999999999998,94000,0.0031
2023 Sideways,sideways,5d_10%,001268.SZ,2023-09-11,2023-09-18,27.0,37.0,0.37037037037037046,0.3,30400,0.0031
2023 Sideways,sideways,5d_10%,000766.SZ,2023-09-14,2023-09-21,11.88,13.21,0.11195286195286203,0.10885286195286202,27700,0.0031
2023 Sideways,bear,10d_15%,000752.SZ,2023-10-11,2023-10-18,8.56,7.7,-0.10046728971962615,-0.10356728971962616,120200,0.0031
2023 Sideways,sideways,5d_10%,002232.SZ,2023-10-27,2023-11-03,20.36,17.98,-0.1168958742632612,-0.1199958742632612,97000,0.0031
2023 Sideways,sideways,5d_10%,002238.SZ,2023-11-06,2023-11-13,9.63,12.85,0.3343717549325025,0.3,185700,0.0031
2023 Sideways,sideways,5d_10%,000697.SZ,2023-11-13,2023-11-20,6.15,6.07,-0.013008130081300862,-0.01610813008130086,368300,0.0031
2023 Sideways,sideways,5d_10%,002178.SZ,2023-11-15,2023-11-22,5.92,5.94,0.0033783783783785104,0.0002783783783785105,76100,0.0031
2023 Sideways,sideways,5d_10%,000863.SZ,2023-11-20,2023-11-27,4.64,4.11,-0.11422413793103436,-0.11732413793103437,404800,0.0031
2023 Sideways,sideways,5d_10%,000006.SZ,2023-11-22,2023-11-29,5.3,4.59,-0.13396226415094337,-0.13706226415094336,138700,0.0031
2023 Sideways,sideways,5d_10%,000518.SZ,2023-11-23,2023-11-30,4.15,3.89,-0.0626506024096386,-0.0657506024096386,35300,0.0031
2023 Sideways,sideways,5d_10%,002331.SZ,2023-11-24,2023-12-01,11.07,9.61,-0.13188798554652226,-0.13498798554652225,1300,0.0031
2023 Sideways,sideways,5d_10%,000670.SZ,2023-11-24,2023-12-01,9.5,7.29,-0.2326315789473684,-0.2357315789473684,1500,0.0031
2023 Sideways,bear,10d_15%,000625.SZ,2023-11-27,2023-12-04,20.57,19.26,-0.06368497812348073,-0.06678497812348073,65000,0.0031
2023 Sideways,bear,10d_15%,002316.SZ,2023-12-19,2023-12-26,5.15,5.04,-0.021359223300970953,-0.02445922330097095,185000,0.0031
2023 Sideways,bear,10d_15%,001239.SZ,2023-12-20,2023-12-27,22.7,27.57,0.2145374449339208,0.2114374449339208,9400,0.0031
2024-2025 Recovery,bear,10d_15%,000595.SZ,2024-01-03,2024-01-10,6.5,5.4,-0.16923076923076918,-0.17233076923076918,123000,0.0031
2024-2025 Recovery,bear,10d_15%,001270.SZ,2024-01-24,2024-01-31,50.9,44.96,-0.11669941060903732,-0.11979941060903733,13500,0.0031
2024-2025 Recovery,bear,10d_15%,000068.SZ,2024-01-25,2024-02-01,5.48,4.42,-0.1934306569343066,-0.1965306569343066,25600,0.0031
2024-2025 Recovery,sideways,5d_10%,001379.SZ,2024-01-29,2024-02-05,25.21,15.39,-0.38952796509321697,-0.3,500,0.0031
2024-2025 Recovery,sideways,5d_10%,002549.SZ,2024-01-31,2024-02-07,6.71,5.77,-0.14008941877794345,-0.14318941877794344,37500,0.0031
2024-2025 Recovery,recovery,10d_15%,001358.SZ,2024-02-01,2024-02-08,32.57,27.91,-0.14307645072152286,-0.14617645072152285,6000,0.0031
2024-2025 Recovery,recovery,10d_15%,000536.SZ,2024-02-05,2024-02-20,2.15,2.56,0.19069767441860463,0.18759767441860464,37500,0.0031
2024-2025 Recovery,recovery,10d_15%,002316.SZ,2024-02-05,2024-02-20,3.05,3.34,0.09508196721311468,0.09198196721311468,26400,0.0031
2024-2025 Recovery,recovery,10d_15%,000004.SZ,2024-02-05,2024-02-20,9.5,10.55,0.1105263157894738,0.1074263157894738,8400,0.0031
2024-2025 Recovery,recovery,10d_15%,002232.SZ,2024-02-07,2024-02-22,10.92,13.52,0.23809523809523814,0.23499523809523815,20300,0.0031
2024-2025 Recovery,recovery,10d_15%,002316.SZ,2024-02-20,2024-02-27,3.39,4.47,0.31858407079646,0.3,43900,0.0031
2024-2025 Recovery,recovery,10d_15%,000659.SZ,2024-02-20,2024-02-27,1.74,2.26,0.29885057471264354,0.29575057471264354,85500,0.0031
2024-2025 Recovery,bull,5d_10%,001387.SZ,2024-02-22,2024-02-29,20.11,21.67,0.0775733465937345,0.07447334659373449,14100,0.0031
2024-2025 Recovery,bull,5d_10%,001379.SZ,2024-02-27,2024-03-05,18.28,17.06,-0.06673960612691476,-0.06983960612691477,18900,0.0031
2024-2025 Recovery,bull,5d_10%,000620.SZ,2024-03-06,2024-03-13,1.8,1.71,-0.050000000000000044,-0.05310000000000004,382300,0.0031
2024-2025 Recovery,bull,5d_10%,001324.SZ,2024-03-08,2024-03-15,24.65,21.43,-0.13062880324543602,-0.133728803245436,5500,0.0031
2024-2025 Recovery,bull,5d_10%,000008.SZ,2024-03-11,2024-03-18,3.02,2.78,-0.07947019867549676,-0.08257019867549677,9300,0.0031
2024-2025 Recovery,recovery,10d_15%,000737.SZ,2024-03-14,2024-03-21,6.49,8.1,0.24807395993836656,0.24497395993836657,81400,0.0031
2024-2025 Recovery,recovery,10d_15%,000719.SZ,2024-03-19,2024-03-26,12.09,12.87,0.06451612903225801,0.06141612903225801,9100,0.0031
2024-2025 Recovery,recovery,10d_15%,000710.SZ,2024-03-19,2024-03-26,9.7,9.83,0.013402061855670278,0.010302061855670277,11300,0.0031
2024-2025 Recovery,recovery,10d_15%,000801.SZ,2024-03-20,2024-03-27,14.95,12.07,-0.19264214046822736,-0.19574214046822735,2900,0.0031
2024-2025 Recovery,sideways,5d_10%,001387.SZ,2024-04-12,2024-04-19,25.84,22.13,-0.14357585139318885,-0.14667585139318884,28900,0.0031
2024-2025 Recovery,sideways,5d_10%,000809.SZ,2024-04-15,2024-04-22,1.57,1.53,-0.02547770700636942,-0.02857770700636942,95300,0.0031
2024-2025 Recovery,sideways,5d_10%,000908.SZ,2024-04-16,2024-04-23,1.59,1.59,0.0,-0.0031,18800,0.0031
2024-2025 Recovery,recovery,10d_15%,000809.SZ,2024-04-23,2024-04-30,1.71,1.71,0.0,-0.0031,384900,0.0031
2024-2025 Recovery,recovery,10d_15%,000615.SZ,2024-04-24,2024-05-06,2.25,2.58,0.14666666666666672,0.14356666666666673,29100,0.0031
2024-2025 Recovery,recovery,10d_15%,000691.SZ,2024-04-24,2024-05-06,4.8,3.67,-0.2354166666666666,-0.2385166666666666,13600,0.0031
2024-2025 Recovery,recovery,10d_15%,000809.SZ,2024-05-09,2024-05-16,2.18,2.22,0.01834862385321112,0.015248623853211121,149700,0.0031
2024-2025 Recovery,recovery,10d_15%,000504.SZ,2024-05-09,2024-05-16,10.17,7.43,-0.2694198623402163,-0.2725198623402163,32000,0.0031
2024-2025 Recovery,bull,5d_10%,002481.SZ,2024-05-10,2024-05-17,5.02,4.99,-0.005976095617529764,-0.009076095617529764,26000,0.0031
2024-2025 Recovery,recovery,10d_15%,000560.SZ,2024-05-17,2024-05-24,3.21,3.32,0.03426791277258556,0.031167912772585564,91200,0.0031
2024-2025 Recovery,recovery,10d_15%,002148.SZ,2024-05-17,2024-05-24,5.89,4.92,-0.16468590831918506,-0.16778590831918505,49700,0.0031
2024-2025 Recovery,recovery,10d_15%,000620.SZ,2024-05-21,2024-05-28,2.22,2.17,-0.022522522522522626,-0.025622522522522624,39500,0.0031
2024-2025 Recovery,recovery,10d_15%,000908.SZ,2024-05-22,2024-05-29,2.07,1.81,-0.1256038647342994,-0.1287038647342994,22500,0.0031
2024-2025 Recovery,sideways,5d_10%,000609.SZ,2024-05-23,2024-05-30,1.95,1.64,-0.15897435897435896,-0.16207435897435896,4800,0.0031
2024-2025 Recovery,sideways,5d_10%,002717.SZ,2024-05-28,2024-06-04,1.3,1.04,-0.19999999999999996,-0.20309999999999995,293200,0.0031
2024-2025 Recovery,sideways,5d_10%,000793.SZ,2024-05-30,2024-06-06,0.87,0.92,0.05747126436781613,0.054371264367816134,278000,0.0031
2024-2025 Recovery,sideways,5d_10%,002717.SZ,2024-06-04,2024-06-12,0.99,1.12,0.1313131313131315,0.1282131313131315,295000,0.0031
2024-2025 Recovery,sideways,5d_10%,000908.SZ,2024-06-05,2024-06-13,1.46,1.19,-0.18493150684931503,-0.18803150684931502,39800,0.0031
2024-2025 Recovery,sideways,5d_10%,003026.SZ,2024-06-06,2024-06-14,34.0,32.39,-0.0473529411764706,-0.050452941176470596,2100,0.0031
2024-2025 Recovery,sideways,5d_10%,000793.SZ,2024-06-06,2024-06-14,1.01,1.47,0.4554455445544554,0.3,71300,0.0031
2024-2025 Recovery,sideways,5d_10%,002178.SZ,2024-06-06,2024-06-14,3.09,3.22,0.04207119741100329,0.03897119741100329,23300,0.0031
2024-2025 Recovery,sideways,5d_10%,000677.SZ,2024-06-12,2024-06-19,2.9,3.36,0.1586206896551725,0.15552068965517252,106100,0.0031
2024-2025 Recovery,sideways,5d_10%,000609.SZ,2024-06-13,2024-06-20,1.47,1.79,0.217687074829932,0.214587074829932,67600,0.0031
2024-2025 Recovery,sideways,5d_10%,000908.SZ,2024-06-14,2024-06-21,1.19,1.03,-0.134453781512605,-0.137553781512605,61000,0.0031
2024-2025 Recovery,sideways,5d_10%,000793.SZ,2024-06-14,2024-06-21,1.32,1.3,-0.015151515151515138,-0.018251515151515137,55000,0.0031
2024-2025 Recovery,sideways,5d_10%,002131.SZ,2024-06-14,2024-06-21,1.37,1.4,0.021897810218977964,0.018797810218977966,53000,0.0031
2024-2025 Recovery,bear,10d_15%,000506.SZ,2024-06-19,2024-06-26,1.2,1.08,-0.09999999999999987,-0.10309999999999987,274000,0.0031
2024-2025 Recovery,bear,10d_15%,000609.SZ,2024-06-20,2024-06-27,1.88,1.87,-0.005319148936170137,-0.008419148936170138,86200,0.0031
2024-2025 Recovery,bear,10d_15%,002717.SZ,2024-06-21,2024-06-28,0.84,0.9,0.0714285714285714,0.06832857142857139,237100,0.0031
2024-2025 Recovery,bear,10d_15%,000506.SZ,2024-06-27,2024-07-04,1.01,1.04,0.02970297029702973,0.02660297029702973,100300,0.0031
2024-2025 Recovery,bear,10d_15%,000609.SZ,2024-06-27,2024-07-04,1.78,1.8,0.011235955056179803,0.008135955056179802,56900,0.0031
2024-2025 Recovery,bear,10d_15%,002717.SZ,2024-06-28,2024-07-05,0.91,1.11,0.2197802197802199,0.2166802197802199,227300,0.0031
2024-2025 Recovery,bear,10d_15%,000615.SZ,2024-07-01,2024-07-08,2.08,1.98,-0.04807692307692313,-0.05117692307692313,59600,0.0031
2024-2025 Recovery,bear,10d_15%,000908.SZ,2024-07-01,2024-07-08,0.72,0.88,0.22222222222222232,0.21912222222222233,172300,0.0031
2024-2025 Recovery,sideways,5d_10%,000506.SZ,2024-07-05,2024-07-12,1.04,0.98,-0.05769230769230771,-0.06079230769230771,200300,0.0031
2024-2025 Recovery,sideways,5d_10%,000908.SZ,2024-07-08,2024-07-15,0.92,1.12,0.21739130434782616,0.21429130434782617,253000,0.0031
2024-2025 Recovery,sideways,5d_10%,002829.SZ,2024-07-11,2024-07-18,17.38,16.12,-0.07249712313003442,-0.07559712313003443,16000,0.0031
2024-2025 Recovery,sideways,5d_10%,000908.SZ,2024-07-15,2024-07-22,1.18,1.44,0.22033898305084754,0.21723898305084755,186400,0.0031
2024-2025 Recovery,sideways,5d_10%,000809.SZ,2024-07-15,2024-07-22,2.11,2.03,-0.03791469194312802,-0.04101469194312802,104200,0.0031
2024-2025 Recovery,sideways,5d_10%,000506.SZ,2024-07-17,2024-07-24,1.1,1.34,0.21818181818181825,0.21508181818181826,39800,0.0031
2024-2025 Recovery,sideways,5d_10%,000868.SZ,2024-07-17,2024-07-24,4.7,4.64,-0.01276595744680864,-0.01586595744680864,9300,0.0031
2024-2025 Recovery,sideways,5d_10%,000908.SZ,2024-07-22,2024-07-29,1.51,1.82,0.20529801324503305,0.20219801324503306,402600,0.0031
2024-2025 Recovery,sideways,5d_10%,000506.SZ,2024-07-24,2024-07-31,1.41,1.37,-0.028368794326240954,-0.03146879432624095,140500,0.0031
2024-2025 Recovery,sideways,5d_10%,001379.SZ,2024-07-29,2024-08-05,22.4,36.04,0.6089285714285715,0.3,9300,0.0031
2024-2025 Recovery,sideways,5d_10%,002232.SZ,2024-07-29,2024-08-05,23.57,22.64,-0.03945693678404749,-0.04255693678404749,8800,0.0031
2024-2025 Recovery,sideways,5d_10%,000595.SZ,2024-07-29,2024-08-05,4.3,3.94,-0.08372093023255811,-0.08682093023255812,48400,0.0031
2024-2025 Recovery,sideways,5d_10%,000908.SZ,2024-07-30,2024-08-06,2.01,2.45,0.21890547263681603,0.21580547263681604,62600,0.0031
2024-2025 Recovery,bear,10d_15%,000016.SZ,2024-08-02,2024-08-09,3.37,2.28,-0.3234421364985164,-0.3,53100,0.0031
2024-2025 Recovery,bear,10d_15%,001379.SZ,2024-08-05,2024-08-12,37.45,27.61,-0.2627503337783712,-0.2658503337783712,5400,0.0031
2024-2025 Recovery,bear,10d_15%,000953.SZ,2024-08-05,2024-08-12,4.87,3.63,-0.2546201232032854,-0.2577201232032854,42100,0.0031
2024-2025 Recovery,bear,10d_15%,000506.SZ,2024-08-05,2024-08-12,1.43,1.32,-0.07692307692307687,-0.08002307692307688,143500,0.0031
2024-2025 Recovery,bear,10d_15%,000908.SZ,2024-08-07,2024-08-14,2.7,2.44,-0.09629629629629632,-0.09939629629629633,91800,0.0031
2024-2025 Recovery,bear,10d_15%,000062.SZ,2024-08-21,2024-08-28,15.43,22.59,0.46403110823071936,0.3,46500,0.0031
2024-2025 Recovery,bear,10d_15%,000908.SZ,2024-08-22,2024-08-29,3.43,4.17,0.2157434402332361,0.21264344023323611,41900,0.0031
2024-2025 Recovery,sideways,5d_10%,000158.SZ,2024-08-23,2024-08-30,7.44,7.79,0.04704301075268802,0.04394301075268802,3800,0.0031
2024-2025 Recovery,sideways,5d_10%,000506.SZ,2024-08-27,2024-09-03,1.23,1.49,0.21138211382113825,0.20828211382113826,4800,0.0031
2024-2025 Recovery,bear,10d_15%,000908.SZ,2024-08-30,2024-09-06,4.6,4.58,-0.004347826086956386,-0.007447826086956386,218400,0.0031
2024-2025 Recovery,bear,10d_15%,000062.SZ,2024-09-02,2024-09-09,28.0,37.4,0.33571428571428563,0.3,7100,0.0031
2024-2025 Recovery,bull,5d_10%,000608.SZ,2024-09-30,2024-10-14,2.76,2.15,-0.22101449275362317,-0.22411449275362316,287800,0.0031
2024-2025 Recovery,bull,5d_10%,000158.SZ,2024-10-09,2024-10-16,17.56,23.09,0.31492027334851946,0.3,12000,0.0031
2024-2025 Recovery,bull,5d_10%,300077.SZ,2024-10-09,2024-10-16,23.21,23.96,0.03231365790607499,0.02921365790607499,9100,0.0031
2024-2025 Recovery,bull,5d_10%,000908.SZ,2024-10-10,2024-10-17,3.75,3.99,0.06400000000000006,0.06090000000000006,22700,0.0031
2024-2025 Recovery,bull,5d_10%,000506.SZ,2024-10-15,2024-10-22,1.6,1.94,0.2124999999999999,0.20939999999999992,319900,0.0031
2024-2025 Recovery,bull,5d_10%,000958.SZ,2024-10-21,2024-10-28,4.95,7.26,0.46666666666666656,0.3,115200,0.0031
2024-2025 Recovery,bull,5d_10%,000506.SZ,2024-10-22,2024-10-29,2.04,2.48,0.21568627450980382,0.21258627450980383,149500,0.0031
2024-2025 Recovery,bull,5d_10%,000935.SZ,2024-10-22,2024-10-29,20.66,18.97,-0.08180058083252673,-0.08490058083252673,14700,0.0031
2024-2025 Recovery,recovery,10d_15%,000676.SZ,2024-10-23,2024-10-30,12.0,11.64,-0.029999999999999916,-0.033099999999999914,5100,0.0031
2024-2025 Recovery,recovery,10d_15%,001289.SZ,2024-10-23,2024-10-30,19.35,17.04,-0.11937984496124043,-0.12247984496124044,3100,0.0031
2024-2025 Recovery,sideways,5d_10%,000016.SZ,2024-10-28,2024-11-04,5.82,6.97,0.19759450171821302,0.19449450171821303,119300,0.0031
2024-2025 Recovery,sideways,5d_10%,000958.SZ,2024-10-29,2024-11-05,8.79,9.2,0.04664391353811159,0.043543913538111594,37400,0.0031
2024-2025 Recovery,sideways,5d_10%,002243.SZ,2024-10-29,2024-11-05,10.0,9.23,-0.07699999999999996,-0.08009999999999996,32900,0.0031
2024-2025 Recovery,bull,5d_10%,000795.SZ,2024-11-04,2024-11-11,9.96,13.37,0.3423694779116464,0.3,44400,0.0031
2024-2025 Recovery,bull,5d_10%,000506.SZ,2024-11-04,2024-11-11,3.16,3.84,0.21518987341772133,0.21208987341772134,140200,0.0031
2024-2025 Recovery,bull,5d_10%,000536.SZ,2024-11-05,2024-11-12,8.11,6.53,-0.19482120838471018,-0.19792120838471017,42800,0.0031
2024-2025 Recovery,bull,5d_10%,000656.SZ,2024-11-05,2024-11-12,1.54,1.68,0.09090909090909083,0.08780909090909082,225700,0.0031
2024-2025 Recovery,bull,5d_10%,000716.SZ,2024-11-07,2024-11-14,7.87,6.31,-0.19822109275730626,-0.20132109275730625,17600,0.0031
2024-2025 Recovery,recovery,10d_15%,002065.SZ,2024-11-11,2024-11-18,8.57,8.25,-0.037339556592765444,-0.04043955659276544,54400,0.0031
2024-2025 Recovery,recovery,10d_15%,000506.SZ,2024-11-11,2024-11-18,4.03,3.61,-0.10421836228287851,-0.10731836228287851,115800,0.0031
2024-2025 Recovery,recovery,10d_15%,000752.SZ,2024-11-12,2024-11-19,8.3,7.73,-0.06867469879518073,-0.07177469879518074,85900,0.0031
2024-2025 Recovery,recovery,10d_15%,000908.SZ,2024-11-14,2024-11-21,5.85,5.83,-0.0034188034188032956,-0.006518803418803296,39400,0.0031
2024-2025 Recovery,recovery,10d_15%,000615.SZ,2024-11-22,2024-11-29,3.24,3.83,0.18209876543209869,0.1789987654320987,89700,0.0031
2024-2025 Recovery,recovery,10d_15%,002155.SZ,2024-11-22,2024-11-29,20.24,17.7,-0.125494071146245,-0.128594071146245,14300,0.0031
2024-2025 Recovery,recovery,10d_15%,002117.SZ,2024-11-22,2024-11-29,10.38,9.13,-0.12042389210019266,-0.12352389210019267,28000,0.0031
2024-2025 Recovery,recovery,10d_15%,000695.SZ,2024-11-22,2024-11-29,16.91,12.05,-0.28740390301596686,-0.29050390301596685,17200,0.0031
2024-2025 Recovery,recovery,10d_15%,002095.SZ,2024-11-22,2024-11-29,23.61,29.23,0.23803473104616701,0.23493473104616702,12300,0.0031
2024-2025 Recovery,sideways,5d_10%,002006.SZ,2024-12-03,2024-12-10,22.88,21.1,-0.0777972027972027,-0.08089720279720271,31100,0.0031
2024-2025 Recovery,sideways,5d_10%,002131.SZ,2024-12-03,2024-12-10,4.67,4.61,-0.012847965738757905,-0.015947965738757904,152700,0.0031
2024-2025 Recovery,sideways,5d_10%,000008.SZ,2024-12-04,2024-12-11,3.71,3.29,-0.1132075471698113,-0.1163075471698113,38500,0.0031
2024-2025 Recovery,sideways,5d_10%,002195.SZ,2024-12-04,2024-12-11,4.79,4.7,-0.018789144050104345,-0.021889144050104344,29800,0.0031
2024-2025 Recovery,sideways,5d_10%,002362.SZ,2024-12-06,2024-12-13,30.88,27.65,-0.10459844559585496,-0.10769844559585497,1800,0.0031
2024-2025 Recovery,sideways,5d_10%,002481.SZ,2024-12-10,2024-12-17,6.99,5.87,-0.16022889842632337,-0.16332889842632337,157400,0.0031
2024-2025 Recovery,sideways,5d_10%,002115.SZ,2024-12-11,2024-12-18,9.85,9.22,-0.06395939086294411,-0.06705939086294412,43900,0.0031
2024-2025 Recovery,recovery,10d_15%,000530.SZ,2024-12-13,2024-12-20,7.48,6.93,-0.07352941176470595,-0.07662941176470596,16800,0.0031
2024-2025 Recovery,recovery,10d_15%,000863.SZ,2024-12-16,2024-12-23,5.2,4.25,-0.1826923076923077,-0.1857923076923077,4800,0.0031
2024-2025 Recovery,bull,5d_10%,000656.SZ,2024-12-17,2024-12-24,1.8,1.61,-0.10555555555555551,-0.10865555555555552,413600,0.0031
2024-2025 Recovery,recovery,10d_15%,002058.SZ,2024-12-19,2024-12-26,18.36,11.88,-0.3529411764705882,-0.3,12800,0.0031
2024-2025 Recovery,recovery,10d_15%,002181.SZ,2024-12-19,2024-12-26,9.11,6.4,-0.2974753018660812,-0.3,25900,0.0031
2024-2025 Recovery,sideways,5d_10%,000533.SZ,2024-12-31,2025-01-08,6.34,8.2,0.2933753943217665,0.2902753943217665,156300,0.0031
2024-2025 Recovery,sideways,5d_10%,002168.SZ,2025-01-02,2025-01-09,3.06,2.67,-0.12745098039215685,-0.13055098039215685,64400,0.0031
2024-2025 Recovery,sideways,5d_10%,000573.SZ,2025-01-03,2025-01-10,3.77,5.53,0.46684350132625996,0.3,5200,0.0031
2024-2025 Recovery,sideways,5d_10%,002449.SZ,2025-01-03,2025-01-10,14.29,12.54,-0.12246326102169347,-0.12556326102169346,1300,0.0031
2024-2025 Recovery,sideways,5d_10%,000016.SZ,2025-01-14,2025-01-21,6.68,5.57,-0.16616766467065858,-0.16926766467065857,90400,0.0031
2024-2025 Recovery,sideways,5d_10%,000777.SZ,2025-01-14,2025-01-21,21.0,17.49,-0.16714285714285726,-0.17024285714285725,28700,0.0031
2024-2025 Recovery,sideways,5d_10%,002123.SZ,2025-01-16,2025-01-23,13.08,10.89,-0.1674311926605504,-0.1705311926605504,18400,0.0031
2024-2025 Recovery,sideways,5d_10%,002090.SZ,2025-01-21,2025-02-05,11.72,8.93,-0.23805460750853247,-0.24115460750853246,36300,0.0031
2024-2025 Recovery,sideways,5d_10%,000856.SZ,2025-01-21,2025-02-05,9.56,11.46,0.1987447698744771,0.1956447698744771,44600,0.0031
2024-2025 Recovery,sideways,5d_10%,000818.SZ,2025-01-27,2025-02-11,18.47,27.05,0.4645370871683814,0.3,8900,0.0031
2024-2025 Recovery,sideways,5d_10%,000736.SZ,2025-01-27,2025-02-11,6.12,6.58,0.07516339869281041,0.07206339869281041,27000,0.0031
2024-2025 Recovery,recovery,10d_15%,000972.SZ,2025-02-05,2025-02-12,3.64,3.38,-0.07142857142857151,-0.07452857142857151,201900,0.0031
2024-2025 Recovery,recovery,10d_15%,002261.SZ,2025-02-10,2025-02-17,27.19,31.78,0.16881206325855103,0.16571206325855103,5300,0.0031
2024-2025 Recovery,recovery,10d_15%,002123.SZ,2025-02-12,2025-02-19,20.78,19.42,-0.0654475457170356,-0.0685475457170356,32900,0.0031
2024-2025 Recovery,recovery,10d_15%,002616.SZ,2025-02-28,2025-03-07,6.77,6.0,-0.11373707533234856,-0.11683707533234856,149100,0.0031
2024-2025 Recovery,recovery,10d_15%,002227.SZ,2025-03-04,2025-03-11,15.5,12.64,-0.184516129032258,-0.187616129032258,12900,0.0031
2024-2025 Recovery,sideways,5d_10%,001202.SZ,2025-03-24,2025-03-31,22.33,15.51,-0.3054187192118226,-0.3,39700,0.0031
2024-2025 Recovery,sideways,5d_10%,000736.SZ,2025-03-25,2025-04-01,5.41,5.28,-0.02402957486136781,-0.027129574861367807,24500,0.0031
2024-2025 Recovery,sideways,5d_10%,000633.SZ,2025-03-26,2025-04-02,5.9,4.98,-0.1559322033898305,-0.15903220338983048,12000,0.0031
2024-2025 Recovery,sideways,5d_10%,001217.SZ,2025-03-27,2025-04-03,14.86,11.79,-0.20659488559892336,-0.20969488559892335,900,0.0031
2024-2025 Recovery,bear,10d_15%,002549.SZ,2025-03-31,2025-04-08,8.35,12.23,0.4646706586826348,0.3,59400,0.0031
2024-2025 Recovery,bear,10d_15%,001212.SZ,2025-04-01,2025-04-09,35.42,51.87,0.4644268774703555,0.3,2800,0.0031
2024-2025 Recovery,bear,10d_15%,001333.SZ,2025-04-01,2025-04-09,29.02,19.42,-0.3308063404548587,-0.3,3400,0.0031
2024-2025 Recovery,bear,10d_15%,000736.SZ,2025-04-16,2025-04-23,4.66,4.31,-0.07510729613733913,-0.07820729613733914,61900,0.0031
2024-2025 Recovery,sideways,5d_10%,000736.SZ,2025-04-28,2025-05-08,3.78,4.16,0.10052910052910069,0.09742910052910068,74000,0.0031
2024-2025 Recovery,recovery,10d_15%,000691.SZ,2025-05-06,2025-05-13,3.69,4.13,0.1192411924119241,0.1161411924119241,91000,0.0031
2024-2025 Recovery,recovery,10d_15%,002168.SZ,2025-05-07,2025-05-14,2.6,2.77,0.06538461538461537,0.062284615384615376,8600,0.0031
2024-2025 Recovery,recovery,10d_15%,000793.SZ,2025-05-07,2025-05-14,2.81,2.72,-0.03202846975088958,-0.035128469750889575,7900,0.0031
2024-2025 Recovery,recovery,10d_15%,002717.SZ,2025-05-07,2025-05-14,2.22,1.81,-0.18468468468468469,-0.18778468468468468,10000,0.0031
2024-2025 Recovery,recovery,10d_15%,002973.SZ,2025-05-08,2025-05-15,13.34,12.11,-0.09220389805097451,-0.09530389805097451,19400,0.0031
2024-2025 Recovery,recovery,10d_15%,002717.SZ,2025-05-14,2025-05-21,1.72,1.89,0.09883720930232553,0.09573720930232553,176100,0.0031
2024-2025 Recovery,sideways,5d_10%,002040.SZ,2025-05-19,2025-05-26,12.38,11.45,-0.0751211631663975,-0.0782211631663975,21100,0.0031
2024-2025 Recovery,sideways,5d_10%,002717.SZ,2025-05-21,2025-05-28,1.95,2.18,0.11794871794871797,0.11484871794871797,156200,0.0031
2024-2025 Recovery,recovery,10d_15%,001230.SZ,2025-05-28,2025-06-05,25.55,21.15,-0.17221135029354218,-0.17531135029354217,24500,0.0031
2024-2025 Recovery,recovery,10d_15%,000826.SZ,2025-05-29,2025-06-06,2.51,2.16,-0.1394422310756971,-0.14254223107569708,50400,0.0031
2024-2025 Recovery,sideways,5d_10%,000504.SZ,2025-06-10,2025-06-17,8.99,9.07,0.008898776418242438,0.0057987764182424375,58600,0.0031
