date,value,cash,positions,regime,model,ret,cummax,window,equity
2022-01-05,1006365.325,199210.325,807155.0,sideways,5d_10%,0.0,1006365.325,2022 Bear,1.0
2022-01-10,1038913.47,120758.47000000002,918155.0,bear,10d_15%,0.03234227590263994,1038913.47,2022 Bear,1.03234227590264
2022-01-11,1026113.47,120758.47000000002,905355.0,bear,10d_15%,-0.0123205640985673,1038913.47,2022 Bear,1.0196232367207207
2022-01-17,980334.6299999999,610254.6299999999,370080.0,bear,10d_15%,-0.04461381839183931,1038913.47,2022 Bear,0.974133950809563
2022-01-18,1004460.1399999999,122321.1399999999,882139.0,sideways,5d_10%,0.02460946421937571,1038913.47,2022 Bear,0.9981068654168902
2022-01-20,1181314.9152,25098.9151999999,1156216.0,sideways,5d_10%,0.1760694806665002,1181314.9152,2022 Bear,1.1738430228605103
2022-01-21,1158548.9152,25098.9151999999,1133450.0,bear,10d_15%,-0.01927174516047281,1181314.9152,2022 Bear,1.1512210192655434
2022-01-24,1077651.7913,98745.7912999999,978906.0,sideways,5d_10%,-0.06982624802340331,1181314.9152,2022 Bear,1.0708355748445526
2022-01-25,1037347.7912999999,555921.7912999999,481426.0,bear,10d_15%,-0.03739983575898875,1181314.9152,2022 Bear,1.0307865002204841
2022-01-26,1038206.7912999999,555921.7912999999,482285.0,bear,10d_15%,0.0008280732915268985,1181314.9152,2022 Bear,1.0316400669905832
2022-01-27,1056719.2645,374967.26449999993,681752.0,bear,10d_15%,0.0178312002532941,1181314.9152,2022 Bear,1.0500354476144138
2022-01-28,1053218.2645,374967.26449999993,678251.0,bear,10d_15%,-0.0033130842955310102,1181314.9152,2022 Bear,1.0465565916631716
2022-02-08,1066007.7865,479135.78649999993,586872.0,bear,10d_15%,0.012143277828619459,1181314.9152,2022 Bear,1.0592652191191105
2022-02-09,1084857.7114,288060.7114,796797.0,bear,10d_15%,0.017682727217114946,1181314.9152,2022 Bear,1.0779959170393714
2022-02-10,1096904.4986999999,352454.4986999999,744450.0,bear,10d_15%,0.011104486029281935,1181314.9152,2022 Bear,1.089966507639758
2022-02-11,1087954.4986999999,352454.4986999999,735500.0,bear,10d_15%,-0.008159324727546546,1181314.9152,2022 Bear,1.0810731169617753
2022-02-14,1063018.4986999999,352454.4986999999,710564.0,bear,10d_15%,-0.022920076188660543,1181314.9152,2022 Bear,1.0562948387554987
2022-02-17,1147286.4081,219071.40809999988,928215.0,sideways,5d_10%,0.07927228877301196,1181314.9152,2022 Bear,1.1400297482427666
2022-02-18,1064243.0069,43920.00689999989,1020323.0,sideways,5d_10%,-0.07238245011333011,1181314.9152,2022 Bear,1.057511601862872
2022-02-21,1089679.8058999998,9104.80589999989,1080575.0,sideways,5d_10%,0.02390130715924932,1181314.9152,2022 Bear,1.0827875114834664
2022-02-22,1098606.8058999998,9104.80589999989,1089502.0,bear,10d_15%,0.008192314798957767,1181314.9152,2022 Bear,1.091658047637919
2022-02-23,1049773.8058999998,9104.80589999989,1040669.0,bear,10d_15%,-0.04444993398706931,1181314.9152,2022 Bear,1.0431339194839606
2022-02-24,975091.2508999999,461804.2508999999,513287.0,bear,10d_15%,-0.07114156838384111,1181314.9152,2022 Bear,0.9689237364174883
2022-02-28,949952.7474999998,389255.7474999999,560697.0,bear,10d_15%,-0.02578066758039055,1181314.9152,2022 Bear,0.9439442356581591
2022-03-01,935318.1185999999,77598.11859999987,857720.0,sideways,5d_10%,-0.015405638794681042,1181314.9152,2022 Bear,0.9294021717212881
2022-03-04,888355.3754999998,71040.37549999985,817315.0,sideways,5d_10%,-0.050210449435422744,1181314.9152,2022 Bear,0.8827364709729043
2022-03-11,896447.5062999999,773439.5062999999,123008.0,severe_bear,5d_10%,0.009109114463843326,1181314.9152,2022 Bear,0.8907774185284056
2022-03-21,933951.9933999999,804921.9933999999,129030.0,severe_bear,5d_10%,0.04183679115221839,1181314.9152,2022 Bear,0.9280446873504907
2022-04-01,884457.0116999999,551045.0116999999,333412.0,bear,10d_15%,-0.05299520965720761,1181314.9152,2022 Bear,0.8788627645730938
2022-04-06,917382.3665999998,110746.36659999989,806636.0,sideways,5d_10%,0.037226631101849206,1181314.9152,2022 Bear,0.9115798644990077
2022-04-07,964018.3665999998,110746.36659999989,853272.0,severe_bear,5d_10%,0.05083594550965942,1181314.9152,2022 Bear,0.957920888818382
2022-04-08,1049501.3665999998,110746.36659999989,938755.0,severe_bear,5d_10%,0.088673621750061,1181314.9152,2022 Bear,1.0428632033799454
2022-04-11,1054699.3665999998,110746.36659999989,943953.0,severe_bear,5d_10%,0.004952828233887541,1181314.9152,2022 Bear,1.048028325697728
2022-04-20,1005314.1667999998,841232.1667999998,164082.0,severe_bear,5d_10%,-0.046823958906130336,1181314.9152,2022 Bear,0.9989554904427971
2022-04-29,950581.2642999998,823387.2642999998,127194.0,severe_bear,5d_10%,-0.054443580233450195,1181314.9152,2022 Bear,0.9445687770492289
2022-05-16,1027001.9602999998,873991.9602999998,153010.0,severe_bear,5d_10%,0.08039364846547392,1181314.9152,2022 Bear,1.0205061072627875
2022-05-20,947179.0152999999,175435.01529999982,771744.0,sideways,5d_10%,-0.07772423820562391,1181314.9152,2022 Bear,0.9411880474916005
2022-05-24,1054981.0152999999,295489.01529999985,759492.0,severe_bear,5d_10%,0.11381375458983944,1181314.9152,2022 Bear,1.0483081929516995
2022-05-25,1130951.0152999999,295489.01529999985,835462.0,severe_bear,5d_10%,0.07201077450516657,1181314.9152,2022 Bear,1.123797677846263
2022-05-26,1160417.0152999999,295489.01529999985,864928.0,severe_bear,5d_10%,0.026054178829472807,1181314.9152,2022 Bear,1.153077303513016
2022-05-27,1181613.8109,1018533.8108999999,163080.0,severe_bear,5d_10%,0.018266532910601985,1181613.8109,2022 Bear,1.1741400280261047
2022-05-30,1141663.5859,204226.58590000006,937437.0,sideways,5d_10%,-0.033809883255825346,1181613.8109,2022 Bear,1.1344424907525505
2022-06-01,1281451.1721,41389.17210000007,1240062.0,sideways,5d_10%,0.12244201175059999,1281451.1721,2022 Bear,1.2733459115356545
2022-06-02,842341.1721000001,41389.17210000007,800952.0,sideways,5d_10%,-0.34266619716801305,1281451.1721,2022 Bear,0.8370133103502946
2022-06-06,824761.1721000001,256111.17210000008,568650.0,recovery,10d_15%,-0.020870403326210596,1281451.1721,2022 Bear,0.8195445049738773
2022-06-07,801893.8813,277633.8813,524260.00000000006,recovery,10d_15%,-0.027725954583647017,1281451.1721,2022 Bear,0.7968218512496941
2022-06-08,850655.8813,277633.8813,573022.0,recovery,10d_15%,0.06080854479267117,1281451.1721,2022 Bear,0.8452754284831903
2022-06-13,986741.2241,175147.2241,811594.0,recovery,10d_15%,0.15997696106212755,1281451.1721,2022 Bear,0.9805000227924189
2022-06-14,992412.1248999999,309510.1249,682902.0,recovery,10d_15%,0.005747100315153464,1281451.1721,2022 Bear,0.9861350547824171
2022-06-16,1098900.6193,61876.61929999999,1037024.0,bull,5d_10%,0.1073026938387418,1281451.1721,2022 Bear,1.0919500026493858
2022-06-17,1156868.5553,12532.555299999985,1144336.0,bull,5d_10%,0.052750844782420536,1281451.1721,2022 Bear,1.149551287749307
2022-06-21,1252916.8098,191513.80980000005,1061403.0,bull,5d_10%,0.08302434538476389,1281451.1721,2022 Bear,1.2449920309009057
2022-06-22,1230223.7866,47462.78660000005,1182761.0,bull,5d_10%,-0.01811215479152395,1281451.1721,2022 Bear,1.2224425425230148
2022-06-28,1215803.8896,218538.88960000005,997265.0,bull,5d_10%,-0.01172136090771947,1281451.1721,2022 Bear,1.2081138522931523
2022-06-30,1160743.5559,79331.55590000004,1081412.0,bull,5d_10%,-0.04528718337799931,1281451.1721,2022 Bear,1.153401778722851
2022-07-01,1144417.5779,16189.577900000033,1128228.0,bull,5d_10%,-0.014065103284025104,1281451.1721,2022 Bear,1.137179063577136
2022-07-04,1201363.5779,16189.577900000033,1185174.0,bull,5d_10%,0.04975980891913223,1281451.1721,2022 Bear,1.1937648764875717
2022-07-05,1227919.8623000002,158162.86230000004,1069757.0,bull,5d_10%,0.02210511862397313,1281451.1721,2022 Bear,1.220153190691462
2022-07-06,1252396.554,31607.554000000033,1220789.0,bull,5d_10%,0.01993346019678577,1281451.1721,2022 Bear,1.2444750657520915
2022-07-07,1268260.223,82136.223,1186124.0,bull,5d_10%,0.012666650151130998,1281451.1721,2022 Bear,1.2602383960317791
2022-07-08,1238796.229,38905.22899999999,1199891.0,bull,5d_10%,-0.023231820619828647,1281451.1721,2022 Bear,1.2309607636769482
2022-07-11,1229777.229,38905.22899999999,1190872.0,recovery,10d_15%,-0.007280454839033945,1281451.1721,2022 Bear,1.2219988094283754
2022-07-12,1262169.229,647694.229,614475.0,recovery,10d_15%,0.026339729860130667,1281451.1721,2022 Bear,1.25418592795812
2022-07-18,1232622.0794,259563.07939999993,973059.0,sideways,5d_10%,-0.02340981614914661,1281451.1721,2022 Bear,1.2248256659677736
2022-07-20,1187733.0794,259563.07939999993,928170.0,recovery,10d_15%,-0.036417488174356305,1281451.1721,2022 Bear,1.180220591761744
2022-07-21,1180630.9144,52243.91439999992,1128387.0,sideways,5d_10%,-0.0059795968666527255,1281451.1721,2022 Bear,1.1731633484092867
2022-07-22,1172124.9144,52243.91439999992,1119881.0,sideways,5d_10%,-0.007204622457580467,1281451.1721,2022 Bear,1.1647111494029267
2022-07-25,1186809.4611,205063.4610999999,981746.0,sideways,5d_10%,0.012528141428950867,1281451.1721,2022 Bear,1.1793028154065226
2022-07-26,1219214.4611,205063.4610999999,1014151.0,sideways,5d_10%,0.02730429867821016,1281451.1721,2022 Bear,1.2115028517104363
2022-07-27,1240875.4611,205063.4610999999,1035812.0,sideways,5d_10%,0.017766357512243536,1281451.1721,2022 Bear,1.2330268445010266
2022-07-28,1258526.6040999999,88218.60409999991,1170308.0,sideways,5d_10%,0.014224749826507788,1281451.1721,2022 Bear,1.250566342893422
2022-07-29,1236788.6040999999,88218.60409999991,1148570.0,bear,10d_15%,-0.017272578846710407,1281451.1721,2022 Bear,1.228965837132753
2022-08-02,1262578.5318999998,533687.5318999998,728891.0,bear,10d_15%,0.02085233298116207,1281451.1721,2022 Bear,1.2545926419911178
2022-08-03,1265217.5318999998,533687.5318999998,731530.0,bear,10d_15%,0.0020901670140300865,1281451.1721,2022 Bear,1.2572149501474525
2022-08-04,1253689.9418999997,561271.9418999997,692418.0,bear,10d_15%,-0.009111152595782435,1281451.1721,2022 Bear,1.2457602728909603
2022-08-11,1408404.7884999998,292020.7884999998,1116384.0,sideways,5d_10%,0.12340758382852268,1408404.7884999998,2022 Bear,1.3994965381979947
2022-08-15,1566095.2839999998,58252.28399999978,1507843.0,sideways,5d_10%,0.11196390184667426,1566095.2839999998,2022 Bear,1.5561896312355554
2022-08-18,1582970.3292,294657.32920000004,1288313.0,sideways,5d_10%,0.010775235308096542,1582970.3292,2022 Bear,1.5729579406961385
2022-08-24,1939593.3039000002,300310.30390000006,1639283.0,bear,10d_15%,0.22528721361456583,1939593.3039000002,2022 Bear,1.9273252522884772
2022-08-25,1917366.4156000002,349973.4156000002,1567393.0,sideways,5d_10%,-0.011459561267461393,1939593.3039000002,2022 Bear,1.9052389504775518
2022-08-30,2081648.8251000002,69924.82510000019,2011724.0,sideways,5d_10%,0.08568128040804934,2081648.8251000002,2022 Bear,2.0684822632377564
2022-08-31,2043747.0992000003,51298.099200000215,1992449.0,sideways,5d_10%,-0.01820755040090838,2081648.8251000002,2022 Bear,2.03082026817647
2022-09-01,2091669.0099,318299.00989999995,1773370.0,sideways,5d_10%,0.02344806298135338,2091669.0099,2022 Bear,2.0784390697284807
2022-09-02,2169691.0099,318299.00989999995,1851392.0,bear,10d_15%,0.03730131279409754,2169691.0099,2022 Bear,2.1559675755918954
2022-09-05,2154738.0099,318299.00989999995,1836439.0,bear,10d_15%,-0.006891764740588169,2169691.0099,2022 Bear,2.1411091542725798
2022-09-22,2022349.4918,1266061.4918,756288.0,bear,10d_15%,-0.06144065658643305,2169691.0099,2022 Bear,2.0095580020108503
2022-09-23,2096370.2497999999,759063.2497999999,1337307.0,bear,10d_15%,0.036601368012863844,2169691.0099,2022 Bear,2.083110573985645
2022-09-30,1902113.8103,1167768.8103,734345.0,bear,10d_15%,-0.09266323041864033,2169691.0099,2022 Bear,1.890082818880907
2022-10-10,1925508.8103,1167768.8103,757740.0,bear,10d_15%,0.012299474339187988,2169691.0099,2022 Bear,1.913329844010673
2022-10-11,1972291.8103,1167768.8103,804523.0,bear,10d_15%,0.024296435181052844,2169691.0099,2022 Bear,1.959816938545652
2022-10-12,2035848.8103,1167768.8103,868080.0,bear,10d_15%,0.03222494747890914,2169691.0099,2022 Bear,2.022971936458562
2022-10-13,2055447.8103,1167768.8103,887679.0,bear,10d_15%,0.009626942777303693,2169691.0099,2022 Bear,2.04244697153094
2022-10-14,1987676.4849,1239896.4849,747779.9999999999,bear,10d_15%,-0.0329715622359239,2169691.0099,2022 Bear,1.9751043040955332
2022-10-21,2431615.3229,1467959.3229,963656.0,bear,10d_15%,0.22334562056376828,2431615.3229,2022 Bear,2.41623520057192
2022-11-07,2420700.6167,502917.61670000025,1917783.0,sideways,5d_10%,-0.004488664838228962,2431615.3229,2022 Bear,2.4053895305862216
2022-11-14,2200618.0590000004,459080.0590000001,1741538.0,sideways,5d_10%,-0.09091688422008393,2431615.3229,2022 Bear,2.186699009129712
2022-11-15,2268518.31,91873.31000000011,2176645.0,sideways,5d_10%,0.030855082153990354,2431615.3229,2022 Bear,2.2541697867024584
2022-11-16,2335753.838,18337.83800000012,2317416.0,sideways,5d_10%,0.029638521189630618,2431615.3229,2022 Bear,2.320980045690664
2022-11-17,2346298.1505,3944.15050000012,2342354.0,sideways,5d_10%,0.004514308112634202,2431615.3229,2022 Bear,2.3314576647401877
2022-11-18,2446161.1505,3944.15050000012,2442217.0,sideways,5d_10%,0.042561939529602855,2446161.1505,2022 Bear,2.430689024882689
2022-11-23,2507125.1225000005,503288.1225000003,2003837.0,sideways,5d_10%,0.02492230407123408,2507125.1225000005,2022 Bear,2.491267395863426
2022-11-25,2626866.1821000003,103864.18210000027,2523002.0,sideways,5d_10%,0.047760304631545125,2626866.1821000003,2022 Bear,2.6102510856084997
2022-11-28,2621669.5109,20932.510900000285,2600737.0,sideways,5d_10%,-0.001978277856485966,2626866.1821000003,2022 Bear,2.6050872836859718
2022-11-29,2787984.5109,20932.510900000285,2767052.0,recovery,10d_15%,0.06343858343262543,2787984.5109,2022 Bear,2.7703503306813557
2022-11-30,2756342.7473,917685.7473000002,1838657.0,recovery,10d_15%,-0.01134933263663862,2787984.5109,2022 Bear,2.7389087032584314
2022-12-01,2935527.7473,917685.7473000002,2017842.0,recovery,10d_15%,0.06500824332370203,2935527.7473,2022 Bear,2.916960346681261
2022-12-05,2614555.5901,603103.5901000001,2011452.0,recovery,10d_15%,-0.10934052914172565,2935527.7473,2022 Bear,2.598018358889701
2022-12-06,2635943.5901,603103.5901000001,2032840.0,recovery,10d_15%,0.008180357717765041,2935527.7473,2022 Bear,2.619271078422739
2022-12-07,2631309.5149,343099.51490000007,2288210.0,bull,5d_10%,-0.0017580327657256145,2935527.7473,2022 Bear,2.6146663140445545
2022-12-08,2805593.0374000003,70070.03740000009,2735523.0,bull,5d_10%,0.06623451992747564,2935527.7473,2022 Bear,2.7878474821258377
2022-12-15,2872741.3693999997,545095.3693999997,2327646.0,bull,5d_10%,0.023933739179160307,2935527.7473,2022 Bear,2.854571096634316
2022-12-19,2520178.8943999996,108778.8943999997,2411400.0,bull,5d_10%,-0.12272684159995795,2935527.7473,2022 Bear,2.504238601821858
2022-12-21,2683979.2383999997,43574.2383999997,2640405.0,recovery,10d_15%,0.06499552248611207,2935527.7473,2022 Bear,2.6670028981771603
2022-12-23,2661953.7424,881249.7423999996,1780704.0,recovery,10d_15%,-0.008206284044555368,2935527.7473,2022 Bear,2.6451167148470662
2022-12-26,2712274.7424,1266074.7423999996,1446200.0,recovery,10d_15%,0.018903784539332724,2935527.7473,2022 Bear,2.6951194313059226
2022-12-27,2805458.7424,1266074.7423999996,1539384.0,recovery,10d_15%,0.03435640148960162,2935527.7473,2022 Bear,2.7877140365502955
2022-12-28,2753834.7424,1328554.7423999996,1425280.0,recovery,10d_15%,-0.01840126864807745,2935527.7473,2022 Bear,2.736416561649717
2022-12-29,2698074.7424,1328554.7423999996,1369520.0,sideways,5d_10%,-0.02024812859736258,2935527.7473,2022 Bear,2.6810092472134808
2022-12-30,2764714.7424,2764714.7424,0.0,recovery,10d_15%,0.024699093376754355,2935527.7473,2022 Bear,2.7472277449543485
2023-01-03,937835.6709,202557.67090000008,735278.0,sideways,5d_10%,-0.6607839295254448,2935527.7473,2023 Sideways,0.9319038003420875
2023-01-04,958653.6845000001,40819.68450000009,917834.0,sideways,5d_10%,0.02219793322642749,2935527.7473,2023 Sideways,0.9525901386755353
2023-01-05,973828.6845000001,40819.68450000009,933009.0,recovery,10d_15%,0.015829491134657925,2935527.7473,2023 Sideways,0.9676691558306624
2023-01-06,948713.6845000001,40819.68450000009,907894.0,recovery,10d_15%,-0.025789957104102923,2935527.7473,2023 Sideways,0.9427130098108261
2023-01-09,954559.6845000001,40819.68450000009,913740.0,recovery,10d_15%,0.006162027696565708,2935527.7473,2023 Sideways,0.9485220334871932
2023-01-31,943207.5828000002,200203.58280000015,743004.0,bull,5d_10%,-0.011892500683125085,2935527.7473,2023 Sideways,0.9372417345559877
2023-02-14,1135072.2176,243652.2176000002,891420.0,bull,5d_10%,0.20341718864306801,2935527.7473,2023 Sideways,1.1278928132783193
2023-02-22,1120100.5980000002,230288.59800000011,889812.0,sideways,5d_10%,-0.013190015020943635,2935527.7473,2023 Sideways,1.1130158901291638
2023-02-28,978487.4916000001,46121.491600000125,932366.0,sideways,5d_10%,-0.1264289177711877,2935527.7473,2023 Sideways,0.9722984956779985
2023-03-03,891727.7283000001,159104.72830000008,732623.0,sideways,5d_10%,-0.08866721756262053,2935527.7473,2023 Sideways,0.8860874934259089
2023-03-10,1150008.2843,248548.28429999994,901460.0,sideways,5d_10%,0.28964060194964314,2935527.7473,2023 Sideways,1.1427344084018396
2023-03-17,1575492.3773,340592.37730000005,1234900.0,sideways,5d_10%,0.36998350256145196,2935527.7473,2023 Sideways,1.565527287319841
2023-03-23,1862552.6785000004,68162.67850000004,1794390.0000000002,sideways,5d_10%,0.18220354813264783,2935527.7473,2023 Sideways,1.8507719137679952
2023-03-27,1734498.1513999999,297652.1513999999,1436846.0,sideways,5d_10%,-0.06875216394047379,2935527.7473,2023 Sideways,1.7235273397361937
2023-03-31,1775172.0724,110056.07239999989,1665116.0,sideways,5d_10%,0.023449965032923403,2935527.7473,2023 Sideways,1.7639439955862948
2023-04-17,1918710.6043999998,756788.6043999998,1161922.0,recovery,10d_15%,0.08085893994824866,2935527.7473,2023 Sideways,1.9065746371974808
2023-04-27,2401519.9081999995,438403.9081999997,1963116.0,sideways,5d_10%,0.25163216521179277,2935527.7473,2023 Sideways,2.3863301412933713
2023-05-09,2084186.3926999997,430813.39269999973,1653373.0,sideways,5d_10%,-0.1321386153895553,2935527.7473,2023 Sideways,2.0710037805605035
2023-05-11,1950362.0912999997,86288.09129999974,1864074.0,sideways,5d_10%,-0.06420937295662632,2935527.7473,2023 Sideways,1.9380259264199111
2023-05-12,1887122.0912999995,86288.09129999974,1800833.9999999998,bear,10d_15%,-0.032424748349086374,2935527.7473,2023 Sideways,1.8751859234617405
2023-05-15,1872675.7071999998,17441.707199999742,1855234.0,sideways,5d_10%,-0.0076552461372797476,2935527.7473,2023 Sideways,1.8608309136644785
2023-05-17,1824882.7071999998,1410131.7071999998,414751.0,bear,10d_15%,-0.025521236707587436,2935527.7473,2023 Sideways,1.813340207444051
2023-05-19,1791325.8887999998,1052360.8887999998,738965.0,bear,10d_15%,-0.01838847958151113,2935527.7473,2023 Sideways,1.779995638065133
2023-05-22,1856884.8498,674684.8497999999,1182200.0,bear,10d_15%,0.03659800899986876,2935527.7473,2023 Sideways,1.8451399344467676
2023-05-29,1942745.5047,1137183.5047,805562.0,bear,10d_15%,0.046239084189441115,2935527.7473,2023 Sideways,1.9304575152169516
2023-05-30,1977992.2699,681796.2699,1296196.0,bear,10d_15%,0.018142759880143355,2935527.7473,2023 Sideways,1.9654813423743511
2023-06-05,2109147.3164999997,953450.3165,1155697.0,bear,10d_15%,0.0663071583220245,2935527.7473,2023 Sideways,2.0958068249221524
2023-06-14,1395191.5484,300669.54839999997,1094522.0,sideways,5d_10%,-0.33850445747183056,2935527.7473,2023 Sideways,1.3863668726861194
2023-06-21,1880331.0214,374541.02139999997,1505790.0,sideways,5d_10%,0.34772248552993035,2935527.7473,2023 Sideways,1.8684378075128931
2023-07-14,1749096.948,377716.9480000001,1371380.0,sideways,5d_10%,-0.06979306936195184,2935527.7473,2023 Sideways,1.7380337980146525
2023-07-20,1853065.7614000002,75642.76140000008,1777423.0,sideways,5d_10%,0.059441424055357794,2935527.7473,2023 Sideways,1.8413450020249855
2023-07-24,1646344.0408000003,279621.0408000003,1366723.0,sideways,5d_10%,-0.11155660252651833,2935527.7473,2023 Sideways,1.6359308095198932
2023-07-26,1750140.2102000003,111841.21020000032,1638299.0,recovery,10d_15%,0.06304646345338782,2935527.7473,2023 Sideways,1.7390704615145602
2023-08-14,1782375.8230000006,369715.8230000003,1412660.0000000002,sideways,5d_10%,0.01841887444910273,2935527.7473,2023 Sideways,1.7711021820033401
2023-08-15,1841947.3530000004,77436.35300000032,1764511.0,sideways,5d_10%,0.03342254154891533,2935527.7473,2023 Sideways,1.8302969182687217
2023-08-16,1919615.9376000003,15497.937600000325,1904118.0,sideways,5d_10%,0.04216656055532764,2935527.7473,2023 Sideways,1.907474244107129
2023-09-11,2008588.6476000003,412672.64760000026,1595916.0,sideways,5d_10%,0.04634922447624512,2935527.7473,2023 Sideways,1.9958841960299063
2023-09-14,2387984.8488000003,83168.84880000027,2304816.0,sideways,5d_10%,0.188886958837156,2935527.7473,2023 Sideways,2.3728806920091374
2023-10-11,2626798.2632,1543796.2632000002,1083002.0,bear,10d_15%,0.10000625193246404,2935527.7473,2023 Sideways,2.6101835962998825
2023-10-27,2287318.8672,491848.8672,1795470.0000000002,sideways,5d_10%,-0.1292369500756565,2935527.7473,2023 Sideways,2.272851429176577
2023-11-06,2070168.0889,445293.0889000001,1624875.0,sideways,5d_10%,-0.0949368194412803,2935527.7473,2023 Sideways,2.0570741434279847
2023-11-13,2721786.5304,563548.5304,2158238.0,sideways,5d_10%,0.31476595789197126,2935527.7473,2023 Sideways,2.7045710566389003
2023-11-15,2873359.8648,112450.86480000004,2760909.0,sideways,5d_10%,0.05568891340560955,2935527.7473,2023 Sideways,2.855185680011382
2023-11-20,2711318.1112,467318.1112000004,2244000.0,sideways,5d_10%,-0.05639452112667376,2935527.7473,2023 Sideways,2.6941688508594037
2023-11-22,3005068.4682000005,183286.46820000035,2821782.0,sideways,5d_10%,0.1083422693141638,3005068.4682000005,2023 Sideways,2.9860612180770443
2023-11-23,2728149.0247000004,36601.02470000036,2691548.0,sideways,5d_10%,-0.09215079337805288,3005068.4682000005,2023 Sideways,2.7108933077558097
2023-11-24,2695333.7914000005,7922.79140000036,2687411.0,sideways,5d_10%,-0.012028387380197625,3005068.4682000005,2023 Sideways,2.6782856329037377
2023-11-27,2441215.6264000004,332862.62640000065,2108353.0,sideways,5d_10%,-0.09428077732368978,3005068.4682000005,2023 Sideways,2.4257747815387027
2023-11-28,2549983.6264000004,332862.62640000065,2217121.0,sideways,5d_10%,0.04455485161726469,3005068.4682000005,2023 Sideways,2.5338548169870623
2023-12-19,2401252.0514,1428152.0514000002,973100.0,bear,10d_15%,-0.058326482358624254,3005068.4682000005,2023 Sideways,2.3860639787047515
2023-12-20,2390702.6574,1214494.6574000001,1176208.0,severe_bear,5d_10%,-0.004393288906864079,3005068.4682000005,2023 Sideways,2.37558131029604
2023-12-25,2375826.6574,1214494.6574000001,1161332.0,bear,10d_15%,-0.006222438392308627,3005068.4682000005,2023 Sideways,2.360799401946803
2023-12-26,2382458.6574,2146894.6574,235564.0,bear,10d_15%,0.0027914494432257353,3005068.4682000005,2023 Sideways,2.367389454122935
2023-12-27,2406052.6574,2406052.6574,0.0,bear,10d_15%,0.009903214868688837,3005068.4682000005,2023 Sideways,2.390834220564982
2023-12-28,2406052.6574,2406052.6574,0.0,sideways,5d_10%,0.0,3005068.4682000005,2023 Sideways,2.390834220564982
2023-12-29,2406052.6574,2406052.6574,0.0,sideways,5d_10%,0.0,3005068.4682000005,2023 Sideways,2.390834220564982
2024-01-03,970670.65,199460.65000000002,771210.0,sideways,5d_10%,-0.5965713189964368,3005068.4682000005,2024-2025 Recovery,0.9645310961007127
2024-01-24,861417.355,175617.35499999998,685800.0,sideways,5d_10%,-0.11255444367252687,3005068.4682000005,2024-2025 Recovery,0.8559688351742445
2024-01-25,875122.9806,35146.98059999998,839976.0,sideways,5d_10%,0.015910551976283438,3005068.4682000005,2024-2025 Recovery,0.869587771816363
2024-01-29,858231.5941,22525.59409999998,835706.0,bear,10d_15%,-0.01930172887063142,3005068.4682000005,2024-2025 Recovery,0.8528032244155471
2024-01-30,817705.5941,22525.59409999998,795180.0,bear,10d_15%,-0.047220354364253314,3005068.4682000005,2024-2025 Recovery,0.8125335539556672
2024-01-31,769024.4816,377533.4816,391491.0,bear,10d_15%,-0.05953378924058894,3005068.4682000005,2024-2025 Recovery,0.7641603526035639
2024-02-01,747341.4356,295011.43559999997,452330.0,bear,10d_15%,-0.02819552110342083,3005068.4682000005,2024-2025 Recovery,0.7426144532553325
2024-02-02,718641.4356,295011.43559999997,423630.0,severe_bear,5d_10%,-0.03840279507178446,3005068.4682000005,2024-2025 Recovery,0.7140959825896227
2024-02-05,690515.2071,61448.207099999956,629067.0,sideways,5d_10%,-0.03913805565151851,3005068.4682000005,2024-2025 Recovery,0.6861476542825042
2024-02-06,684020.2071,61448.207099999956,622572.0,sideways,5d_10%,-0.009406020219710265,3005068.4682000005,2024-2025 Recovery,0.6796937355726163
2024-02-07,659303.0282999999,55859.02829999995,603444.0,sideways,5d_10%,-0.036135158791276156,3005068.4682000005,2024-2025 Recovery,0.6551328945082641
2024-02-08,705302.0282999999,223319.02829999995,481983.0,recovery,10d_15%,0.06976913198564794,3005068.4682000005,2024-2025 Recovery,0.7008409478933507
2024-02-19,738091.0282999999,223319.02829999995,514772.0,recovery,10d_15%,0.046489303425132356,3005068.4682000005,2024-2025 Recovery,0.733422555372722
2024-02-20,752807.1599999999,198137.15999999997,554670.0,recovery,10d_15%,0.019938098602681587,3005068.4682000005,2024-2025 Recovery,0.7480456065991741
2024-02-21,753852.1599999999,198137.15999999997,555715.0,recovery,10d_15%,0.0013881377004969497,3005068.4682000005,2024-2025 Recovery,0.7490839969073855
2024-02-22,782924.5437,188673.54369999998,594251.0,recovery,10d_15%,0.03856509968745092,3005068.4682000005,2024-2025 Recovery,0.7779724959223928
2024-02-23,805935.5437,188673.54369999998,617262.0,recovery,10d_15%,0.029391082684996572,3005068.4682000005,2024-2025 Recovery,0.8008379498767012
2024-02-26,854920.5437,188673.54369999998,666247.0,recovery,10d_15%,0.060780294879554386,3005068.4682000005,2024-2025 Recovery,0.8495131166209449
2024-02-27,898381.4040999999,232195.40409999993,666186.0,recovery,10d_15%,0.050836139943375436,3005068.4682000005,2024-2025 Recovery,0.8926990843012204
2024-03-06,824874.8220999999,171141.82209999987,653733.0,bull,5d_10%,-0.08182113038463779,3005068.4682000005,2024-2025 Recovery,0.8196574361303635
2024-03-08,826597.5745999999,35390.574599999876,791207.0,bull,5d_10%,0.002088501738499282,3005068.4682000005,2024-2025 Recovery,0.8213692921106954
2024-03-11,818248.0627999998,7268.062799999876,810980.0,bull,5d_10%,-0.010101060124741545,3005068.4682000005,2024-2025 Recovery,0.8130725915064689
2024-03-14,779299.2909999999,132028.29099999985,647271.0,bull,5d_10%,-0.04760020044131785,3005068.4682000005,2024-2025 Recovery,0.7743701731774193
2024-03-19,843488.7732999999,55832.773299999855,787656.0,bull,5d_10%,0.08236820312980364,3005068.4682000005,2024-2025 Recovery,0.8381536528993583
2024-03-20,914602.4117999999,12421.411799999856,902181.0,bull,5d_10%,0.08430893303034792,3005068.4682000005,2024-2025 Recovery,0.9088174930907917
2024-03-21,968516.4117999999,671761.4117999999,296755.0,recovery,10d_15%,0.05894801861925281,3005068.4682000005,2024-2025 Recovery,0.9623904835950106
2024-03-22,972908.4117999999,671761.4117999999,301147.0,recovery,10d_15%,0.004534770858283466,3005068.4682000005,2024-2025 Recovery,0.9667547039143066
2024-03-25,948700.4117999999,671761.4117999999,276939.0,recovery,10d_15%,-0.02488209548441689,3005068.4682000005,2024-2025 Recovery,0.9426998210615016
2024-04-12,866074.6029999999,187213.6029999999,678861.0,sideways,5d_10%,-0.08709367864954476,3005068.4682000005,2024-2025 Recovery,0.8605966257829878
2024-04-15,869489.0957,37398.09569999989,832091.0,sideways,5d_10%,0.003942492584556367,3005068.4682000005,2024-2025 Recovery,0.8639895215984315
2024-04-16,786952.2360999999,7467.236099999889,779485.0,sideways,5d_10%,-0.09492569833041098,3005068.4682000005,2024-2025 Recovery,0.7819747129105425
2024-04-23,810322.6033999999,163690.6033999999,646632.0,sideways,5d_10%,0.029697313544491122,3005068.4682000005,2024-2025 Recovery,0.8051972611437104
2024-04-24,797118.6218999999,32765.62189999991,764353.0,sideways,5d_10%,-0.016294721934940415,3005068.4682000005,2024-2025 Recovery,0.792076795670598
2024-04-26,160193.6218999999,32765.62189999991,127428.0,recovery,10d_15%,-0.7990341493739479,3005068.4682000005,2024-2025 Recovery,0.15918038700309942
2024-04-29,785224.6218999999,32765.62189999991,752459.0,recovery,10d_15%,3.901722132171858,3005068.4682000005,2024-2025 Recovery,0.7802580259807739
2024-05-09,785077.3000999999,163301.30009999993,621776.0,bull,5d_10%,-0.00018761739748252015,3005068.4682000005,2024-2025 Recovery,0.7801116360005745
2024-05-10,807855.6240999999,32611.624099999943,775244.0,bull,5d_10%,0.02901411618588212,3005068.4682000005,2024-2025 Recovery,0.8027458856454538
2024-05-17,678398.4935999999,146199.4936,532199.0,bull,5d_10%,-0.16024785449036527,3005068.4682000005,2024-2025 Recovery,0.6741075797698017
2024-05-21,706541.4966,58395.49659999997,648146.0,recovery,10d_15%,0.041484471539221524,3005068.4682000005,2024-2025 Recovery,0.7020725764771356
2024-05-22,749824.9491,11759.949099999969,738065.0,bull,5d_10%,0.06126101964044217,3005068.4682000005,2024-2025 Recovery,0.7450822583737173
2024-05-23,743864.7811,2387.7810999999692,741477.0,bull,5d_10%,-0.007948745913501254,3005068.4682000005,2024-2025 Recovery,0.7391597888172469
2024-05-24,709351.7811,549695.7811,159656.0,recovery,10d_15%,-0.04639687329861675,3005068.4682000005,2024-2025 Recovery,0.7048650857480607
2024-05-27,696406.7811,549695.7811,146711.0,recovery,10d_15%,-0.018249055468537834,3005068.4682000005,2024-2025 Recovery,0.6920019637004088
2024-05-28,695422.2731000001,253755.27310000005,441667.0,recovery,10d_15%,-0.0014136967455211646,3005068.4682000005,2024-2025 Recovery,0.6910236827764312
2024-05-30,673033.8551,60177.855100000044,612856.0,sideways,5d_10%,-0.032193990422824226,3005068.4682000005,2024-2025 Recovery,0.668776872951182
2024-06-04,618556.1901,72676.19010000007,545880.0,sideways,5d_10%,-0.08094342444616798,3005068.4682000005,2024-2025 Recovery,0.6146437826641136
2024-06-05,676184.6497000001,14492.649700000067,661692.0,sideways,5d_10%,0.09316608664232007,3005068.4682000005,2024-2025 Recovery,0.6719077385739618
2024-06-06,622111.6167000001,54562.61670000007,567549.0,sideways,5d_10%,-0.07996785053312039,3005068.4682000005,2024-2025 Recovery,0.6181767209636323
2024-06-07,644702.6167000001,54562.61670000007,590140.0,sideways,5d_10%,0.036313419318279694,3005068.4682000005,2024-2025 Recovery,0.6406248314447839
2024-06-11,653616.6167000001,54562.61670000007,599054.0,sideways,5d_10%,0.013826529890056172,3005068.4682000005,2024-2025 Recovery,0.6494824498250674
2024-06-12,647835.6197000002,76872.61970000016,570963.0,sideways,5d_10%,-0.00884462979106504,3005068.4682000005,2024-2025 Recovery,0.6437380180005707
2024-06-13,669822.4361000002,24733.43610000015,645089.0,sideways,5d_10%,0.03393888161040248,3005068.4682000005,2024-2025 Recovery,0.6655857663816072
2024-06-14,670589.2961000002,54506.29610000017,616083.0,sideways,5d_10%,0.0011448705786341051,3005068.4682000005,2024-2025 Recovery,0.6663477759430952
2024-06-17,677197.2961000002,54506.29610000017,622691.0,sideways,5d_10%,0.009854019499611288,3005068.4682000005,2024-2025 Recovery,0.6729139799207611
2024-06-18,716813.2961000002,54506.29610000017,662307.0,sideways,5d_10%,0.058499938242739136,3005068.4682000005,2024-2025 Recovery,0.7122794061888015
2024-06-19,731364.8561000002,81774.85610000015,649590.0,sideways,5d_10%,0.02030034889025001,3005068.4682000005,2024-2025 Recovery,0.7267389266417742
2024-06-20,733560.1833000001,40512.18330000015,693048.0,sideways,5d_10%,0.003001685385467523,3005068.4682000005,2024-2025 Recovery,0.7289203682569252
2024-06-21,777418.2701000001,49619.27010000014,727799.0,sideways,5d_10%,0.05978798713242517,3005068.4682000005,2024-2025 Recovery,0.7725010498548329
2024-06-24,747397.2701000001,49619.27010000014,697778.0,bear,10d_15%,-0.03861627794795508,3005068.4682000005,2024-2025 Recovery,0.7426699345985516
2024-06-25,758545.2701000001,49619.27010000014,708926.0,bear,10d_15%,0.014915762267245558,3005068.4682000005,2024-2025 Recovery,0.7537474227860544
2024-06-27,732366.9096000001,303884.90960000013,428482.0,bear,10d_15%,-0.03451126983699837,3005068.4682000005,2024-2025 Recovery,0.7277346420893428
2024-06-28,717318.0137000001,310163.0137000001,407155.0,bear,10d_15%,-0.020548301271857472,3005068.4682000005,2024-2025 Recovery,0.7127809314177236
2024-07-01,733944.5825000001,61816.582500000106,672128.0,sideways,5d_10%,0.023178797245364757,3005068.4682000005,2024-2025 Recovery,0.7293023361074172
2024-07-02,759320.5825000001,61816.582500000106,697504.0,bear,10d_15%,0.03457481750674285,3005068.4682000005,2024-2025 Recovery,0.7545178312855724
2024-07-03,792054.5825000001,61816.582500000106,730238.0,bear,10d_15%,0.043109591329957064,3005068.4682000005,2024-2025 Recovery,0.7870447866434589
2024-07-04,788882.5825,268548.58250000014,520333.99999999994,bear,10d_15%,-0.004004774506812581,3005068.4682000005,2024-2025 Recovery,0.7838928497461894
2024-07-05,797292.7769000002,312268.7769000002,485024.0,bear,10d_15%,0.010660895026162187,3005068.4682000005,2024-2025 Recovery,0.7922498491290926
2024-07-08,777787.1889000002,348838.1889000002,428949.0,bear,10d_15%,-0.024464774503339615,3005068.4682000005,2024-2025 Recovery,0.7728676352198445
2024-07-11,769538.6849000002,70396.68490000017,699142.0,sideways,5d_10%,-0.01060509110681751,3005068.4682000005,2024-2025 Recovery,0.7646713035348275
2024-07-15,833794.9267000002,109664.92670000021,724130.0,sideways,5d_10%,0.08349969021810755,3005068.4682000005,2024-2025 Recovery,0.8285211204986621
2024-07-17,845267.1897000002,22061.18970000023,823206.0,sideways,5d_10%,0.013759094272023376,3005068.4682000005,2024-2025 Recovery,0.8399208207019655
2024-07-22,825262.8859000002,151206.88590000023,674056.0,sideways,5d_10%,-0.023666249020146912,3005068.4682000005,2024-2025 Recovery,0.8200430454020267
2024-07-24,877732.3494000002,49328.34940000024,828404.0,sideways,5d_10%,0.06357909024683539,3005068.4682000005,2024-2025 Recovery,0.8721806361919319
2024-07-29,940338.3366000002,157393.33660000018,782945.0,sideways,5d_10%,0.07132696800202942,3005068.4682000005,2024-2025 Recovery,0.9343906365215835
2024-07-30,1002289.7628000001,31403.7628000002,970886.0,sideways,5d_10%,0.06588205945532222,3005068.4682000005,2024-2025 Recovery,0.9959502159913948
2024-08-02,1062455.1317000003,44709.13170000023,1017746.0,sideways,5d_10%,0.06002791920364614,3005068.4682000005,2024-2025 Recovery,1.05573503508778
2024-08-05,1045377.9311000003,156550.9311000003,888827.0,sideways,5d_10%,-0.01607333814904288,3005068.4682000005,2024-2025 Recovery,1.0387658488730227
2024-08-07,975042.7131000003,61738.713100000256,913304.0,sideways,5d_10%,-0.06728209569718935,3005068.4682000005,2024-2025 Recovery,0.9688755056221758
2024-08-08,960768.7131000003,61738.713100000256,899030.0,bear,10d_15%,-0.014639358674470748,3005068.4682000005,2024-2025 Recovery,0.9546917895844637
2024-08-09,920263.7131000003,182806.71310000023,737457.0,bear,10d_15%,-0.04215894985725255,3005068.4682000005,2024-2025 Recovery,0.9144429862982415
2024-08-21,832102.9696000003,179707.9696000003,652395.0,sideways,5d_10%,-0.09579943471097185,3005068.4682000005,2024-2025 Recovery,0.826839865135457
2024-08-22,890312.1375000003,35804.1375000003,854508.0,sideways,5d_10%,0.06995428453762353,3005068.4682000005,2024-2025 Recovery,0.884680856328193
2024-08-23,966575.3839000002,7495.383900000303,959080.0,sideways,5d_10%,0.08565899889239681,3005068.4682000005,2024-2025 Recovery,0.9604617328205344
2024-08-27,1149989.7087000003,1583.708700000303,1148406.0,sideways,5d_10%,0.18975687551647358,3005068.4682000005,2024-2025 Recovery,1.1427159502936972
2024-08-28,1250827.7087000003,1052018.7087000003,198809.0,bear,10d_15%,0.08768600208952448,3005068.4682000005,2024-2025 Recovery,1.2429161434988834
2024-08-30,1213469.6767000004,250397.67670000042,963072.0,sideways,5d_10%,-0.029866648891897718,3005068.4682000005,2024-2025 Recovery,1.2057944034389305
2024-09-02,1264293.2367000005,51339.236700000416,1212954.0,sideways,5d_10%,0.04188284303750667,3005068.4682000005,2024-2025 Recovery,1.2562965011736673
2024-09-30,1251320.6103000005,528942.6103000006,722377.9999999999,recovery,10d_15%,-0.010260773389771938,3005068.4682000005,2024-2025 Recovery,1.2434059274647609
2024-10-09,1187721.1000000006,106463.10000000065,1081258.0,bull,5d_10%,-0.05082591126246383,3005068.4682000005,2024-2025 Recovery,1.1802086881322154
2024-10-10,1149369.4375000007,21227.43750000064,1128142.0,bull,5d_10%,-0.032290124760770755,3005068.4682000005,2024-2025 Recovery,1.1420996023486807
2024-10-15,1185187.0455000007,127492.0455000007,1057695.0,bull,5d_10%,0.031162833142585722,3005068.4682000005,2024-2025 Recovery,1.177690661688886
2024-10-21,1252414.7335000006,142199.73350000067,1110215.0,bull,5d_10%,0.05672327271484656,3005068.4682000005,2024-2025 Recovery,1.2444931302655928
2024-10-22,1289668.4469000008,153332.44690000068,1136336.0,bull,5d_10%,0.029745508738859172,3005068.4682000005,2024-2025 Recovery,1.2815112115473581
2024-10-23,1350763.9064000007,31989.906400000677,1318774.0,bull,5d_10%,0.04737299702637232,3005068.4682000005,2024-2025 Recovery,1.3422202383612538
2024-10-24,1405208.9064000007,31989.906400000677,1373219.0,bull,5d_10%,0.0403068217488165,3005068.4682000005,2024-2025 Recovery,1.396320870256535
2024-10-25,1507084.9064000007,31989.906400000677,1475095.0,bull,5d_10%,0.07249882884744574,3005068.4682000005,2024-2025 Recovery,1.49755249804538
2024-10-28,1563703.2826000007,173113.28260000073,1390590.0,bull,5d_10%,0.03756813963139294,3005068.4682000005,2024-2025 Recovery,1.5538127593972904
2024-10-29,1580565.2128000008,164131.2128000008,1416434.0,bull,5d_10%,0.010783331075421954,3005068.4682000005,2024-2025 Recovery,1.5705680368110864
2024-10-30,1708442.2128000008,276319.2128000008,1432123.0,recovery,10d_15%,0.0809058677012533,3005068.4682000005,2024-2025 Recovery,1.6976362066131412
2024-10-31,1826260.2128000008,276319.2128000008,1549941.0,recovery,10d_15%,0.0689622388848059,3005068.4682000005,2024-2025 Recovery,1.8147090002330921
2024-11-01,1911174.2128000008,276319.2128000008,1634855.0,recovery,10d_15%,0.046496112331008366,3005068.4682000005,2024-2025 Recovery,1.8990859137560219
2024-11-04,1706556.3800000008,221433.3800000007,1485123.0,sideways,5d_10%,-0.10706393557927973,3005068.4682000005,2024-2025 Recovery,1.6957623018261294
2024-11-05,1706062.2882000008,173591.2882000007,1532471.0,sideways,5d_10%,-0.0002895256235250221,3005068.4682000005,2024-2025 Recovery,1.695271335188343
2024-11-06,1820365.2882000008,173591.2882000007,1646774.0,recovery,10d_15%,0.06699813998033832,3005068.4682000005,2024-2025 Recovery,1.808851361407947
2024-11-07,1917112.2226000007,34899.22260000071,1882213.0,bull,5d_10%,0.05314698924833072,3005068.4682000005,2024-2025 Recovery,1.9049863652645234
2024-11-08,1981819.2226000007,34899.22260000071,1946920.0,bull,5d_10%,0.03375232771310799,3005068.4682000005,2024-2025 Recovery,1.9692840893539338
2024-11-11,1915332.4760000007,232800.4760000006,1682532.0,bull,5d_10%,-0.033548340757727724,3005068.4682000005,2024-2025 Recovery,1.9032178756755165
2024-11-12,1927018.6150000005,177563.61500000046,1749455.0,bull,5d_10%,0.006101363155709194,3005068.4682000005,2024-2025 Recovery,1.9148300990994502
2024-11-14,1887834.9780000006,57829.97800000047,1830005.0,bull,5d_10%,-0.020333813433348613,3005068.4682000005,2024-2025 Recovery,1.8758943011078018
2024-11-15,1824876.9780000006,57829.97800000047,1767047.0,recovery,10d_15%,-0.03334931322583001,3005068.4682000005,2024-2025 Recovery,1.813334514481608
2024-11-22,1697469.4365000008,364534.4365000007,1332935.0,sideways,5d_10%,-0.0698170578268974,3005068.4682000005,2024-2025 Recovery,1.6867328338245366
2024-11-25,1816489.4365000008,364534.4365000007,1451955.0,sideways,5d_10%,0.07011613725747345,3005068.4682000005,2024-2025 Recovery,1.805000024717665
2024-11-26,1784481.4365000008,364534.4365000007,1419947.0,sideways,5d_10%,-0.017620801617031612,3005068.4682000005,2024-2025 Recovery,1.7731944773633779
2024-11-27,1762597.4365000008,364534.4365000007,1398063.0,recovery,10d_15%,-0.012263506670555424,3005068.4682000005,2024-2025 Recovery,1.7514488950620402
2024-11-28,1757391.4365000008,364534.4365000007,1392857.0,sideways,5d_10%,-0.0029535955812676207,3005068.4682000005,2024-2025 Recovery,1.7462758233447688
2024-12-03,1691915.3564000009,357095.35640000086,1334820.0,sideways,5d_10%,-0.037257539066197554,3005068.4682000005,2024-2025 Recovery,1.6812138836361448
2024-12-04,1717807.1063000008,71147.10630000086,1646660.0,sideways,5d_10%,0.015303218214823389,3005068.4682000005,2024-2025 Recovery,1.7069418665632194
2024-12-06,1822240.8471000008,15490.847100000858,1806750.0,sideways,5d_10%,0.06079480077652066,3005068.4682000005,2024-2025 Recovery,1.8107150572780326
2024-12-09,1742743.8471000008,15490.847100000858,1727253.0,sideways,5d_10%,-0.04362595653945267,3005068.4682000005,2024-2025 Recovery,1.7317208808838886
2024-12-10,1629717.5533000007,273991.5533000007,1355726.0,sideways,5d_10%,-0.06485536815297366,3005068.4682000005,2024-2025 Recovery,1.6194094856159724
2024-12-11,1621268.4138000007,107739.41380000074,1513529.0,sideways,5d_10%,-0.005184419522813344,3005068.4682000005,2024-2025 Recovery,1.611013787463316
2024-12-13,1630732.0506000007,31682.05060000073,1599050.0,sideways,5d_10%,0.005837180765039918,3005068.4682000005,2024-2025 Recovery,1.6204175661557105
2024-12-16,1611511.6026000008,6689.60260000073,1604822.0,sideways,5d_10%,-0.011786392493437492,3005068.4682000005,2024-2025 Recovery,1.6013186887177386
2024-12-17,1471782.7786000008,185179.77860000066,1286603.0,sideways,5d_10%,-0.08670668195907649,3005068.4682000005,2024-2025 Recovery,1.4624736584599642
2024-12-19,1469596.5345000005,118368.53450000065,1351228.0,sideways,5d_10%,-0.0014854393812651079,3005068.4682000005,2024-2025 Recovery,1.4603012424936248
2024-12-20,1414205.5345000005,234792.53450000065,1179413.0,recovery,10d_15%,-0.03769129737288446,3005068.4682000005,2024-2025 Recovery,1.405260594108805
2024-12-23,1330836.5345000005,255192.53450000065,1075644.0,recovery,10d_15%,-0.05895111988051693,3005068.4682000005,2024-2025 Recovery,1.3224189083621305
2024-12-31,1193860.3099000005,246682.30990000057,947177.9999999999,sideways,5d_10%,-0.10292490553805123,3005068.4682000005,2024-2025 Recovery,1.1863090671372252
2025-01-02,1279287.1267000006,49362.126700000576,1229925.0,sideways,5d_10%,0.07155511921420321,3005068.4682000005,2024-2025 Recovery,1.2711955538611197
2025-01-03,1377721.4914000006,11131.491400000577,1366590.0,sideways,5d_10%,0.07694470040820112,3005068.4682000005,2024-2025 Recovery,1.369007314913201
2025-01-14,1420940.9478000007,301656.94780000066,1119284.0,sideways,5d_10%,0.03137024185931914,3005068.4682000005,2024-2025 Recovery,1.4119534054892051
2025-01-16,1413394.0742000006,60672.07420000067,1352722.0,sideways,5d_10%,-0.005311180321521891,3005068.4682000005,2024-2025 Recovery,1.404454266347065
2025-01-21,1198460.7186000007,213243.71860000072,985217.0,sideways,5d_10%,-0.15206895198117687,3005068.4682000005,2024-2025 Recovery,1.1908803779581743
2025-01-27,1289571.2087000008,83568.20870000072,1206003.0,sideways,5d_10%,0.07602292564618396,3005068.4682000005,2024-2025 Recovery,1.281414588385188
2025-02-05,1187093.8179000006,182971.81790000072,1004122.0,sideways,5d_10%,-0.07946625212213465,3005068.4682000005,2024-2025 Recovery,1.179585373631589
2025-02-10,1309619.4788000006,38677.47880000071,1270942.0,sideways,5d_10%,0.10321480834324537,3005068.4682000005,2024-2025 Recovery,1.301336051895469
2025-02-12,1234957.7182000005,454953.7182000006,780004.0,recovery,10d_15%,-0.057010270394276974,3005068.4682000005,2024-2025 Recovery,1.2271465317030876
2025-02-28,1192407.4891000004,251586.4891000006,940820.9999999999,sideways,5d_10%,-0.034454806405857186,3005068.4682000005,2024-2025 Recovery,1.1848654355216386
2025-03-04,1117555.5541000005,51376.55410000059,1066179.0,sideways,5d_10%,-0.06277378805838951,3005068.4682000005,2024-2025 Recovery,1.110486943794492
2025-03-24,1027289.1028000007,221379.1028000007,805910.0,sideways,5d_10%,-0.0807713325470375,3005068.4682000005,2024-2025 Recovery,1.0207914335681236
2025-03-25,1024033.7943000006,88661.79430000068,935372.0,recovery,10d_15%,-0.003168833866851406,3005068.4682000005,2024-2025 Recovery,1.0175567151024412
2025-03-26,938842.7543000007,17769.754300000684,921073.0,sideways,5d_10%,-0.08319162948937053,3005068.4682000005,2024-2025 Recovery,0.932904513875218
2025-03-27,869631.3681000007,4378.368100000684,865253.0,sideways,5d_10%,-0.07371989173160731,3005068.4682000005,2024-2025 Recovery,0.8641308941164092
2025-03-28,840162.3681000007,4378.368100000684,835784.0,recovery,10d_15%,-0.03388677212091007,3005068.4682000005,2024-2025 Recovery,0.8348482874248482
2025-03-31,820681.5811000007,123490.58110000065,697191.0,sideways,5d_10%,-0.02318693116909676,3005068.4682000005,2024-2025 Recovery,0.8154907176476899
2025-04-01,860281.3839000007,54749.383900000656,805532.0,sideways,5d_10%,0.048252335268597735,3005068.4682000005,2024-2025 Recovery,0.8548400491640555
2025-04-07,977600.3839000007,125120.38390000066,852480.0,bear,10d_15%,0.13637282195756217,3005068.4682000005,2024-2025 Recovery,0.9714169989908991
2025-04-08,1057750.1239000007,510940.1239000007,546810.0,bear,10d_15%,0.08198619939187601,3005068.4682000005,2024-2025 Recovery,1.0510597867628246
2025-04-16,736685.1337000007,433375.1337000007,303310.0,bear,10d_15%,-0.30353576231805135,3005068.4682000005,2024-2025 Recovery,0.7320255531459222
2025-04-28,695360.4977000006,420080.4977000007,275280.0,bear,10d_15%,-0.05609538473030817,3005068.4682000005,2024-2025 Recovery,0.690962298109785
2025-05-06,707403.9707000006,83853.9707000007,623550.0,sideways,5d_10%,0.017319754343014138,3005068.4682000005,2024-2025 Recovery,0.7029295953733309
2025-05-07,726056.1840000007,17008.184000000703,709048.0,sideways,5d_10%,0.026367131190319748,3005068.4682000005,2024-2025 Recovery,0.721463832232098
2025-05-08,719278.7492000007,65715.74920000072,653563.0,sideways,5d_10%,-0.009334587252823434,3005068.4682000005,2024-2025 Recovery,0.714729265140371
2025-05-09,759150.7492000007,65715.74920000072,693435.0,sideways,5d_10%,0.0554333073851363,3005068.4682000005,2024-2025 Recovery,0.7543490721920498
2025-05-12,768058.7492000007,65715.74920000072,702343.0,recovery,10d_15%,0.011734164801111335,3005068.4682000005,2024-2025 Recovery,0.7632007285227168
2025-05-13,741460.7492000007,441545.7492000007,299915.0,recovery,10d_15%,-0.034630163418754245,3005068.4682000005,2024-2025 Recovery,0.7367709625726628
2025-05-14,758254.9896000007,201669.98960000073,556585.0,recovery,10d_15%,0.02265020827888753,3005068.4682000005,2024-2025 Recovery,0.7534589783287702
2025-05-19,713552.4062000007,175046.4062000007,538506.0,recovery,10d_15%,-0.0589545522457845,3005068.4682000005,2024-2025 Recovery,0.7090391416258313
2025-05-21,776205.4392000006,202889.43920000066,573316.0,recovery,10d_15%,0.08780438893571474,3005068.4682000005,2024-2025 Recovery,0.771295890187791
2025-05-28,727346.6717000006,158211.67170000065,569135.0,sideways,5d_10%,-0.06294566493937026,3005068.4682000005,2024-2025 Recovery,0.722746157514917
2025-05-29,772430.2165000007,31543.216500000664,740887.0,sideways,5d_10%,0.06198357200786786,3005068.4682000005,2024-2025 Recovery,0.7675445460126528
2025-06-10,632699.3583000007,131083.35830000055,501616.00000000006,sideways,5d_10%,-0.18089771116560127,3005068.4682000005,2024-2025 Recovery,0.6286974944213233
2025-06-24,662585.3583000005,662585.3583000005,0.0,recovery,10d_15%,0.04723570461696136,3005068.4682000005,2024-2025 Recovery,0.6583944635612327
2025-06-25,662585.3583000005,662585.3583000005,0.0,bull,5d_10%,0.0,3005068.4682000005,2024-2025 Recovery,0.6583944635612327
2025-06-26,662585.3583000005,662585.3583000005,0.0,recovery,10d_15%,0.0,3005068.4682000005,2024-2025 Recovery,0.6583944635612327
2025-06-27,662585.3583000005,662585.3583000005,0.0,recovery,10d_15%,0.0,3005068.4682000005,2024-2025 Recovery,0.6583944635612327
2025-06-30,662585.3583000005,662585.3583000005,0.0,recovery,10d_15%,0.0,3005068.4682000005,2024-2025 Recovery,0.6583944635612327
