date,value,cash,positions,regime,model,num_positions,ret,cummax,window
2022-01-04,1000000.0,1000000.0,0.0,recovery,5d_10%,0,0.0,1000000.0,2022 Bear
2022-01-05,1002288.14,707420.14,294868.0,sideways,5d_10%,2,0.002288140000000105,1002288.14,2022 Bear
2022-01-06,1011760.14,707420.14,304340.0,bear,10d_15%,2,0.009450376216164846,1011760.14,2022 Bear
2022-01-07,1008120.14,707420.14,300700.0,bear,10d_15%,2,-0.003597690654229546,1011760.14,2022 Bear
2022-01-10,1034389.1315,495600.1315,538789.0,bear,10d_15%,3,0.026057401749755682,1034389.1315,2022 Bear
2022-01-11,1019002.1315,495600.1315,523402.0,bear,10d_15%,3,-0.014875446320367636,1034389.1315,2022 Bear
2022-01-12,1015372.4675,796537.4675,218835.0,bear,10d_15%,1,-0.003561978810247446,1034389.1315,2022 Bear
2022-01-13,997143.4755500001,997143.4755500001,0.0,bear,10d_15%,0,-0.017953009888954763,1034389.1315,2022 Bear
2022-01-14,997143.4755500001,997143.4755500001,0.0,bear,10d_15%,0,0.0,1034389.1315,2022 Bear
2022-01-17,969775.9250500001,697869.9250500001,271906.0,bear,10d_15%,1,-0.027445950528738883,1034389.1315,2022 Bear
2022-01-18,991353.22505,488598.22505000007,502755.0,sideways,5d_10%,2,0.022249778987746494,1034389.1315,2022 Bear
2022-01-19,1041836.22505,488598.22505000007,553238.0,sideways,5d_10%,2,0.05092332250944542,1041836.22505,2022 Bear
2022-01-20,1084223.69705,341847.6970500001,742376.0,sideways,5d_10%,3,0.04068535051943112,1084223.69705,2022 Bear
2022-01-21,1083629.07945,480829.0794500001,602800.0,bear,10d_15%,2,-0.0005484270465752061,1084223.69705,2022 Bear
2022-01-24,1030438.0816500001,578092.0816500001,452346.0,sideways,5d_10%,3,-0.04908598228740535,1084223.69705,2022 Bear
2022-01-25,1016912.5050100001,893288.5050100001,123624.0,bear,10d_15%,1,-0.013126045010236842,1084223.69705,2022 Bear
2022-01-26,1001555.6650100001,626141.6650100001,375414.0,bear,10d_15%,2,-0.015101436873223406,1084223.69705,2022 Bear
2022-01-27,994087.6679100001,994087.6679100001,0.0,bear,10d_15%,0,-0.007456397443396656,1084223.69705,2022 Bear
2022-01-28,994087.6679100001,994087.6679100001,0.0,bear,10d_15%,0,0.0,1084223.69705,2022 Bear
2022-02-07,994087.6679100001,994087.6679100001,0.0,bear,10d_15%,0,0.0,1084223.69705,2022 Bear
2022-02-08,995300.7879100001,696100.7879100001,299200.0,bear,10d_15%,1,0.001220335025934327,1084223.69705,2022 Bear
2022-02-09,985045.3895100001,487061.3895100001,497984.0,bear,10d_15%,2,-0.01030381822718629,1084223.69705,2022 Bear
2022-02-10,993780.6896100001,340948.6896100001,652832.0,bear,10d_15%,3,0.008867916334642567,1084223.69705,2022 Bear
2022-02-11,993118.0112800001,479326.0112800001,513792.0,bear,10d_15%,2,-0.000666825524915482,1084223.69705,2022 Bear
2022-02-14,986405.2662800001,335489.2662800001,650916.0,bear,10d_15%,3,-0.006759262165981772,1084223.69705,2022 Bear
2022-02-15,1013859.3622800001,648205.3622800001,365654.0,bear,10d_15%,2,0.027832471032455786,1084223.69705,2022 Bear
2022-02-16,1037005.1510800001,894545.1510800001,142460.0,bear,10d_15%,1,0.022829388040515708,1084223.69705,2022 Bear
2022-02-17,1048015.3019800001,627391.3019800001,420624.0,sideways,5d_10%,3,0.010617257675657132,1084223.69705,2022 Bear
2022-02-18,1024254.10721,890719.10721,133535.0,sideways,5d_10%,1,-0.022672564727927558,1084223.69705,2022 Bear
2022-02-21,1033730.3192100001,623612.3192100001,410118.0,sideways,5d_10%,2,0.00925181742820902,1084223.69705,2022 Bear
2022-02-22,1040097.3192100001,623612.3192100001,416485.0,bear,10d_15%,2,0.006159246644585004,1084223.69705,2022 Bear
2022-02-23,1027690.3192100001,623612.3192100001,404078.0,bear,10d_15%,2,-0.011928691451126627,1084223.69705,2022 Bear
2022-02-24,1014404.78251,749516.78251,264888.0,bear,10d_15%,1,-0.012927568209665341,1084223.69705,2022 Bear
2022-02-25,1011128.78251,749516.78251,261612.0,bear,10d_15%,1,-0.003229480042369337,1084223.69705,2022 Bear
2022-02-28,1002482.62291,1002482.62291,0.0,bear,10d_15%,0,-0.008550997409585204,1084223.69705,2022 Bear
2022-03-01,983754.64631,702110.64631,281644.0,sideways,5d_10%,1,-0.018681597238699887,1084223.69705,2022 Bear
2022-03-02,1011780.64631,702110.64631,309670.0,sideways,5d_10%,1,0.028488810807779874,1084223.69705,2022 Bear
2022-03-03,1012126.64631,702110.64631,310016.00000000006,sideways,5d_10%,1,0.0003419713564021265,1084223.69705,2022 Bear
2022-03-04,978660.65541,491844.65541,486816.0,sideways,5d_10%,2,-0.03306502306011794,1084223.69705,2022 Bear
2022-03-07,986307.58619,776314.58619,209993.0,bear,10d_15%,1,0.00781366936305039,1084223.69705,2022 Bear
2022-03-08,1007375.58619,776314.58619,231061.0,severe_bear,5d_10%,1,0.021360476483186508,1084223.69705,2022 Bear
2022-03-09,995238.58619,776314.58619,218924.0,severe_bear,5d_10%,1,-0.012048137920339541,1084223.69705,2022 Bear
2022-03-10,1017222.58619,776314.58619,240908.0,severe_bear,5d_10%,1,0.022089175706259345,1084223.69705,2022 Bear
2022-03-11,979130.34399,844218.34399,134912.0,severe_bear,5d_10%,1,-0.037447302799944904,1084223.69705,2022 Bear
2022-03-14,992594.34399,844218.34399,148376.0,severe_bear,5d_10%,1,0.013750978184511764,1084223.69705,2022 Bear
2022-03-15,1007418.34399,844218.34399,163200.0,severe_bear,5d_10%,1,0.01493460051405382,1084223.69705,2022 Bear
2022-03-16,1023738.34399,844218.34399,179520.0,severe_bear,5d_10%,1,0.016199824132011154,1084223.69705,2022 Bear
2022-03-17,1032578.34399,844218.34399,188360.0,severe_bear,5d_10%,1,0.008635018949809226,1084223.69705,2022 Bear
2022-03-18,1034275.62399,1034275.62399,0.0,severe_bear,5d_10%,0,0.0016437299986764575,1084223.69705,2022 Bear
2022-03-21,1019998.33719,879238.33719,140760.0,severe_bear,5d_10%,1,-0.013804141245175483,1084223.69705,2022 Bear
2022-03-22,1026067.7676299999,1026067.7676299999,0.0,severe_bear,5d_10%,0,0.005950431700428638,1084223.69705,2022 Bear
2022-03-23,1026067.7676299999,1026067.7676299999,0.0,severe_bear,5d_10%,0,0.0,1084223.69705,2022 Bear
2022-03-24,1026067.7676299999,1026067.7676299999,0.0,severe_bear,5d_10%,0,0.0,1084223.69705,2022 Bear
2022-03-25,1026067.7676299999,1026067.7676299999,0.0,severe_bear,5d_10%,0,0.0,1084223.69705,2022 Bear
2022-03-28,1026067.7676299999,1026067.7676299999,0.0,severe_bear,5d_10%,0,0.0,1084223.69705,2022 Bear
2022-03-29,1026067.7676299999,1026067.7676299999,0.0,severe_bear,5d_10%,0,0.0,1084223.69705,2022 Bear
2022-03-30,1026067.7676299999,1026067.7676299999,0.0,severe_bear,5d_10%,0,0.0,1084223.69705,2022 Bear
2022-03-31,1026067.7676299999,1026067.7676299999,0.0,severe_bear,5d_10%,0,0.0,1084223.69705,2022 Bear
2022-04-01,997588.9357299998,718104.9357299998,279484.0,bear,10d_15%,1,-0.02775531285402344,1084223.69705,2022 Bear
2022-04-06,1025389.8982299998,503951.8982299998,521438.0,sideways,5d_10%,2,0.027868154411372137,1084223.69705,2022 Bear
2022-04-07,1060955.89823,503951.8982299998,557004.0,severe_bear,5d_10%,2,0.034685342679300124,1084223.69705,2022 Bear
2022-04-08,1116786.89823,503951.8982299998,612835.0,severe_bear,5d_10%,2,0.05262329951051048,1116786.89823,2022 Bear
2022-04-11,1103690.89823,503951.8982299998,599739.0,severe_bear,5d_10%,2,-0.011726498601260404,1116786.89823,2022 Bear
2022-04-12,1043344.8634299998,805094.8634299998,238249.99999999997,severe_bear,5d_10%,1,-0.054676571943084507,1116786.89823,2022 Bear
2022-04-13,1056890.8134299999,1056890.8134299999,0.0,severe_bear,5d_10%,0,0.012983195178119411,1116786.89823,2022 Bear
2022-04-14,1056890.8134299999,1056890.8134299999,0.0,severe_bear,5d_10%,0,0.0,1116786.89823,2022 Bear
2022-04-15,1056890.8134299999,1056890.8134299999,0.0,severe_bear,5d_10%,0,0.0,1116786.89823,2022 Bear
2022-04-18,1056890.8134299999,1056890.8134299999,0.0,severe_bear,5d_10%,0,0.0,1116786.89823,2022 Bear
2022-04-19,1056890.8134299999,1056890.8134299999,0.0,severe_bear,5d_10%,0,0.0,1116786.89823,2022 Bear
2022-04-20,1074043.3315299999,898622.3315299999,175421.0,severe_bear,5d_10%,1,0.016229224326715253,1116786.89823,2022 Bear
2022-04-21,1056422.3315299999,898622.3315299999,157800.0,severe_bear,5d_10%,1,-0.016406228205801066,1116786.89823,2022 Bear
2022-04-22,1048511.8937999998,1048511.8937999998,0.0,severe_bear,5d_10%,0,-0.007487950125536824,1116786.89823,2022 Bear
2022-04-25,1048511.8937999998,1048511.8937999998,0.0,severe_bear,5d_10%,0,0.0,1116786.89823,2022 Bear
2022-04-26,1048511.8937999998,1048511.8937999998,0.0,severe_bear,5d_10%,0,0.0,1116786.89823,2022 Bear
2022-04-27,1048511.8937999998,1048511.8937999998,0.0,severe_bear,5d_10%,0,0.0,1116786.89823,2022 Bear
2022-04-28,1048511.8937999998,1048511.8937999998,0.0,severe_bear,5d_10%,0,0.0,1116786.89823,2022 Bear
2022-04-29,1034263.1737999999,893911.1737999999,140352.0,severe_bear,5d_10%,1,-0.013589469117379238,1116786.89823,2022 Bear
2022-05-05,1048311.1737999999,893911.1737999999,154400.0,severe_bear,5d_10%,1,0.013582616451851548,1116786.89823,2022 Bear
2022-05-06,1063767.1738,893911.1737999999,169856.0,severe_bear,5d_10%,1,0.014743713876457232,1116786.89823,2022 Bear
2022-05-09,1080759.1738,893911.1737999999,186848.0,severe_bear,5d_10%,1,0.015973420141647265,1116786.89823,2022 Bear
2022-05-10,1099447.1738,893911.1737999999,205536.0,severe_bear,5d_10%,1,0.01729154880480177,1116786.89823,2022 Bear
2022-05-11,1119584.2297999999,1119584.2297999999,0.0,severe_bear,5d_10%,0,0.01831561941298232,1119584.2297999999,2022 Bear
2022-05-12,1119584.2297999999,1119584.2297999999,0.0,severe_bear,5d_10%,0,0.0,1119584.2297999999,2022 Bear
2022-05-13,1119584.2297999999,1119584.2297999999,0.0,severe_bear,5d_10%,0,0.0,1119584.2297999999,2022 Bear
2022-05-16,1118201.1417999999,951606.1417999999,166595.0,severe_bear,5d_10%,1,-0.0012353585940086953,1119584.2297999999,2022 Bear
2022-05-17,1110691.2721999998,1110691.2721999998,0.0,severe_bear,5d_10%,0,-0.006716027483133491,1119584.2297999999,2022 Bear
2022-05-18,1110691.2721999998,1110691.2721999998,0.0,severe_bear,5d_10%,0,0.0,1119584.2297999999,2022 Bear
2022-05-19,1110691.2721999998,1110691.2721999998,0.0,severe_bear,5d_10%,0,0.0,1119584.2297999999,2022 Bear
2022-05-20,1082074.7476,778317.7475999998,303757.0,sideways,5d_10%,3,-0.025764607426254194,1119584.2297999999,2022 Bear
2022-05-23,1112467.7476,778317.7475999998,334150.0,sideways,5d_10%,3,0.02808770842070807,1119584.2297999999,2022 Bear
2022-05-24,1127804.7884999998,882828.7884999998,244976.0,severe_bear,5d_10%,2,0.01378650386322433,1127804.7884999998,2022 Bear
2022-05-25,1152290.7884999998,882828.7884999998,269462.0,severe_bear,5d_10%,2,0.021711204146035668,1152290.7884999998,2022 Bear
2022-05-26,1179280.7884999998,882828.7884999998,296452.0,severe_bear,5d_10%,2,0.023422907020834938,1179280.7884999998,2022 Bear
2022-05-27,1191630.2983,1026930.2982999999,164700.0,severe_bear,5d_10%,1,0.010472069010560414,1191630.2983,2022 Bear
2022-05-30,1186871.5103,719771.5103,467100.0,sideways,5d_10%,3,-0.003993510409049605,1191630.2983,2022 Bear
2022-05-31,1209833.9507,1010668.9506999999,199165.0,sideways,5d_10%,1,0.019347031418924132,1209833.9507,2022 Bear
2022-06-01,1238042.9570999998,707202.9570999999,530840.0,sideways,5d_10%,2,0.02331642816245849,1238042.9570999998,2022 Bear
2022-06-02,1235553.10398,994603.1039799999,240950.0,sideways,5d_10%,1,-0.0020111201357925212,1238042.9570999998,2022 Bear
2022-06-06,1211067.76498,1211067.76498,0.0,recovery,5d_10%,0,-0.019817310094666918,1238042.9570999998,2022 Bear
2022-06-07,1211067.76498,1211067.76498,0.0,recovery,5d_10%,0,0.0,1238042.9570999998,2022 Bear
2022-06-08,1211067.76498,1211067.76498,0.0,recovery,5d_10%,0,0.0,1238042.9570999998,2022 Bear
2022-06-09,1211067.76498,1211067.76498,0.0,recovery,5d_10%,0,0.0,1238042.9570999998,2022 Bear
2022-06-10,1211067.76498,1211067.76498,0.0,recovery,5d_10%,0,0.0,1238042.9570999998,2022 Bear
2022-06-13,1211067.76498,1211067.76498,0.0,recovery,5d_10%,0,0.0,1238042.9570999998,2022 Bear
2022-06-14,1211067.76498,1211067.76498,0.0,recovery,5d_10%,0,0.0,1238042.9570999998,2022 Bear
2022-06-15,1122263.0225799999,246167.02257999987,876096.0,bull,5d_10%,1,-0.07332764108494516,1238042.9570999998,2022 Bear
2022-06-16,1213952.08218,49804.08217999985,1164148.0,bull,5d_10%,3,0.08170015206347414,1238042.9570999998,2022 Bear
2022-06-17,1302482.5383799998,28815.538379999824,1273667.0,bull,5d_10%,3,0.07292747176726944,1302482.5383799998,2022 Bear
2022-06-20,1407761.5383799998,28815.538379999824,1378946.0,bull,5d_10%,3,0.08082949052886645,1407761.5383799998,2022 Bear
2022-06-21,1520263.4078999998,121831.40789999982,1398432.0,bull,5d_10%,2,0.07991543059875261,1520263.4078999998,2022 Bear
2022-06-22,1494251.4694999997,301583.46949999966,1192668.0,bull,5d_10%,3,-0.017110152270211842,1520263.4078999998,2022 Bear
2022-06-23,1484129.4694999997,301583.46949999966,1182546.0,bull,5d_10%,3,-0.006773960211253427,1520263.4078999998,2022 Bear
2022-06-24,1684050.8714999997,419480.87149999966,1264570.0,bull,5d_10%,2,0.1347061736246995,1684050.8714999997,2022 Bear
2022-06-27,1793210.8714999997,419480.87149999966,1373730.0,bull,5d_10%,2,0.06481989460494741,1793210.8714999997,2022 Bear
2022-06-28,1823698.9646999997,86812.96469999963,1736886.0,bull,5d_10%,5,0.01700195648183711,1823698.9646999997,2022 Bear
2022-06-29,1772193.6284999996,1551580.6284999996,220613.0,bull,5d_10%,2,-0.02824223580588192,1823698.9646999997,2022 Bear
2022-06-30,1650035.2364399994,332429.2364399994,1317606.0,bull,5d_10%,2,-0.06893061237523812,1823698.9646999997,2022 Bear
2022-07-01,1738949.9288399995,67232.92883999943,1671717.0,bull,5d_10%,3,0.05388654159400641,1823698.9646999997,2022 Bear
2022-07-04,1899640.2158399995,18159.215839999422,1881481.0,bull,5d_10%,4,0.09240650598099265,1899640.2158399995,2022 Bear
2022-07-05,2070836.4907399993,36732.4907399994,2034104.0,bull,5d_10%,3,0.09012036777937915,2070836.4907399993,2022 Bear
2022-07-06,2252929.224939999,8029.224939999396,2244900.0,bull,5d_10%,4,0.08793197097610062,2252929.224939999,2022 Bear
2022-07-07,2271646.378179999,328829.3781799993,1942817.0,bull,5d_10%,3,0.008307918878587284,2271646.378179999,2022 Bear
2022-07-08,2109410.2263799994,146561.2263799993,1962849.0,bull,5d_10%,3,-0.07141787267522692,2271646.378179999,2022 Bear
2022-07-11,2073413.656129999,1934348.656129999,139065.0,recovery,5d_10%,1,-0.017064755731166947,2271646.378179999,2022 Bear
2022-07-12,2074037.7623299991,2074037.7623299991,0.0,recovery,5d_10%,0,0.0003010041909172756,2271646.378179999,2022 Bear
2022-07-13,2074037.7623299991,2074037.7623299991,0.0,recovery,5d_10%,0,0.0,2271646.378179999,2022 Bear
2022-07-14,2074037.7623299991,2074037.7623299991,0.0,recovery,5d_10%,0,0.0,2271646.378179999,2022 Bear
2022-07-15,2074037.7623299991,2074037.7623299991,0.0,sideways,5d_10%,0,0.0,2271646.378179999,2022 Bear
2022-07-18,2042345.4795299992,1451473.4795299992,590872.0,sideways,5d_10%,2,-0.015280475300698648,2271646.378179999,2022 Bear
2022-07-19,2054211.7513399993,1746096.7513399993,308115.0,sideways,5d_10%,1,0.005810119751498144,2271646.378179999,2022 Bear
2022-07-20,2052366.7513399993,1746096.7513399993,306270.0,recovery,5d_10%,1,-0.0008981547295678904,2271646.378179999,2022 Bear
2022-07-21,2025189.9215399993,1222470.9215399993,802719.0,sideways,5d_10%,3,-0.013241702430745406,2271646.378179999,2022 Bear
2022-07-22,2037694.0023699992,1062520.0023699992,975174.0,sideways,5d_10%,3,0.006174275655337791,2271646.378179999,2022 Bear
2022-07-25,2023210.534849999,1741222.534849999,281988.0,sideways,5d_10%,1,-0.007107773543601148,2271646.378179999,2022 Bear
2022-07-26,2037574.534849999,1741222.534849999,296352.0,sideways,5d_10%,1,0.007099607160292454,2271646.378179999,2022 Bear
2022-07-27,1974049.851649999,1218479.851649999,755570.0,sideways,5d_10%,2,-0.031176618137641054,2271646.378179999,2022 Bear
2022-07-28,2035019.346849999,1060315.346849999,974704.0,sideways,5d_10%,2,0.03088548911216149,2271646.378179999,2022 Bear
2022-07-29,2064209.332449999,1489549.332449999,574660.0,bear,10d_15%,1,0.01434383690021579,2271646.378179999,2022 Bear
2022-08-01,2121675.3324499987,1489549.332449999,632126.0,bear,10d_15%,1,0.027839230787603197,2271646.378179999,2022 Bear
2022-08-02,2184794.2705499986,1044308.2705499989,1140486.0,bear,10d_15%,2,0.029749574373904464,2271646.378179999,2022 Bear
2022-08-03,2195884.762149999,1265089.762149999,930795.0,bear,10d_15%,2,0.0050762178157892635,2271646.378179999,2022 Bear
2022-08-04,2251996.762149999,1265089.762149999,986907.0,bear,10d_15%,2,0.025553253507283546,2271646.378179999,2022 Bear
2022-08-05,2301790.762149999,1265089.762149999,1036701.0,bear,10d_15%,2,0.022111044223909637,2301790.762149999,2022 Bear
2022-08-08,2363419.762149999,1265089.762149999,1098330.0,bear,10d_15%,2,0.02677437107377867,2363419.762149999,2022 Bear
2022-08-09,2432964.0281499987,1711914.028149999,721050.0,bear,10d_15%,1,0.029425270581953544,2432964.0281499987,2022 Bear
2022-08-10,2434212.974749999,1752377.9747499991,681835.0,bear,10d_15%,1,0.0005133436358080168,2434212.974749999,2022 Bear
2022-08-11,2502665.974749999,1752377.9747499991,750288.0,sideways,5d_10%,1,0.028121204146909218,2502665.974749999,2022 Bear
2022-08-12,2577586.974749999,1752377.9747499991,825209.0,sideways,5d_10%,1,0.029936476044304827,2577586.974749999,2022 Bear
2022-08-15,2608165.831249999,1226199.831249999,1381966.0,sideways,5d_10%,2,0.01186336554286993,2608165.831249999,2022 Bear
2022-08-16,2666693.484799999,1724521.484799999,942172.0,sideways,5d_10%,1,0.022440158079193084,2666693.484799999,2022 Bear
2022-08-17,2711268.137999999,2711268.137999999,0.0,sideways,5d_10%,0,0.016715326847301037,2711268.137999999,2022 Bear
2022-08-18,2636724.6159999985,1898272.6159999988,738452.0,sideways,5d_10%,2,-0.027493968949522052,2711268.137999999,2022 Bear
2022-08-19,2710212.6159999985,1898272.6159999988,811940.0,sideways,5d_10%,2,0.027870942438988466,2711268.137999999,2022 Bear
2022-08-22,2791610.6159999985,1898272.6159999988,893338.0,sideways,5d_10%,2,0.030033806026678267,2791610.6159999985,2022 Bear
2022-08-23,2881301.6159999985,1898272.6159999988,983029.0,sideways,5d_10%,2,0.03212876447952295,2881301.6159999985,2022 Bear
2022-08-24,2887970.2998999986,1331139.2998999986,1556831.0,bear,10d_15%,3,0.002314469218692272,2887970.2998999986,2022 Bear
2022-08-25,2853639.543729998,2007629.5437299984,846010.0,sideways,5d_10%,2,-0.011887503195995186,2887970.2998999986,2022 Bear
2022-08-26,2910834.543729998,2007629.5437299984,903205.0,sideways,5d_10%,2,0.020042825705043343,2910834.543729998,2022 Bear
2022-08-29,2978769.543729998,2007629.5437299984,971140.0,sideways,5d_10%,2,0.02333866764991277,2978769.543729998,2022 Bear
2022-08-30,2963927.5261299983,1405295.5261299983,1558632.0,sideways,5d_10%,3,-0.004982600158256911,2978769.543729998,2022 Bear
2022-08-31,2958322.5261299983,1405295.5261299983,1553027.0,sideways,5d_10%,3,-0.0018910718803297755,2978769.543729998,2022 Bear
2022-09-01,2959253.5329299984,1641525.5329299984,1317728.0,sideways,5d_10%,2,0.0003147076736145227,2978769.543729998,2022 Bear
2022-09-02,3091329.5329299984,1641525.5329299984,1449804.0,bear,10d_15%,2,0.04463152566357831,3091329.5329299984,2022 Bear
2022-09-05,3052871.4540299983,1153138.4540299983,1899733.0,bear,10d_15%,3,-0.012440627403300208,3091329.5329299984,2022 Bear
2022-09-06,2994495.0423999983,2273763.0423999983,720732.0,sideways,5d_10%,1,-0.019121804671120124,3091329.5329299984,2022 Bear
2022-09-07,2939428.483959998,2939428.483959998,0.0,sideways,5d_10%,0,-0.01838926351865522,3091329.5329299984,2022 Bear
2022-09-08,2939428.483959998,2939428.483959998,0.0,bear,10d_15%,0,0.0,3091329.5329299984,2022 Bear
2022-09-09,2939428.483959998,2939428.483959998,0.0,sideways,5d_10%,0,0.0,3091329.5329299984,2022 Bear
2022-09-13,2939428.483959998,2939428.483959998,0.0,sideways,5d_10%,0,0.0,3091329.5329299984,2022 Bear
2022-09-14,2939428.483959998,2939428.483959998,0.0,sideways,5d_10%,0,0.0,3091329.5329299984,2022 Bear
2022-09-15,2939428.483959998,2939428.483959998,0.0,bear,10d_15%,0,0.0,3091329.5329299984,2022 Bear
2022-09-16,2939428.483959998,2939428.483959998,0.0,bear,10d_15%,0,0.0,3091329.5329299984,2022 Bear
2022-09-19,2939428.483959998,2939428.483959998,0.0,bear,10d_15%,0,0.0,3091329.5329299984,2022 Bear
2022-09-20,2939428.483959998,2939428.483959998,0.0,bear,10d_15%,0,0.0,3091329.5329299984,2022 Bear
2022-09-21,2939428.483959998,2939428.483959998,0.0,bear,10d_15%,0,0.0,3091329.5329299984,2022 Bear
2022-09-22,2858139.717259998,2056923.717259998,801216.0,bear,10d_15%,1,-0.02765461624379706,3091329.5329299984,2022 Bear
2022-09-23,2936298.612059998,1439117.6120599979,1497181.0,bear,10d_15%,2,0.027346072106974706,3091329.5329299984,2022 Bear
2022-09-26,2936517.612059998,1439117.6120599979,1497400.0,bear,10d_15%,2,7.458369496227135e-05,3091329.5329299984,2022 Bear
2022-09-27,2977939.612059998,1439117.6120599979,1538822.0,bear,10d_15%,2,0.01410582379274139,3091329.5329299984,2022 Bear
2022-09-28,2870629.5381699977,2274901.5381699977,595728.0,bear,10d_15%,1,-0.03603500670578341,3091329.5329299984,2022 Bear
2022-09-29,2860000.261329998,2860000.261329998,0.0,bear,10d_15%,0,-0.0037027685734662974,3091329.5329299984,2022 Bear
2022-09-30,2860000.261329998,2860000.261329998,0.0,bear,10d_15%,0,0.0,3091329.5329299984,2022 Bear
2022-10-10,2781140.3466299977,2003569.3466299975,777571.0,bear,10d_15%,2,-0.027573394228757042,3091329.5329299984,2022 Bear
2022-10-11,2858888.3466299977,2003569.3466299975,855319.0,bear,10d_15%,2,0.0279554392478647,3091329.5329299984,2022 Bear
2022-10-12,2944529.3466299977,2003569.3466299975,940960.0,bear,10d_15%,2,0.02995604921085926,3091329.5329299984,2022 Bear
2022-10-13,2976997.3466299977,2003569.3466299975,973428.0,bear,10d_15%,2,0.011026549977217748,3091329.5329299984,2022 Bear
2022-10-14,2983299.3466299977,2003569.3466299975,979730.0,bear,10d_15%,2,0.0021168980910022395,3091329.5329299984,2022 Bear
2022-10-17,2950657.559829997,2124106.559829997,826551.0,bear,10d_15%,1,-0.010941505698003007,3091329.5329299984,2022 Bear
2022-10-18,3033250.559829997,2124106.559829997,909144.0,bear,10d_15%,1,0.02799138779247512,3091329.5329299984,2022 Bear
2022-10-19,3124123.559829997,2124106.559829997,1000017.0,bear,10d_15%,1,0.029958949386988065,3124123.559829997,2022 Bear
2022-10-20,3224104.559829997,2124106.559829997,1099998.0,bear,10d_15%,1,0.03200289555943181,3224104.559829997,2022 Bear
2022-10-21,3325951.628829997,1486408.6288299968,1839543.0,bear,10d_15%,2,0.03158925745428376,3325951.628829997,2022 Bear
2022-10-24,3340911.110829997,2711709.110829997,629202.0,severe_bear,5d_10%,1,0.004497805040316383,3340911.110829997,2022 Bear
2022-10-25,3315646.563129997,3315646.563129997,0.0,severe_bear,5d_10%,0,-0.007562172970750902,3340911.110829997,2022 Bear
2022-10-26,3315646.563129997,3315646.563129997,0.0,severe_bear,5d_10%,0,0.0,3340911.110829997,2022 Bear
2022-10-27,3315646.563129997,3315646.563129997,0.0,severe_bear,5d_10%,0,0.0,3340911.110829997,2022 Bear
2022-10-28,3315646.563129997,3315646.563129997,0.0,severe_bear,5d_10%,0,0.0,3340911.110829997,2022 Bear
2022-10-31,3315646.563129997,3315646.563129997,0.0,severe_bear,5d_10%,0,0.0,3340911.110829997,2022 Bear
2022-11-01,3315646.563129997,3315646.563129997,0.0,severe_bear,5d_10%,0,0.0,3340911.110829997,2022 Bear
2022-11-02,3315646.563129997,3315646.563129997,0.0,bear,10d_15%,0,0.0,3340911.110829997,2022 Bear
2022-11-03,3315646.563129997,3315646.563129997,0.0,severe_bear,5d_10%,0,0.0,3340911.110829997,2022 Bear
2022-11-04,3315646.563129997,3315646.563129997,0.0,sideways,5d_10%,0,0.0,3340911.110829997,2022 Bear
2022-11-07,3273682.791529997,2322224.791529997,951458.0,sideways,5d_10%,2,-0.012656286127308403,3340911.110829997,2022 Bear
2022-11-08,3321521.463809997,2792891.463809997,528630.0,sideways,5d_10%,1,0.014613105583648256,3340911.110829997,2022 Bear
2022-11-09,3288021.463809997,2792891.463809997,495130.00000000006,sideways,5d_10%,1,-0.010085739431463292,3340911.110829997,2022 Bear
2022-11-10,3296731.463809997,2792891.463809997,503840.0,sideways,5d_10%,1,0.0026490094714610724,3340911.110829997,2022 Bear
2022-11-11,3263053.645809997,3263053.645809997,0.0,sideways,5d_10%,0,-0.010215517511723227,3340911.110829997,2022 Bear
2022-11-14,3263053.645809997,3263053.645809997,0.0,sideways,5d_10%,0,0.0,3340911.110829997,2022 Bear
2022-11-15,3181543.715109997,2284143.715109997,897400.0,sideways,5d_10%,2,-0.02497964776174144,3340911.110829997,2022 Bear
2022-11-16,3160673.043019997,1922347.0430199967,1238326.0,sideways,5d_10%,2,-0.006559919950456683,3340911.110829997,2022 Bear
2022-11-17,3144539.8604199965,1669887.8604199965,1474652.0,sideways,5d_10%,2,-0.005104350364751875,3340911.110829997,2022 Bear
2022-11-18,3254643.6974199964,2348199.6974199964,906444.0000000001,sideways,5d_10%,1,0.0350142920386749,3340911.110829997,2022 Bear
2022-11-21,3345440.6974199964,2348199.6974199964,997241.0,sideways,5d_10%,1,0.02789767742379179,3345440.6974199964,2022 Bear
2022-11-22,3445393.6974199964,2348199.6974199964,1097194.0,sideways,5d_10%,1,0.029877379107955404,3445393.6974199964,2022 Bear
2022-11-23,3455012.6346199964,2486828.6346199964,968184.0,sideways,5d_10%,1,0.0027918252730312343,3455012.6346199964,2022 Bear
2022-11-24,3551708.6346199964,2486828.6346199964,1064880.0,sideways,5d_10%,1,0.027987162487072892,3551708.6346199964,2022 Bear
2022-11-25,3589607.157019996,1740107.1570199963,1849500.0,sideways,5d_10%,2,0.010670504339963749,3589607.157019996,2022 Bear
2022-11-28,3537885.9340199963,1217718.9340199963,2320167.0,sideways,5d_10%,3,-0.014408602595649356,3589607.157019996,2022 Bear
2022-11-29,3735080.9340199963,1217718.9340199963,2517362.0,recovery,5d_10%,3,0.05573808869974872,3735080.9340199963,2022 Bear
2022-11-30,3948673.526019996,2518932.526019996,1429741.0,recovery,5d_10%,2,0.05718553246183977,3948673.526019996,2022 Bear
2022-12-01,4060037.526019996,2518932.526019996,1541105.0,recovery,5d_10%,2,0.02820288870836274,4060037.526019996,2022 Bear
2022-12-02,3945756.919619996,3413766.919619996,531990.0,recovery,5d_10%,1,-0.028147672445783423,4060037.526019996,2022 Bear
2022-12-05,3938385.902619996,3938385.902619996,0.0,recovery,5d_10%,0,-0.0018680869476140893,4060037.526019996,2022 Bear
2022-12-06,3938385.902619996,3938385.902619996,0.0,recovery,5d_10%,0,0.0,4060037.526019996,2022 Bear
2022-12-07,3853260.3586199954,785412.3586199956,3067848.0,bull,5d_10%,2,-0.021614322746628556,4060037.526019996,2022 Bear
2022-12-08,4130210.787119996,159544.78711999557,3970666.0,bull,5d_10%,3,0.07187430973368936,4130210.787119996,2022 Bear
2022-12-09,4251719.787119996,159544.78711999557,4092175.0,bull,5d_10%,3,0.02941956385832034,4251719.787119996,2022 Bear
2022-12-12,4219658.193069995,752278.1930699956,3467380.0,bull,5d_10%,2,-0.007540853032489747,4251719.787119996,2022 Bear
2022-12-13,4207613.889189995,2244533.8891899954,1963079.9999999998,recovery,5d_10%,1,-0.0028543316375200245,4251719.787119996,2022 Bear
2022-12-14,4008125.699589995,4008125.699589995,0.0,bull,5d_10%,0,-0.047411239446783715,4251719.787119996,2022 Bear
2022-12-15,4214169.719589995,799359.7195899948,3414810.0,bull,5d_10%,1,0.05140657640080426,4251719.787119996,2022 Bear
2022-12-16,4065699.7195899948,799359.7195899948,3266340.0,bull,5d_10%,1,-0.035231139199217054,4251719.787119996,2022 Bear
2022-12-19,3634512.632589994,764088.632589994,2870424.0,bull,5d_10%,1,-0.10605482862455073,4251719.787119996,2022 Bear
2022-12-20,3923034.6325899935,764088.632589994,3158945.9999999995,recovery,5d_10%,1,0.0793839585018572,4251719.787119996,2022 Bear
2022-12-21,4052499.632589994,764088.632589994,3288411.0,recovery,5d_10%,1,0.03300123810391331,4251719.787119996,2022 Bear
2022-12-22,3723288.632589994,764088.632589994,2959200.0,recovery,5d_10%,1,-0.0812365280313666,4251719.787119996,2022 Bear
2022-12-23,3675500.1418899945,3675500.1418899945,0.0,recovery,5d_10%,0,-0.012835021782009126,4251719.787119996,2022 Bear
2022-12-26,3675500.1418899945,3675500.1418899945,0.0,recovery,5d_10%,0,0.0,4251719.787119996,2022 Bear
2022-12-27,3675500.1418899945,3675500.1418899945,0.0,recovery,5d_10%,0,0.0,4251719.787119996,2022 Bear
2022-12-28,3675500.1418899945,3675500.1418899945,0.0,recovery,5d_10%,0,0.0,4251719.787119996,2022 Bear
2022-12-29,3675500.1418899945,3675500.1418899945,0.0,sideways,5d_10%,0,0.0,4251719.787119996,2022 Bear
2022-12-30,3675500.1418899945,3675500.1418899945,0.0,recovery,5d_10%,0,0.0,4251719.787119996,2022 Bear
2023-01-03,977295.3129,707553.3129,269742.0,sideways,5d_10%,3,0.0,977295.3129,2023 Sideways
2023-01-04,984517.52833,984517.52833,0.0,sideways,5d_10%,0,0.007390003138937562,984517.52833,2023 Sideways
2023-01-05,984517.52833,984517.52833,0.0,recovery,5d_10%,0,0.0,984517.52833,2023 Sideways
2023-01-06,984517.52833,984517.52833,0.0,recovery,5d_10%,0,0.0,984517.52833,2023 Sideways
2023-01-09,984517.52833,984517.52833,0.0,recovery,5d_10%,0,0.0,984517.52833,2023 Sideways
2023-01-10,984517.52833,984517.52833,0.0,recovery,5d_10%,0,0.0,984517.52833,2023 Sideways
2023-01-11,984517.52833,984517.52833,0.0,recovery,5d_10%,0,0.0,984517.52833,2023 Sideways
2023-01-12,984517.52833,984517.52833,0.0,recovery,5d_10%,0,0.0,984517.52833,2023 Sideways
2023-01-13,984517.52833,984517.52833,0.0,bull,5d_10%,0,0.0,984517.52833,2023 Sideways
2023-01-16,984517.52833,984517.52833,0.0,bull,5d_10%,0,0.0,984517.52833,2023 Sideways
2023-01-17,984517.52833,984517.52833,0.0,bull,5d_10%,0,0.0,984517.52833,2023 Sideways
2023-01-18,984517.52833,984517.52833,0.0,bull,5d_10%,0,0.0,984517.52833,2023 Sideways
2023-01-19,984517.52833,984517.52833,0.0,bull,5d_10%,0,0.0,984517.52833,2023 Sideways
2023-01-20,984517.52833,984517.52833,0.0,bull,5d_10%,0,0.0,984517.52833,2023 Sideways
2023-01-30,984517.52833,984517.52833,0.0,bull,5d_10%,0,0.0,984517.52833,2023 Sideways
2023-01-31,937436.40173,198014.40172999998,739422.0,bull,5d_10%,2,-0.04782152195894562,984517.52833,2023 Sideways
2023-02-01,963156.0663899999,571028.0663899999,392128.0,bull,5d_10%,1,0.02743617018982336,984517.52833,2023 Sideways
2023-02-02,1002404.0663899999,571028.0663899999,431376.0,bull,5d_10%,1,0.04074936697134168,1002404.0663899999,2023 Sideways
2023-02-03,1045524.0663899999,571028.0663899999,474496.0,bull,5d_10%,1,0.043016585273132346,1045524.0663899999,2023 Sideways
2023-02-06,1093044.0663899998,571028.0663899999,522016.0,bull,5d_10%,1,0.04545089063714958,1093044.0663899998,2023 Sideways
2023-02-07,1144282.34799,1144282.34799,0.0,bull,5d_10%,0,0.04687668427607394,1144282.34799,2023 Sideways
2023-02-08,1144282.34799,1144282.34799,0.0,recovery,5d_10%,0,0.0,1144282.34799,2023 Sideways
2023-02-09,1144282.34799,1144282.34799,0.0,bull,5d_10%,0,0.0,1144282.34799,2023 Sideways
2023-02-10,1144282.34799,1144282.34799,0.0,recovery,5d_10%,0,0.0,1144282.34799,2023 Sideways
2023-02-13,1144282.34799,1144282.34799,0.0,bull,5d_10%,0,0.0,1144282.34799,2023 Sideways
2023-02-14,1080406.81429,231147.8142899999,849259.0,bull,5d_10%,2,-0.0558214795607056,1144282.34799,2023 Sideways
2023-02-15,1141154.81429,231147.8142899999,910007.0,recovery,5d_10%,2,0.05622696857935061,1144282.34799,2023 Sideways
2023-02-16,1182698.81429,231147.8142899999,951551.0,recovery,5d_10%,2,0.03640522695060233,1182698.81429,2023 Sideways
2023-02-17,1155175.81429,231147.8142899999,924028.0,sideways,5d_10%,2,-0.023271351647141558,1182698.81429,2023 Sideways
2023-02-20,1112792.0346099997,662248.0346099997,450543.99999999994,sideways,5d_10%,1,-0.03669032813507289,1182698.81429,2023 Sideways
2023-02-21,1095939.9314999997,1095939.9314999997,0.0,recovery,5d_10%,0,-0.015143982510538168,1182698.81429,2023 Sideways
2023-02-22,1093596.7970999996,770028.7970999996,323568.0,sideways,5d_10%,1,-0.0021380135285271606,1182698.81429,2023 Sideways
2023-02-23,1097148.7970999996,770028.7970999996,327120.0,sideways,5d_10%,1,0.0032479978081676464,1182698.81429,2023 Sideways
2023-02-24,1078685.8126199995,1078685.8126199995,0.0,sideways,5d_10%,0,-0.01682814995450188,1182698.81429,2023 Sideways
2023-02-27,1078685.8126199995,1078685.8126199995,0.0,sideways,5d_10%,0,0.0,1182698.81429,2023 Sideways
2023-02-28,1048773.2158199996,754729.2158199996,294044.0,sideways,5d_10%,1,-0.0277305925877952,1182698.81429,2023 Sideways
2023-03-01,1061535.1692599996,1061535.1692599996,0.0,sideways,5d_10%,0,0.012168458583319053,1182698.81429,2023 Sideways
2023-03-02,1061535.1692599996,1061535.1692599996,0.0,sideways,5d_10%,0,0.0,1182698.81429,2023 Sideways
2023-03-03,1032256.0175599996,743313.0175599996,288943.0,sideways,5d_10%,1,-0.02758189511555298,1182698.81429,2023 Sideways
2023-03-06,1061122.0175599996,743313.0175599996,317809.0,recovery,5d_10%,1,0.027963992952283467,1182698.81429,2023 Sideways
2023-03-07,1092818.0175599996,743313.0175599996,349505.0,sideways,5d_10%,1,0.02987026889978539,1182698.81429,2023 Sideways
2023-03-08,1127910.0175599996,743313.0175599996,384597.0,sideways,5d_10%,1,0.032111476417960194,1182698.81429,2023 Sideways
2023-03-09,1166398.0175599996,743313.0175599996,423085.0,sideways,5d_10%,1,0.034123289447557825,1182698.81429,2023 Sideways
2023-03-10,1174539.4545599995,845539.4545599995,329000.0,sideways,5d_10%,1,0.006979981856477302,1182698.81429,2023 Sideways
2023-03-13,1207539.4545599995,845539.4545599995,362000.0,sideways,5d_10%,1,0.02809611875691509,1207539.4545599995,2023 Sideways
2023-03-14,1243739.4545599995,845539.4545599995,398200.0,sideways,5d_10%,1,0.02997831653723515,1243739.4545599995,2023 Sideways
2023-03-15,1283539.4545599995,845539.4545599995,438000.0,sideways,5d_10%,1,0.032000271322163876,1283539.4545599995,2023 Sideways
2023-03-16,1327339.4545599995,845539.4545599995,481800.0,sideways,5d_10%,1,0.03412438927716077,1327339.4545599995,2023 Sideways
2023-03-17,1336686.1350599995,963036.1350599995,373650.0,sideways,5d_10%,1,0.007041665542216746,1336686.1350599995,2023 Sideways
2023-03-20,1374051.1350599995,963036.1350599995,411015.0,sideways,5d_10%,1,0.027953458197816028,1374051.1350599995,2023 Sideways
2023-03-21,1415223.1350599995,963036.1350599995,452187.0,sideways,5d_10%,1,0.029963950357787983,1415223.1350599995,2023 Sideways
2023-03-22,1388574.1350599995,963036.1350599995,425538.0,sideways,5d_10%,1,-0.0188302461568155,1415223.1350599995,2023 Sideways
2023-03-23,1404563.2888599995,675088.2888599995,729475.0,sideways,5d_10%,2,0.011514800251777091,1415223.1350599995,2023 Sideways
2023-03-24,1391515.9602599996,1103941.9602599996,287574.0,sideways,5d_10%,1,-0.009289242217479288,1415223.1350599995,2023 Sideways
2023-03-27,1406023.2010599996,772928.2010599996,633095.0,sideways,5d_10%,2,0.010425493644564021,1415223.1350599995,2023 Sideways
2023-03-28,1383217.2010599996,772928.2010599996,610289.0,sideways,5d_10%,2,-0.01622021598420753,1415223.1350599995,2023 Sideways
2023-03-29,1359121.2508799995,1359121.2508799995,0.0,sideways,5d_10%,0,-0.017420221612003295,1415223.1350599995,2023 Sideways
2023-03-30,1359121.2508799995,1359121.2508799995,0.0,sideways,5d_10%,0,0.0,1415223.1350599995,2023 Sideways
2023-03-31,1359709.8002799994,953632.8002799994,406077.0,sideways,5d_10%,2,0.0004330367136993196,1415223.1350599995,2023 Sideways
2023-04-03,1365846.8002799994,953632.8002799994,412214.0,sideways,5d_10%,2,0.004513463092445269,1415223.1350599995,2023 Sideways
2023-04-04,1389438.8002799994,953632.8002799994,435806.0,recovery,5d_10%,2,0.017272801016309902,1415223.1350599995,2023 Sideways
2023-04-06,1395754.8002799994,953632.8002799994,442122.0,recovery,5d_10%,2,0.004545720184816471,1415223.1350599995,2023 Sideways
2023-04-07,1393914.8002799994,953632.8002799994,440282.0,recovery,5d_10%,2,-0.0013182831251097316,1415223.1350599995,2023 Sideways
2023-04-10,1387613.2268799995,1387613.2268799995,0.0,recovery,5d_10%,0,-0.00452077372213433,1415223.1350599995,2023 Sideways
2023-04-11,1387613.2268799995,1387613.2268799995,0.0,recovery,5d_10%,0,0.0,1415223.1350599995,2023 Sideways
2023-04-12,1387613.2268799995,1387613.2268799995,0.0,recovery,5d_10%,0,0.0,1415223.1350599995,2023 Sideways
2023-04-13,1387613.2268799995,1387613.2268799995,0.0,sideways,5d_10%,0,0.0,1415223.1350599995,2023 Sideways
2023-04-14,1387613.2268799995,1387613.2268799995,0.0,recovery,5d_10%,0,0.0,1415223.1350599995,2023 Sideways
2023-04-17,1387613.2268799995,1387613.2268799995,0.0,recovery,5d_10%,0,0.0,1415223.1350599995,2023 Sideways
2023-04-18,1387613.2268799995,1387613.2268799995,0.0,recovery,5d_10%,0,0.0,1415223.1350599995,2023 Sideways
2023-04-19,1387613.2268799995,1387613.2268799995,0.0,recovery,5d_10%,0,0.0,1415223.1350599995,2023 Sideways
2023-04-20,1387613.2268799995,1387613.2268799995,0.0,recovery,5d_10%,0,0.0,1415223.1350599995,2023 Sideways
2023-04-21,1387613.2268799995,1387613.2268799995,0.0,sideways,5d_10%,0,0.0,1415223.1350599995,2023 Sideways
2023-04-24,1387613.2268799995,1387613.2268799995,0.0,sideways,5d_10%,0,0.0,1415223.1350599995,2023 Sideways
2023-04-25,1387613.2268799995,1387613.2268799995,0.0,sideways,5d_10%,0,0.0,1415223.1350599995,2023 Sideways
2023-04-26,1387613.2268799995,1387613.2268799995,0.0,sideways,5d_10%,0,0.0,1415223.1350599995,2023 Sideways
2023-04-27,1434553.2227799995,970915.2227799995,463638.0,sideways,5d_10%,1,0.03382786715397845,1434553.2227799995,2023 Sideways
2023-04-28,1445725.2227799995,970915.2227799995,474810.0,sideways,5d_10%,1,0.007787790527806315,1445725.2227799995,2023 Sideways
2023-05-04,970915.2227799995,970915.2227799995,0.0,sideways,5d_10%,1,-0.32842340475113463,1445725.2227799995,2023 Sideways
2023-05-05,1423381.2227799995,970915.2227799995,452466.00000000006,sideways,5d_10%,1,0.4660200905126035,1445725.2227799995,2023 Sideways
2023-05-08,1401037.2227799995,970915.2227799995,430122.0,sideways,5d_10%,1,-0.015697832486759933,1445725.2227799995,2023 Sideways
2023-05-09,1358678.0363799995,964202.0363799995,394476.0,sideways,5d_10%,1,-0.03023416202743634,1445725.2227799995,2023 Sideways
2023-05-10,1356054.4301799994,1356054.4301799994,0.0,bear,10d_15%,0,-0.0019309991990378306,1445725.2227799995,2023 Sideways
2023-05-11,1345640.6639799995,949552.6639799995,396088.0,sideways,5d_10%,2,-0.007679460328607668,1445725.2227799995,2023 Sideways
2023-05-12,1375211.4759799994,664422.4759799994,710789.0,bear,10d_15%,3,0.021975266348252642,1445725.2227799995,2023 Sideways
2023-05-15,1372957.4759799994,664422.4759799994,708535.0,sideways,5d_10%,3,-0.0016390206447294275,1445725.2227799995,2023 Sideways
2023-05-16,1341505.5363799995,934457.5363799995,407048.0,sideways,5d_10%,2,-0.022908167332385876,1445725.2227799995,2023 Sideways
2023-05-17,1336255.5089799995,1126903.5089799995,209352.0,bear,10d_15%,1,-0.003913533904725486,1445725.2227799995,2023 Sideways
2023-05-18,1343275.3373799995,1343275.3373799995,0.0,bear,10d_15%,0,0.005253357874167586,1445725.2227799995,2023 Sideways
2023-05-19,1343275.3373799995,1343275.3373799995,0.0,bear,10d_15%,0,0.0,1445725.2227799995,2023 Sideways
2023-05-22,1369610.5868799994,939866.5868799994,429744.00000000006,bear,10d_15%,1,0.01960525051503259,1445725.2227799995,2023 Sideways
2023-05-23,1350425.5868799994,939866.5868799994,410559.0,bear,10d_15%,1,-0.014007631208301174,1445725.2227799995,2023 Sideways
2023-05-24,1321918.4035299993,1321918.4035299993,0.0,bear,10d_15%,0,-0.0211097772635237,1445725.2227799995,2023 Sideways
2023-05-25,1321918.4035299993,1321918.4035299993,0.0,bear,10d_15%,0,0.0,1445725.2227799995,2023 Sideways
2023-05-26,1321918.4035299993,1321918.4035299993,0.0,sideways,5d_10%,0,0.0,1445725.2227799995,2023 Sideways
2023-05-29,1321918.4035299993,1321918.4035299993,0.0,bear,10d_15%,0,0.0,1445725.2227799995,2023 Sideways
2023-05-30,1303648.9457299993,924896.9457299993,378752.0,bear,10d_15%,1,-0.013820412630018541,1445725.2227799995,2023 Sideways
2023-05-31,1321402.9457299993,924896.9457299993,396506.0,bear,10d_15%,1,0.013618697010534753,1445725.2227799995,2023 Sideways
2023-06-01,1342115.9457299993,924896.9457299993,417219.0,bear,10d_15%,1,0.015675006679024106,1445725.2227799995,2023 Sideways
2023-06-02,1362828.9457299993,924896.9457299993,437932.0,bear,10d_15%,1,0.015433092845591467,1445725.2227799995,2023 Sideways
2023-06-05,1383541.9457299993,924896.9457299993,458645.0,bear,10d_15%,1,0.01519853248266978,1445725.2227799995,2023 Sideways
2023-06-06,1406345.7751299993,1406345.7751299993,0.0,bear,10d_15%,0,0.01648221036621189,1445725.2227799995,2023 Sideways
2023-06-07,1406345.7751299993,1406345.7751299993,0.0,bear,10d_15%,0,0.0,1445725.2227799995,2023 Sideways
2023-06-08,1406345.7751299993,1406345.7751299993,0.0,bear,10d_15%,0,0.0,1445725.2227799995,2023 Sideways
2023-06-09,1406345.7751299993,1406345.7751299993,0.0,sideways,5d_10%,0,0.0,1445725.2227799995,2023 Sideways
2023-06-12,1406345.7751299993,1406345.7751299993,0.0,bear,10d_15%,0,0.0,1445725.2227799995,2023 Sideways
2023-06-13,1406345.7751299993,1406345.7751299993,0.0,sideways,5d_10%,0,0.0,1445725.2227799995,2023 Sideways
2023-06-14,1367322.6886299993,984192.6886299993,383130.00000000006,sideways,5d_10%,1,-0.02774786058314338,1445725.2227799995,2023 Sideways
2023-06-15,1405797.6886299993,984192.6886299993,421605.0,sideways,5d_10%,1,0.028138931884872376,1445725.2227799995,2023 Sideways
2023-06-16,1447917.6886299993,984192.6886299993,463725.0,sideways,5d_10%,1,0.02996163697000198,1447917.6886299993,2023 Sideways
2023-06-19,1494492.6886299993,984192.6886299993,510300.0,sideways,5d_10%,1,0.03216688377090593,1494492.6886299993,2023 Sideways
2023-06-20,1518792.6886299993,984192.6886299993,534600.0,sideways,5d_10%,1,0.016259698146985135,1518792.6886299993,2023 Sideways
2023-06-21,1536234.3052299991,1077126.3052299991,459108.0,sideways,5d_10%,1,0.011483869214390818,1536234.3052299991,2023 Sideways
2023-06-26,1530130.3052299991,1077126.3052299991,453004.0,sideways,5d_10%,1,-0.003973352228380356,1536234.3052299991,2023 Sideways
2023-06-27,1538196.3052299991,1077126.3052299991,461069.99999999994,sideways,5d_10%,1,0.0052714464725196475,1538196.3052299991,2023 Sideways
2023-06-28,1525770.3052299991,1077126.3052299991,448643.99999999994,sideways,5d_10%,1,-0.008078292710592572,1538196.3052299991,2023 Sideways
2023-06-29,1532310.3052299991,1077126.3052299991,455184.0,sideways,5d_10%,1,0.004286359472053025,1538196.3052299991,2023 Sideways
2023-06-30,1537801.5944299991,1537801.5944299991,0.0,sideways,5d_10%,0,0.0035836665597415163,1538196.3052299991,2023 Sideways
2023-07-03,1537801.5944299991,1537801.5944299991,0.0,sideways,5d_10%,0,0.0,1538196.3052299991,2023 Sideways
2023-07-04,1537801.5944299991,1537801.5944299991,0.0,sideways,5d_10%,0,0.0,1538196.3052299991,2023 Sideways
2023-07-05,1537801.5944299991,1537801.5944299991,0.0,sideways,5d_10%,0,0.0,1538196.3052299991,2023 Sideways
2023-07-06,1537801.5944299991,1537801.5944299991,0.0,sideways,5d_10%,0,0.0,1538196.3052299991,2023 Sideways
2023-07-07,1537801.5944299991,1537801.5944299991,0.0,sideways,5d_10%,0,0.0,1538196.3052299991,2023 Sideways
2023-07-10,1537801.5944299991,1537801.5944299991,0.0,sideways,5d_10%,0,0.0,1538196.3052299991,2023 Sideways
2023-07-11,1537801.5944299991,1537801.5944299991,0.0,sideways,5d_10%,0,0.0,1538196.3052299991,2023 Sideways
2023-07-12,1537801.5944299991,1537801.5944299991,0.0,sideways,5d_10%,0,0.0,1538196.3052299991,2023 Sideways
2023-07-13,1537801.5944299991,1537801.5944299991,0.0,sideways,5d_10%,0,0.0,1538196.3052299991,2023 Sideways
2023-07-14,1495374.439729999,1077084.439729999,418290.00000000006,sideways,5d_10%,1,-0.02758948544056239,1538196.3052299991,2023 Sideways
2023-07-17,1537203.439729999,1077084.439729999,460119.00000000006,sideways,5d_10%,1,0.027972258244264525,1538196.3052299991,2023 Sideways
2023-07-18,1564578.439729999,1077084.439729999,487494.00000000006,sideways,5d_10%,1,0.01780831300039787,1564578.439729999,2023 Sideways
2023-07-19,1516836.439729999,1077084.439729999,439751.99999999994,sideways,5d_10%,1,-0.030514289848094123,1564578.439729999,2023 Sideways
2023-07-20,1512119.146639999,1059329.146639999,452790.0,sideways,5d_10%,1,-0.003109955013237742,1564578.439729999,2023 Sideways
2023-07-21,1489371.075319999,1489371.075319999,0.0,sideways,5d_10%,0,-0.015043835249720527,1564578.439729999,2023 Sideways
2023-07-24,1467094.526519999,1042214.5265199988,424880.0,sideways,5d_10%,1,-0.014957017206214895,1564578.439729999,2023 Sideways
2023-07-25,1488790.526519999,1042214.5265199988,446576.00000000006,recovery,5d_10%,1,0.014788413157987623,1564578.439729999,2023 Sideways
2023-07-26,1511390.526519999,1042214.5265199988,469176.00000000006,recovery,5d_10%,1,0.015180107340437399,1564578.439729999,2023 Sideways
2023-07-27,1532182.526519999,1042214.5265199988,489968.0,recovery,5d_10%,1,0.013756868019990875,1564578.439729999,2023 Sideways
2023-07-28,1541222.5265199987,1042214.5265199988,499007.99999999994,recovery,5d_10%,1,0.0059000803386866085,1564578.439729999,2023 Sideways
2023-07-31,1546640.9217199988,1546640.9217199988,0.0,recovery,5d_10%,0,0.0035156475504121154,1564578.439729999,2023 Sideways
2023-08-01,1546640.9217199988,1546640.9217199988,0.0,recovery,5d_10%,0,0.0,1564578.439729999,2023 Sideways
2023-08-02,1546640.9217199988,1546640.9217199988,0.0,recovery,5d_10%,0,0.0,1564578.439729999,2023 Sideways
2023-08-03,1546640.9217199988,1546640.9217199988,0.0,bull,5d_10%,0,0.0,1564578.439729999,2023 Sideways
2023-08-04,1546640.9217199988,1546640.9217199988,0.0,bull,5d_10%,0,0.0,1564578.439729999,2023 Sideways
2023-08-07,1546640.9217199988,1546640.9217199988,0.0,bull,5d_10%,0,0.0,1564578.439729999,2023 Sideways
2023-08-08,1546640.9217199988,1546640.9217199988,0.0,recovery,5d_10%,0,0.0,1564578.439729999,2023 Sideways
2023-08-09,1546640.9217199988,1546640.9217199988,0.0,bull,5d_10%,0,0.0,1564578.439729999,2023 Sideways
2023-08-10,1546640.9217199988,1546640.9217199988,0.0,recovery,5d_10%,0,0.0,1564578.439729999,2023 Sideways
2023-08-11,1546640.9217199988,1546640.9217199988,0.0,sideways,5d_10%,0,0.0,1564578.439729999,2023 Sideways
2023-08-14,1523693.8465199987,1082133.8465199987,441560.00000000006,sideways,5d_10%,1,-0.014836717998176985,1564578.439729999,2023 Sideways
2023-08-15,1503533.0946799987,1068941.0946799987,434592.0,sideways,5d_10%,2,-0.013231497840623052,1564578.439729999,2023 Sideways
2023-08-16,1516498.2062799986,897945.2062799986,618553.0,sideways,5d_10%,2,0.00862309692142782,1564578.439729999,2023 Sideways
2023-08-17,1520022.4360399987,1262604.4360399987,257418.0,sideways,5d_10%,1,0.002323926098564355,1564578.439729999,2023 Sideways
2023-08-18,1545780.4360399987,1262604.4360399987,283176.0,sideways,5d_10%,1,0.01694580250216915,1564578.439729999,2023 Sideways
2023-08-21,1574130.4360399987,1262604.4360399987,311526.0,sideways,5d_10%,1,0.01834025023154484,1574130.4360399987,2023 Sideways
2023-08-22,1561764.9760399987,1561764.9760399987,0.0,bear,10d_15%,0,-0.00785542272539208,1574130.4360399987,2023 Sideways
2023-08-23,1561764.9760399987,1561764.9760399987,0.0,bear,10d_15%,0,0.0,1574130.4360399987,2023 Sideways
2023-08-24,1561764.9760399987,1561764.9760399987,0.0,bear,10d_15%,0,0.0,1574130.4360399987,2023 Sideways
2023-08-25,1561764.9760399987,1561764.9760399987,0.0,bear,10d_15%,0,0.0,1574130.4360399987,2023 Sideways
2023-08-28,1561764.9760399987,1561764.9760399987,0.0,bear,10d_15%,0,0.0,1574130.4360399987,2023 Sideways
2023-08-29,1561764.9760399987,1561764.9760399987,0.0,bear,10d_15%,0,0.0,1574130.4360399987,2023 Sideways
2023-08-30,1561764.9760399987,1561764.9760399987,0.0,bear,10d_15%,0,0.0,1574130.4360399987,2023 Sideways
2023-08-31,1561764.9760399987,1561764.9760399987,0.0,bear,10d_15%,0,0.0,1574130.4360399987,2023 Sideways
2023-09-01,1561764.9760399987,1561764.9760399987,0.0,bear,10d_15%,0,0.0,1574130.4360399987,2023 Sideways
2023-09-04,1561764.9760399987,1561764.9760399987,0.0,bear,10d_15%,0,0.0,1574130.4360399987,2023 Sideways
2023-09-05,1561764.9760399987,1561764.9760399987,0.0,bear,10d_15%,0,0.0,1574130.4360399987,2023 Sideways
2023-09-06,1561764.9760399987,1561764.9760399987,0.0,bear,10d_15%,0,0.0,1574130.4360399987,2023 Sideways
2023-09-07,1561764.9760399987,1561764.9760399987,0.0,bear,10d_15%,0,0.0,1574130.4360399987,2023 Sideways
2023-09-08,1561764.9760399987,1561764.9760399987,0.0,bear,10d_15%,0,0.0,1574130.4360399987,2023 Sideways
2023-09-11,1547709.4035399987,1095334.4035399987,452375.0,sideways,5d_10%,2,-0.008999800043947181,1574130.4360399987,2023 Sideways
2023-09-12,1549152.3415399988,1315527.3415399988,233625.0,sideways,5d_10%,1,0.0009323055068992669,1574130.4360399987,2023 Sideways
2023-09-13,1560900.3415399988,1315527.3415399988,245373.0,sideways,5d_10%,1,0.007583502077220805,1574130.4360399987,2023 Sideways
2023-09-14,1556733.6007399987,920598.6007399987,636135.0,sideways,5d_10%,2,-0.002669447042268569,1574130.4360399987,2023 Sideways
2023-09-15,1607397.6007399987,920598.6007399987,686799.0,sideways,5d_10%,2,0.03254506742574104,1607397.6007399987,2023 Sideways
2023-09-18,1653039.2423399987,1204175.2423399987,448864.0,sideways,5d_10%,1,0.028394742893101288,1653039.2423399987,2023 Sideways
2023-09-19,1647063.2423399987,1204175.2423399987,442888.0,sideways,5d_10%,1,-0.0036151591849329368,1653039.2423399987,2023 Sideways
2023-09-20,1602907.2423399987,1204175.2423399987,398732.0,sideways,5d_10%,1,-0.026808928075686467,1653039.2423399987,2023 Sideways
2023-09-21,1641957.8127399986,1641957.8127399986,0.0,sideways,5d_10%,0,0.02436233948446831,1653039.2423399987,2023 Sideways
2023-09-22,1641957.8127399986,1641957.8127399986,0.0,sideways,5d_10%,0,0.0,1653039.2423399987,2023 Sideways
2023-09-25,1641957.8127399986,1641957.8127399986,0.0,sideways,5d_10%,0,0.0,1653039.2423399987,2023 Sideways
2023-09-26,1641957.8127399986,1641957.8127399986,0.0,sideways,5d_10%,0,0.0,1653039.2423399987,2023 Sideways
2023-09-27,1641957.8127399986,1641957.8127399986,0.0,sideways,5d_10%,0,0.0,1653039.2423399987,2023 Sideways
2023-09-28,1641957.8127399986,1641957.8127399986,0.0,sideways,5d_10%,0,0.0,1653039.2423399987,2023 Sideways
2023-10-09,1641957.8127399986,1641957.8127399986,0.0,sideways,5d_10%,0,0.0,1653039.2423399987,2023 Sideways
2023-10-10,1641957.8127399986,1641957.8127399986,0.0,bear,10d_15%,0,0.0,1653039.2423399987,2023 Sideways
2023-10-11,1667192.9527399985,1149117.9527399985,518075.0,bear,10d_15%,1,0.015368933235799132,1667192.9527399985,2023 Sideways
2023-10-12,1641317.9527399985,1149117.9527399985,492200.0,sideways,5d_10%,1,-0.01552009919276287,1667192.9527399985,2023 Sideways
2023-10-13,1615866.2907399985,1615866.2907399985,0.0,sideways,5d_10%,0,-0.015506844336596215,1667192.9527399985,2023 Sideways
2023-10-16,1615866.2907399985,1615866.2907399985,0.0,bear,10d_15%,0,0.0,1667192.9527399985,2023 Sideways
2023-10-17,1615866.2907399985,1615866.2907399985,0.0,bear,10d_15%,0,0.0,1667192.9527399985,2023 Sideways
2023-10-18,1615866.2907399985,1615866.2907399985,0.0,bear,10d_15%,0,0.0,1667192.9527399985,2023 Sideways
2023-10-19,1615866.2907399985,1615866.2907399985,0.0,bear,10d_15%,0,0.0,1667192.9527399985,2023 Sideways
2023-10-20,1615866.2907399985,1615866.2907399985,0.0,bear,10d_15%,0,0.0,1667192.9527399985,2023 Sideways
2023-10-23,1615866.2907399985,1615866.2907399985,0.0,bear,10d_15%,0,0.0,1667192.9527399985,2023 Sideways
2023-10-24,1615866.2907399985,1615866.2907399985,0.0,bear,10d_15%,0,0.0,1667192.9527399985,2023 Sideways
2023-10-25,1615866.2907399985,1615866.2907399985,0.0,bear,10d_15%,0,0.0,1667192.9527399985,2023 Sideways
2023-10-26,1615866.2907399985,1615866.2907399985,0.0,bear,10d_15%,0,0.0,1667192.9527399985,2023 Sideways
2023-10-27,1571206.3523399984,1130668.3523399984,440538.00000000006,sideways,5d_10%,1,-0.027638387319502633,1667192.9527399985,2023 Sideways
2023-10-30,1615236.3523399984,1130668.3523399984,484568.0,bear,10d_15%,1,0.028023053709289147,1667192.9527399985,2023 Sideways
2023-10-31,1618806.3523399984,1130668.3523399984,488138.00000000006,bear,10d_15%,1,0.0022102028565837983,1667192.9527399985,2023 Sideways
2023-11-01,1590179.3410599984,1590179.3410599984,0.0,bear,10d_15%,0,-0.017684024552176547,1667192.9527399985,2023 Sideways
2023-11-02,1590179.3410599984,1590179.3410599984,0.0,bear,10d_15%,0,0.0,1667192.9527399985,2023 Sideways
2023-11-03,1590179.3410599984,1590179.3410599984,0.0,sideways,5d_10%,0,0.0,1667192.9527399985,2023 Sideways
2023-11-06,1545999.6505599984,1112874.6505599984,433125.0,sideways,5d_10%,1,-0.027782835155278907,1667192.9527399985,2023 Sideways
2023-11-07,1589559.6505599984,1112874.6505599984,476685.00000000006,sideways,5d_10%,1,0.02817594427283443,1667192.9527399985,2023 Sideways
2023-11-08,1637079.6505599984,1112874.6505599984,524205.0,sideways,5d_10%,1,0.029895071873055512,1667192.9527399985,2023 Sideways
2023-11-09,1689549.6505599984,1112874.6505599984,576675.0,sideways,5d_10%,1,0.032050975639488,1689549.6505599984,2023 Sideways
2023-11-10,1747464.6505599984,1112874.6505599984,634590.0,sideways,5d_10%,1,0.03427836523229977,1747464.6505599984,2023 Sideways
2023-11-13,1722415.5415599982,1223143.5415599982,499272.0,sideways,5d_10%,1,-0.014334544044695141,1747464.6505599984,2023 Sideways
2023-11-14,1747123.5415599982,1223143.5415599982,523980.00000000006,sideways,5d_10%,1,0.014344970423119774,1747464.6505599984,2023 Sideways
2023-11-15,1751380.1591599982,856219.1591599982,895161.0,sideways,5d_10%,2,0.002436357532106248,1751380.1591599982,2023 Sideways
2023-11-16,1727698.1330799982,1203718.1330799982,523980.00000000006,sideways,5d_10%,1,-0.013521922100201533,1751380.1591599982,2023 Sideways
2023-11-17,1714918.1330799982,1203718.1330799982,511200.0,sideways,5d_10%,1,-0.0073971255483252785,1751380.1591599982,2023 Sideways
2023-11-20,1672576.4794799981,1203312.4794799981,469264.0,sideways,5d_10%,1,-0.024690189451757827,1751380.1591599982,2023 Sideways
2023-11-21,1719280.4794799981,1203312.4794799981,515967.99999999994,sideways,5d_10%,1,0.027923386806515627,1751380.1591599982,2023 Sideways
2023-11-22,1780859.270479998,841913.2704799981,938946.0,sideways,5d_10%,2,0.035816605687644776,1780859.270479998,2023 Sideways
2023-11-23,1661597.7681799978,828477.7681799978,833120.0,sideways,5d_10%,2,-0.06696851586024288,1780859.270479998,2023 Sideways
2023-11-24,1673005.0628999977,1317765.0628999977,355240.00000000006,sideways,5d_10%,1,0.0068652564046800535,1780859.270479998,2023 Sideways
2023-11-27,1708957.0628999977,1317765.0628999977,391192.0,sideways,5d_10%,1,0.021489474716639867,1780859.270479998,2023 Sideways
2023-11-28,1661353.5498999977,922241.5498999977,739112.0,sideways,5d_10%,2,-0.027855300775795788,1780859.270479998,2023 Sideways
2023-11-29,1633696.1223999977,1633696.1223999977,0.0,sideways,5d_10%,0,-0.01664752665178626,1780859.270479998,2023 Sideways
2023-11-30,1633696.1223999977,1633696.1223999977,0.0,sideways,5d_10%,0,0.0,1780859.270479998,2023 Sideways
2023-12-01,1633696.1223999977,1633696.1223999977,0.0,sideways,5d_10%,0,0.0,1780859.270479998,2023 Sideways
2023-12-04,1633696.1223999977,1633696.1223999977,0.0,bear,10d_15%,0,0.0,1780859.270479998,2023 Sideways
2023-12-05,1633696.1223999977,1633696.1223999977,0.0,bear,10d_15%,0,0.0,1780859.270479998,2023 Sideways
2023-12-06,1633696.1223999977,1633696.1223999977,0.0,bear,10d_15%,0,0.0,1780859.270479998,2023 Sideways
2023-12-07,1633696.1223999977,1633696.1223999977,0.0,bear,10d_15%,0,0.0,1780859.270479998,2023 Sideways
2023-12-08,1633696.1223999977,1633696.1223999977,0.0,bear,10d_15%,0,0.0,1780859.270479998,2023 Sideways
2023-12-11,1633696.1223999977,1633696.1223999977,0.0,bear,10d_15%,0,0.0,1780859.270479998,2023 Sideways
2023-12-12,1633696.1223999977,1633696.1223999977,0.0,bear,10d_15%,0,0.0,1780859.270479998,2023 Sideways
2023-12-13,1633696.1223999977,1633696.1223999977,0.0,bear,10d_15%,0,0.0,1780859.270479998,2023 Sideways
2023-12-14,1633696.1223999977,1633696.1223999977,0.0,bear,10d_15%,0,0.0,1780859.270479998,2023 Sideways
2023-12-15,1633696.1223999977,1633696.1223999977,0.0,bear,10d_15%,0,0.0,1780859.270479998,2023 Sideways
2023-12-18,1633696.1223999977,1633696.1223999977,0.0,severe_bear,5d_10%,0,0.0,1780859.270479998,2023 Sideways
2023-12-19,1643520.4278999977,1143294.4278999977,500226.0,bear,10d_15%,1,0.006013545215231009,1780859.270479998,2023 Sideways
2023-12-20,1633003.1028999977,972823.1028999977,660180.0,severe_bear,5d_10%,2,-0.0063992663683763995,1780859.270479998,2023 Sideways
2023-12-21,1647652.1028999977,972823.1028999977,674829.0,bear,10d_15%,2,0.008970589200954615,1780859.270479998,2023 Sideways
2023-12-22,1645807.1028999977,972823.1028999977,672984.0,bear,10d_15%,2,-0.001119775222422681,1780859.270479998,2023 Sideways
2023-12-25,1630585.1028999977,972823.1028999977,657762.0,bear,10d_15%,2,-0.009248957531643898,1780859.270479998,2023 Sideways
2023-12-26,1612710.728199998,1612710.728199998,0.0,bear,10d_15%,0,-0.010961939164174983,1780859.270479998,2023 Sideways
2023-12-27,1612710.728199998,1612710.728199998,0.0,bear,10d_15%,0,0.0,1780859.270479998,2023 Sideways
2023-12-28,1612710.728199998,1612710.728199998,0.0,sideways,5d_10%,0,0.0,1780859.270479998,2023 Sideways
2023-12-29,1612710.728199998,1612710.728199998,0.0,sideways,5d_10%,0,0.0,1780859.270479998,2023 Sideways
2024-01-02,1000000.0,1000000.0,0.0,sideways,5d_10%,0,0.0,1000000.0,2024-2025
2024-01-03,989007.455,699960.455,289047.0,sideways,5d_10%,1,-0.01099254500000002,1000000.0,2024-2025
2024-01-04,984115.5534999999,984115.5534999999,0.0,sideways,5d_10%,0,-0.004946273635520804,1000000.0,2024-2025
2024-01-05,984115.5534999999,984115.5534999999,0.0,sideways,5d_10%,0,0.0,1000000.0,2024-2025
2024-01-08,984115.5534999999,984115.5534999999,0.0,bear,10d_15%,0,0.0,1000000.0,2024-2025
2024-01-09,984115.5534999999,984115.5534999999,0.0,bear,10d_15%,0,0.0,1000000.0,2024-2025
2024-01-10,984115.5534999999,984115.5534999999,0.0,bear,10d_15%,0,0.0,1000000.0,2024-2025
2024-01-11,984115.5534999999,984115.5534999999,0.0,sideways,5d_10%,0,0.0,1000000.0,2024-2025
2024-01-12,984115.5534999999,984115.5534999999,0.0,sideways,5d_10%,0,0.0,1000000.0,2024-2025
2024-01-15,984115.5534999999,984115.5534999999,0.0,sideways,5d_10%,0,0.0,1000000.0,2024-2025
2024-01-16,984115.5534999999,984115.5534999999,0.0,sideways,5d_10%,0,0.0,1000000.0,2024-2025
2024-01-17,984115.5534999999,984115.5534999999,0.0,severe_bear,5d_10%,0,0.0,1000000.0,2024-2025
2024-01-18,984115.5534999999,984115.5534999999,0.0,sideways,5d_10%,0,0.0,1000000.0,2024-2025
2024-01-19,984115.5534999999,984115.5534999999,0.0,sideways,5d_10%,0,0.0,1000000.0,2024-2025
2024-01-22,984115.5534999999,984115.5534999999,0.0,severe_bear,5d_10%,0,0.0,1000000.0,2024-2025
2024-01-23,984115.5534999999,984115.5534999999,0.0,bear,10d_15%,0,0.0,1000000.0,2024-2025
2024-01-24,983151.7674999998,688511.7674999998,294640.0,sideways,5d_10%,1,-0.0009793423105369792,1000000.0,2024-2025
2024-01-25,976347.9050999999,482195.9050999998,494152.0,sideways,5d_10%,2,-0.0069204599177002946,1000000.0,2024-2025
2024-01-26,971707.1630199999,677589.1630199999,294118.0,sideways,5d_10%,1,-0.004753164374869723,1000000.0,2024-2025
2024-01-29,968274.9790199999,475646.97901999985,492628.0,bear,10d_15%,2,-0.003532117628250231,1000000.0,2024-2025
2024-01-30,946852.2800199998,946852.2800199998,0.0,bear,10d_15%,0,-0.022124602477781807,1000000.0,2024-2025
2024-01-31,946852.2800199998,946852.2800199998,0.0,bear,10d_15%,0,0.0,1000000.0,2024-2025
2024-02-01,945166.2097199998,663353.2097199998,281813.0,bear,10d_15%,3,-0.0017807110312544339,1000000.0,2024-2025
2024-02-02,931843.5057099997,931843.5057099997,0.0,severe_bear,5d_10%,0,-0.014095620297245759,1000000.0,2024-2025
2024-02-05,931843.5057099997,931843.5057099997,0.0,sideways,5d_10%,0,0.0,1000000.0,2024-2025
2024-02-06,931480.6835099997,652386.6835099997,279094.0,sideways,5d_10%,3,-0.0003893595842829889,1000000.0,2024-2025
2024-02-07,922519.6840099996,518774.6840099996,403745.0,sideways,5d_10%,3,-0.009620166750246795,1000000.0,2024-2025
2024-02-08,947187.1193999996,606957.1193999996,340230.0,recovery,5d_10%,2,0.026739196808002852,1000000.0,2024-2025
2024-02-19,963200.1193999996,606957.1193999996,356243.0,recovery,5d_10%,2,0.016905846450006035,1000000.0,2024-2025
2024-02-20,968657.1193999996,606957.1193999996,361700.0,recovery,5d_10%,2,0.005665489330918483,1000000.0,2024-2025
2024-02-21,968268.2135999997,710052.2135999997,258216.0,recovery,5d_10%,1,-0.00040148964190844794,1000000.0,2024-2025
2024-02-22,984014.1927999996,984014.1927999996,0.0,recovery,5d_10%,0,0.0162620015599364,1000000.0,2024-2025
2024-02-23,984014.1927999996,984014.1927999996,0.0,recovery,5d_10%,0,0.0,1000000.0,2024-2025
2024-02-26,984014.1927999996,984014.1927999996,0.0,recovery,5d_10%,0,0.0,1000000.0,2024-2025
2024-02-27,984014.1927999996,984014.1927999996,0.0,recovery,5d_10%,0,0.0,1000000.0,2024-2025
2024-02-28,984014.1927999996,984014.1927999996,0.0,recovery,5d_10%,0,0.0,1000000.0,2024-2025
2024-02-29,984014.1927999996,984014.1927999996,0.0,bull,5d_10%,0,0.0,1000000.0,2024-2025
2024-03-01,984014.1927999996,984014.1927999996,0.0,bull,5d_10%,0,0.0,1000000.0,2024-2025
2024-03-04,984014.1927999996,984014.1927999996,0.0,bull,5d_10%,0,0.0,1000000.0,2024-2025
2024-03-05,984014.1927999996,984014.1927999996,0.0,bull,5d_10%,0,0.0,1000000.0,2024-2025
2024-03-06,943633.9107999996,195850.9107999996,747783.0,bull,5d_10%,1,-0.041036280061264585,1000000.0,2024-2025
2024-03-07,942287.9013999996,942287.9013999996,0.0,bull,5d_10%,0,-0.0014264105863457388,1000000.0,2024-2025
2024-03-08,888240.5288999996,189485.52889999957,698755.0,bull,5d_10%,1,-0.05735759996461742,1000000.0,2024-2025
2024-03-11,856085.3441499994,179715.34414999944,676370.0,bull,5d_10%,1,-0.03620098802496796,1000000.0,2024-2025
2024-03-12,864172.1003499994,864172.1003499994,0.0,bull,5d_10%,0,0.009446203296505695,1000000.0,2024-2025
2024-03-13,864172.1003499994,864172.1003499994,0.0,bull,5d_10%,0,0.0,1000000.0,2024-2025
2024-03-14,831323.5598499994,172088.55984999938,659235.0,bull,5d_10%,1,-0.03801157256372423,1000000.0,2024-2025
2024-03-15,827532.3834999994,827532.3834999994,0.0,bull,5d_10%,0,-0.004560410089525235,1000000.0,2024-2025
2024-03-18,827532.3834999994,827532.3834999994,0.0,bull,5d_10%,0,0.0,1000000.0,2024-2025
2024-03-19,828716.3083999993,165846.30839999934,662870.0,bull,5d_10%,2,0.001430668966684534,1000000.0,2024-2025
2024-03-20,871313.2803999993,34115.28039999932,837198.0,bull,5d_10%,3,0.05140115087422603,1000000.0,2024-2025
2024-03-21,926249.3127999993,158872.31279999932,767377.0,recovery,5d_10%,2,0.06304969020417106,1000000.0,2024-2025
2024-03-22,948304.3127999993,158872.31279999932,789432.0,recovery,5d_10%,2,0.023811083792687482,1000000.0,2024-2025
2024-03-25,882062.3127999993,158872.31279999932,723190.0,recovery,5d_10%,2,-0.0698531042260172,1000000.0,2024-2025
2024-03-26,844190.5155999993,844190.5155999993,0.0,recovery,5d_10%,0,-0.042935512208633564,1000000.0,2024-2025
2024-03-27,844190.5155999993,844190.5155999993,0.0,recovery,5d_10%,0,0.0,1000000.0,2024-2025
2024-03-28,844190.5155999993,844190.5155999993,0.0,recovery,5d_10%,0,0.0,1000000.0,2024-2025
2024-03-29,844190.5155999993,844190.5155999993,0.0,sideways,5d_10%,0,0.0,1000000.0,2024-2025
2024-04-01,844190.5155999993,844190.5155999993,0.0,recovery,5d_10%,0,0.0,1000000.0,2024-2025
2024-04-02,844190.5155999993,844190.5155999993,0.0,recovery,5d_10%,0,0.0,1000000.0,2024-2025
2024-04-03,844190.5155999993,844190.5155999993,0.0,recovery,5d_10%,0,0.0,1000000.0,2024-2025
2024-04-08,844190.5155999993,844190.5155999993,0.0,recovery,5d_10%,0,0.0,1000000.0,2024-2025
2024-04-09,844190.5155999993,844190.5155999993,0.0,sideways,5d_10%,0,0.0,1000000.0,2024-2025
2024-04-10,844190.5155999993,844190.5155999993,0.0,sideways,5d_10%,0,0.0,1000000.0,2024-2025
2024-04-11,844190.5155999993,844190.5155999993,0.0,sideways,5d_10%,0,0.0,1000000.0,2024-2025
2024-04-12,820831.3139999993,590629.3139999993,230201.99999999997,sideways,5d_10%,1,-0.027670533094532268,1000000.0,2024-2025
2024-04-15,838377.7805799992,581283.7805799992,257094.00000000003,sideways,5d_10%,1,0.02137645857404502,1000000.0,2024-2025
2024-04-16,820324.0372899992,572062.0372899992,248262.00000000003,sideways,5d_10%,1,-0.02153413855685704,1000000.0,2024-2025
2024-04-17,837286.0372899992,572062.0372899992,265224.0,sideways,5d_10%,1,0.020677194899755946,1000000.0,2024-2025
2024-04-18,832660.0372899992,572062.0372899992,260598.0,sideways,5d_10%,1,-0.005524993603109318,1000000.0,2024-2025
2024-04-19,829576.0372899992,572062.0372899992,257514.0,sideways,5d_10%,1,-0.0037037924986015325,1000000.0,2024-2025
2024-04-22,823408.0372899992,572062.0372899992,251345.99999999997,sideways,5d_10%,1,-0.00743512315055439,1000000.0,2024-2025
2024-04-23,804561.8829099992,804561.8829099992,0.0,sideways,5d_10%,0,-0.02288798934004388,1000000.0,2024-2025
2024-04-24,804561.8829099992,804561.8829099992,0.0,sideways,5d_10%,0,0.0,1000000.0,2024-2025
2024-04-25,794739.4217099992,563124.4217099992,231615.0,sideways,5d_10%,2,-0.0122084595462979,1000000.0,2024-2025
2024-04-26,798015.9188299992,677419.9188299992,120596.0,recovery,5d_10%,1,0.004122731338719987,1000000.0,2024-2025
2024-04-29,804147.9188299992,677419.9188299992,126728.0,recovery,5d_10%,1,0.007684057241602815,1000000.0,2024-2025
2024-04-30,810279.9188299992,677419.9188299992,132860.0,recovery,5d_10%,1,0.007625462749343281,1000000.0,2024-2025
2024-05-06,809257.9188299992,677419.9188299992,131838.0,recovery,5d_10%,1,-0.0012612925191034519,1000000.0,2024-2025
2024-05-07,805450.0490299992,805450.0490299992,0.0,recovery,5d_10%,0,-0.004705384663402867,1000000.0,2024-2025
2024-05-08,805450.0490299992,805450.0490299992,0.0,recovery,5d_10%,0,0.0,1000000.0,2024-2025
2024-05-09,774991.6836299992,161255.6836299991,613736.0,bull,5d_10%,2,-0.037815337446041375,1000000.0,2024-2025
2024-05-10,789374.9057699991,93120.90576999914,696254.0,bull,5d_10%,2,0.018559195464692202,1000000.0,2024-2025
2024-05-13,754514.7596499992,397874.75964999915,356640.0,bull,5d_10%,1,-0.04416171057020801,1000000.0,2024-2025
2024-05-14,751573.6535899991,751573.6535899991,0.0,bull,5d_10%,0,-0.003898009975794814,1000000.0,2024-2025
2024-05-15,751573.6535899991,751573.6535899991,0.0,bull,5d_10%,0,0.0,1000000.0,2024-2025
2024-05-16,751573.6535899991,751573.6535899991,0.0,recovery,5d_10%,0,0.0,1000000.0,2024-2025
2024-05-17,696108.553789999,149946.553789999,546162.0,bull,5d_10%,2,-0.07379862177853502,1000000.0,2024-2025
2024-05-20,735259.386889999,434803.386889999,300456.0,bull,5d_10%,1,0.05624242495921261,1000000.0,2024-2025
2024-05-21,754915.386889999,434803.386889999,320112.0,recovery,5d_10%,1,0.026733422721933575,1000000.0,2024-2025
2024-05-22,763063.4964899989,86743.49648999894,676320.0,bull,5d_10%,3,0.010793407766620522,1000000.0,2024-2025
2024-05-23,779610.503989999,17428.503989998935,762182.0,bull,5d_10%,4,0.021684967995605042,1000000.0,2024-2025
2024-05-24,755035.8155899988,492509.81558999885,262526.0,recovery,5d_10%,2,-0.03152175127737289,1000000.0,2024-2025
2024-05-27,732261.8155899988,492509.81558999885,239752.0,recovery,5d_10%,2,-0.030162807551326498,1000000.0,2024-2025
2024-05-28,722899.7159599989,722899.7159599989,0.0,recovery,5d_10%,0,-0.012785180697230114,1000000.0,2024-2025
2024-05-29,722899.7159599989,722899.7159599989,0.0,recovery,5d_10%,0,0.0,1000000.0,2024-2025
2024-05-30,736657.9643599989,505885.9643599989,230772.0,sideways,5d_10%,2,0.01903202905776391,1000000.0,2024-2025
2024-05-31,730153.9643599989,505885.9643599989,224268.0,sideways,5d_10%,2,-0.008829063574505192,1000000.0,2024-2025
2024-06-03,717954.4969399988,608682.4969399988,109271.99999999999,sideways,5d_10%,1,-0.016708075303944026,1000000.0,2024-2025
2024-06-04,711410.7526399988,711410.7526399988,0.0,sideways,5d_10%,0,-0.009114427624438814,1000000.0,2024-2025
2024-06-05,711410.7526399988,711410.7526399988,0.0,sideways,5d_10%,0,0.0,1000000.0,2024-2025
2024-06-06,695822.7126399988,500336.71263999876,195486.0,sideways,5d_10%,1,-0.021911448403266087,1000000.0,2024-2025
2024-06-07,716455.8179399988,350222.81793999876,366233.0,sideways,5d_10%,2,0.02965281949724896,1000000.0,2024-2025
2024-06-11,740429.3296399987,245095.32963999873,495334.0,sideways,5d_10%,3,0.03346125622781626,1000000.0,2024-2025
2024-06-12,732083.3296399987,245095.32963999873,486988.0,sideways,5d_10%,3,-0.011271838737206497,1000000.0,2024-2025
2024-06-13,710241.3296399987,245095.32963999873,465146.0,sideways,5d_10%,3,-0.02983540140265284,1000000.0,2024-2025
2024-06-14,710351.4429399987,311422.4429399987,398929.0,sideways,5d_10%,3,0.00015503645789771703,1000000.0,2024-2025
2024-06-17,699214.1509399987,324432.1509399987,374782.0,sideways,5d_10%,3,-0.015678566026282814,1000000.0,2024-2025
2024-06-18,691851.7532499987,389666.7532499986,302185.0,sideways,5d_10%,3,-0.010529531875323572,1000000.0,2024-2025
2024-06-19,698902.7532499987,389666.7532499986,309236.0,sideways,5d_10%,3,0.010191489675176246,1000000.0,2024-2025
2024-06-20,706550.4777499986,521526.47774999856,185024.0,sideways,5d_10%,2,0.010942472989892815,1000000.0,2024-2025
2024-06-21,715826.4777499986,521526.47774999856,194300.0,sideways,5d_10%,2,0.01312857367181941,1000000.0,2024-2025
2024-06-24,729492.1746499985,364936.17464999855,364556.0,bear,10d_15%,3,0.019090795499705937,1000000.0,2024-2025
2024-06-25,738346.1746499985,391069.17464999855,347277.0,bear,10d_15%,2,0.012137210387826336,1000000.0,2024-2025
2024-06-26,744788.9206499986,549812.9206499986,194976.0,bear,10d_15%,1,0.008725915053401812,1000000.0,2024-2025
2024-06-27,742584.5077499986,384665.5077499986,357919.0,bear,10d_15%,2,-0.0029597820790300267,1000000.0,2024-2025
2024-06-28,732388.5077499986,384665.5077499986,347723.0,bear,10d_15%,2,-0.013730423801721181,1000000.0,2024-2025
2024-07-01,729479.2999499986,406787.2999499986,322692.0,sideways,5d_10%,2,-0.0039722193469931,1000000.0,2024-2025
2024-07-02,735712.0289199986,394060.02891999856,341652.0,bear,10d_15%,2,0.008544079277406746,1000000.0,2024-2025
2024-07-03,761296.0289199986,394060.02891999856,367236.0,bear,10d_15%,2,0.034774475602303845,1000000.0,2024-2025
2024-07-04,745822.0289199986,394060.02891999856,351762.0,bear,10d_15%,2,-0.020325864594291865,1000000.0,2024-2025
2024-07-05,741968.0289199986,394060.02891999856,347908.0,bear,10d_15%,2,-0.005167452623490942,1000000.0,2024-2025
2024-07-08,710194.2249999985,503658.22499999846,206536.0,bear,10d_15%,1,-0.04282368334151776,1000000.0,2024-2025
2024-07-09,719582.2249999985,503658.22499999846,215924.0,sideways,5d_10%,1,0.013218919092168102,1000000.0,2024-2025
2024-07-10,731317.2249999985,503658.22499999846,227659.0,bear,10d_15%,1,0.016308073757658414,1000000.0,2024-2025
2024-07-11,729269.9165999985,353995.9165999985,375274.0,sideways,5d_10%,2,-0.0027994806221062207,1000000.0,2024-2025
2024-07-12,754592.9165999985,353995.9165999985,400597.0,sideways,5d_10%,2,0.034723768831793844,1000000.0,2024-2025
2024-07-15,771500.5057999985,431334.5057999986,340166.0,sideways,5d_10%,3,0.02240623895090521,1000000.0,2024-2025
2024-07-16,787286.5057999985,431334.5057999986,355952.0,sideways,5d_10%,3,0.020461425341038453,1000000.0,2024-2025
2024-07-17,773994.5057999985,431334.5057999986,342660.0,sideways,5d_10%,3,-0.01688330728658094,1000000.0,2024-2025
2024-07-18,762502.5807399986,660712.5807399986,101790.0,sideways,5d_10%,1,-0.01484755379254521,1000000.0,2024-2025
2024-07-19,767983.5807399986,660712.5807399986,107271.00000000001,sideways,5d_10%,1,0.007188172392388115,1000000.0,2024-2025
2024-07-22,762148.1103399985,541024.1103399985,221124.0,sideways,5d_10%,2,-0.007598431198720834,1000000.0,2024-2025
2024-07-23,766963.4050599985,650995.4050599985,115968.0,sideways,5d_10%,1,0.006318056365516522,1000000.0,2024-2025
2024-07-24,773107.4050599985,650995.4050599985,122112.0,sideways,5d_10%,1,0.008010812457889482,1000000.0,2024-2025
2024-07-25,779251.4050599985,650995.4050599985,128256.0,sideways,5d_10%,1,0.007947149334992076,1000000.0,2024-2025
2024-07-26,783859.4050599985,650995.4050599985,132864.0,sideways,5d_10%,1,0.005913367585965723,1000000.0,2024-2025
2024-07-29,780302.4759599983,555343.4759599983,224959.0,sideways,5d_10%,3,-0.004537713111610775,1000000.0,2024-2025
2024-07-30,802341.4759599983,555343.4759599983,246998.0,sideways,5d_10%,3,0.02824417540503843,1000000.0,2024-2025
2024-07-31,794662.1676499983,440201.16764999833,354461.0,sideways,5d_10%,3,-0.009571122196832427,1000000.0,2024-2025
2024-08-01,812668.1676499983,440201.16764999833,372467.0,sideways,5d_10%,3,0.022658685329450146,1000000.0,2024-2025
2024-08-02,816437.4579499983,360275.4579499983,456162.0,sideways,5d_10%,3,0.004638166535917865,1000000.0,2024-2025
2024-08-05,843884.1742899982,632553.1742899982,211331.0,sideways,5d_10%,1,0.033617659347620066,1000000.0,2024-2025
2024-08-06,854768.1742899982,632553.1742899982,222215.00000000003,sideways,5d_10%,1,0.012897504576569796,1000000.0,2024-2025
2024-08-07,846908.1196899982,606068.1196899982,240840.0,sideways,5d_10%,2,-0.00919553960526065,1000000.0,2024-2025
2024-08-08,858213.7398099982,728613.7398099982,129600.00000000001,bear,10d_15%,1,0.013349287670235466,1000000.0,2024-2025
2024-08-09,851973.7398099982,728613.7398099982,123359.99999999999,bear,10d_15%,1,-0.007270915985779336,1000000.0,2024-2025
2024-08-12,851512.1238099982,851512.1238099982,0.0,bear,10d_15%,0,-0.0005418195167646855,1000000.0,2024-2025
2024-08-13,851512.1238099982,851512.1238099982,0.0,bear,10d_15%,0,0.0,1000000.0,2024-2025
2024-08-14,851512.1238099982,851512.1238099982,0.0,bear,10d_15%,0,0.0,1000000.0,2024-2025
2024-08-15,851512.1238099982,851512.1238099982,0.0,bear,10d_15%,0,0.0,1000000.0,2024-2025
2024-08-16,851512.1238099982,851512.1238099982,0.0,bear,10d_15%,0,0.0,1000000.0,2024-2025
2024-08-19,851512.1238099982,851512.1238099982,0.0,bear,10d_15%,0,0.0,1000000.0,2024-2025
2024-08-20,851512.1238099982,851512.1238099982,0.0,bear,10d_15%,0,0.0,1000000.0,2024-2025
2024-08-21,828081.1503099981,596586.1503099981,231495.0,sideways,5d_10%,1,-0.027516899460175326,1000000.0,2024-2025
2024-08-22,851181.1503099981,596586.1503099981,254595.0,sideways,5d_10%,1,0.027895816722011357,1000000.0,2024-2025
2024-08-23,863639.022309998,417794.02230999805,445845.0,sideways,5d_10%,2,0.014635982006254267,1000000.0,2024-2025
2024-08-26,898409.022309998,417794.02230999805,480615.0,sideways,5d_10%,2,0.04025987606141257,1000000.0,2024-2025
2024-08-27,926030.6847099981,587120.6847099981,338910.0,sideways,5d_10%,1,0.030745085717170273,1000000.0,2024-2025
2024-08-28,959184.7617099981,959184.7617099981,0.0,bear,10d_15%,0,0.03580235250021202,1000000.0,2024-2025
2024-08-29,959184.7617099981,959184.7617099981,0.0,bear,10d_15%,0,0.0,1000000.0,2024-2025
2024-08-30,959184.7617099981,959184.7617099981,0.0,sideways,5d_10%,0,0.0,1000000.0,2024-2025
2024-09-02,953919.6354099981,672561.6354099981,281358.0,sideways,5d_10%,2,-0.005489167999931044,1000000.0,2024-2025
2024-09-03,975234.6354099981,672561.6354099981,302673.0,sideways,5d_10%,2,0.022344649600213762,1000000.0,2024-2025
2024-09-04,984018.6354099981,672561.6354099981,311457.0,sideways,5d_10%,2,0.00900706320413569,1000000.0,2024-2025
2024-09-05,1001221.7841999981,808594.7841999981,192627.00000000003,sideways,5d_10%,1,0.017482543694746333,1001221.7841999981,2024-2025
2024-09-06,1020499.7841999981,808594.7841999981,211905.0,bear,10d_15%,1,0.01925447518643786,1020499.7841999981,2024-2025
2024-09-09,998991.4521999981,998991.4521999981,0.0,bear,10d_15%,0,-0.021076272952728847,1020499.7841999981,2024-2025
2024-09-10,998991.4521999981,998991.4521999981,0.0,bear,10d_15%,0,0.0,1020499.7841999981,2024-2025
2024-09-11,998991.4521999981,998991.4521999981,0.0,bear,10d_15%,0,0.0,1020499.7841999981,2024-2025
2024-09-12,998991.4521999981,998991.4521999981,0.0,bear,10d_15%,0,0.0,1020499.7841999981,2024-2025
2024-09-13,998991.4521999981,998991.4521999981,0.0,bear,10d_15%,0,0.0,1020499.7841999981,2024-2025
2024-09-18,998991.4521999981,998991.4521999981,0.0,bear,10d_15%,0,0.0,1020499.7841999981,2024-2025
2024-09-19,998991.4521999981,998991.4521999981,0.0,bear,10d_15%,0,0.0,1020499.7841999981,2024-2025
2024-09-20,998991.4521999981,998991.4521999981,0.0,bear,10d_15%,0,0.0,1020499.7841999981,2024-2025
2024-09-23,998991.4521999981,998991.4521999981,0.0,bear,10d_15%,0,0.0,1020499.7841999981,2024-2025
2024-09-24,998991.4521999981,998991.4521999981,0.0,recovery,5d_10%,0,0.0,1020499.7841999981,2024-2025
2024-09-25,998991.4521999981,998991.4521999981,0.0,recovery,5d_10%,0,0.0,1020499.7841999981,2024-2025
2024-09-26,998991.4521999981,998991.4521999981,0.0,recovery,5d_10%,0,0.0,1020499.7841999981,2024-2025
2024-09-27,998991.4521999981,998991.4521999981,0.0,recovery,5d_10%,0,0.0,1020499.7841999981,2024-2025
2024-09-30,998991.4521999981,998991.4521999981,0.0,recovery,5d_10%,0,0.0,1020499.7841999981,2024-2025
2024-10-08,998991.4521999981,998991.4521999981,0.0,recovery,5d_10%,0,0.0,1020499.7841999981,2024-2025
2024-10-09,895070.2809999981,200130.2809999981,694940.0,bull,5d_10%,2,-0.10402608648066292,1020499.7841999981,2024-2025
2024-10-10,918984.3019599979,190704.30195999786,728280.0,bull,5d_10%,1,0.026717478468039735,1020499.7841999981,2024-2025
2024-10-11,955704.3019599979,190704.30195999786,765000.0,bull,5d_10%,1,0.039957156963055906,1020499.7841999981,2024-2025
2024-10-14,994464.3019599979,190704.30195999786,803760.0,bull,5d_10%,1,0.040556477480021114,1020499.7841999981,2024-2025
2024-10-15,1027442.0779599977,38026.07795999784,989415.9999999999,bull,5d_10%,2,0.03316134720472497,1027442.0779599977,2024-2025
2024-10-16,1047306.0779599978,38026.07795999784,1009280.0,bull,5d_10%,2,0.01933344995898989,1047306.0779599978,2024-2025
2024-10-17,1010624.9499599978,850520.9499599978,160104.0,bull,5d_10%,1,-0.03502426728149011,1047306.0779599978,2024-2025
2024-10-18,1018248.9499599978,850520.9499599978,167728.0,bull,5d_10%,1,0.007543847003086412,1047306.0779599978,2024-2025
2024-10-21,964111.7809599977,169506.78095999768,794605.0,bull,5d_10%,2,-0.053166928384386636,1047306.0779599978,2024-2025
2024-10-22,1014095.3101599975,71625.3101599976,942470.0,bull,5d_10%,3,0.05184412242139569,1047306.0779599978,2024-2025
2024-10-23,1087310.9446799976,41766.944679997585,1045544.0,bull,5d_10%,4,0.07219798157674995,1087310.9446799976,2024-2025
2024-10-24,1169130.9369799974,196214.93697999755,972916.0,bull,5d_10%,2,0.075249856262672,1169130.9369799974,2024-2025
2024-10-25,1259204.9369799974,196214.93697999755,1062990.0,bull,5d_10%,2,0.07704355188194034,1259204.9369799974,2024-2025
2024-10-28,1267894.2071799973,239024.20717999735,1028870.0,bull,5d_10%,5,0.006900600485922226,1267894.2071799973,2024-2025
2024-10-29,1346913.1735799974,81759.17357999732,1265154.0,bull,5d_10%,5,0.06232299662899399,1346913.1735799974,2024-2025
2024-10-30,1457365.1735799974,81759.17357999732,1375606.0,recovery,5d_10%,5,0.08200380111097028,1457365.1735799974,2024-2025
2024-10-31,1558995.1735799974,81759.17357999732,1477236.0,recovery,5d_10%,5,0.06973543888821454,1558995.1735799974,2024-2025
2024-11-01,1636194.1735799974,81759.17357999732,1554435.0,recovery,5d_10%,5,0.049518434250648946,1636194.1735799974,2024-2025
2024-11-04,1509596.1832099971,813287.1832099971,696309.0,sideways,5d_10%,2,-0.07737345139972196,1636194.1735799974,2024-2025
2024-11-05,1525971.893609997,848191.893609997,677780.0,sideways,5d_10%,2,0.010847742318199627,1636194.1735799974,2024-2025
2024-11-06,1575236.202729997,1192732.202729997,382504.00000000006,recovery,5d_10%,1,0.03228389023827649,1636194.1735799974,2024-2025
2024-11-07,1554042.8737299968,238162.8737299969,1315880.0,bull,5d_10%,5,-0.01345406419892492,1636194.1735799974,2024-2025
2024-11-08,1617652.324689997,916023.3246899968,701629.0,bull,5d_10%,2,0.04093159335258578,1636194.1735799974,2024-2025
2024-11-11,1644305.4212899967,1381796.4212899967,262509.0,bull,5d_10%,1,0.016476406081330053,1644305.4212899967,2024-2025
2024-11-12,1563511.5319899966,276600.5319899965,1286911.0,bull,5d_10%,4,-0.049135573144687084,1644305.4212899967,2024-2025
2024-11-13,1558363.0506799966,1323286.0506799966,235077.0,bull,5d_10%,1,-0.003292896281645641,1644305.4212899967,2024-2025
2024-11-14,1549458.9054199965,1549458.9054199965,0.0,bull,5d_10%,0,-0.005713781044869304,1644305.4212899967,2024-2025
2024-11-15,1549458.9054199965,1549458.9054199965,0.0,recovery,5d_10%,0,0.0,1644305.4212899967,2024-2025
2024-11-18,1549458.9054199965,1549458.9054199965,0.0,recovery,5d_10%,0,0.0,1644305.4212899967,2024-2025
2024-11-19,1549458.9054199965,1549458.9054199965,0.0,recovery,5d_10%,0,0.0,1644305.4212899967,2024-2025
2024-11-20,1549458.9054199965,1549458.9054199965,0.0,recovery,5d_10%,0,0.0,1644305.4212899967,2024-2025
2024-11-21,1549458.9054199965,1549458.9054199965,0.0,recovery,5d_10%,0,0.0,1644305.4212899967,2024-2025
2024-11-22,1527344.9046199964,1084238.9046199964,443106.0,sideways,5d_10%,1,-0.014272079577357877,1644305.4212899967,2024-2025
2024-11-25,1518918.8440199965,759154.8440199965,759764.0,sideways,5d_10%,3,-0.005516802769637952,1644305.4212899967,2024-2025
2024-11-26,1562991.3435799964,912933.3435799965,650058.0,sideways,5d_10%,2,0.0290157039880794,1644305.4212899967,2024-2025
2024-11-27,1578966.5719999964,1067028.5719999964,511938.0,recovery,5d_10%,1,0.010220932115599046,1644305.4212899967,2024-2025
2024-11-28,1604778.5719999964,1067028.5719999964,537750.0,sideways,5d_10%,1,0.016347401178547605,1644305.4212899967,2024-2025
2024-11-29,1615261.9723999966,1615261.9723999966,0.0,recovery,5d_10%,0,0.006532614893364874,1644305.4212899967,2024-2025
2024-12-02,1615261.9723999966,1615261.9723999966,0.0,recovery,5d_10%,0,0.0,1644305.4212899967,2024-2025
2024-12-03,1584241.1825999967,1132489.1825999967,451752.0,sideways,5d_10%,2,-0.019204804130879438,1644305.4212899967,2024-2025
2024-12-04,1573220.2944399964,1112839.2944399964,460381.0,sideways,5d_10%,2,-0.006956572194337984,1644305.4212899967,2024-2025
2024-12-05,1619401.2944399964,1112839.2944399964,506562.0,sideways,5d_10%,2,0.0293544395296772,1644305.4212899967,2024-2025
2024-12-06,1609072.9032199963,1338704.9032199963,270368.0,sideways,5d_10%,1,-0.006377907227480439,1644305.4212899967,2024-2025
2024-12-09,1611557.9032199963,1338704.9032199963,272853.0,sideways,5d_10%,1,0.0015443675640967047,1644305.4212899967,2024-2025
2024-12-10,1556072.309419996,936957.3094199962,619115.0,sideways,5d_10%,2,-0.034429786040660604,1644305.4212899967,2024-2025
2024-12-11,1507521.0549599961,1085081.0549599961,422439.99999999994,sideways,5d_10%,1,-0.031201155734270958,1644305.4212899967,2024-2025
2024-12-12,1550001.0549599961,1085081.0549599961,464920.0,sideways,5d_10%,1,0.028178710911024307,1644305.4212899967,2024-2025
2024-12-13,1566726.0609599962,759278.0609599962,807448.0,sideways,5d_10%,2,0.010790319107512936,1644305.4212899967,2024-2025
2024-12-16,1597089.9729599962,531221.9729599962,1065868.0,sideways,5d_10%,3,0.0193804856870734,1644305.4212899967,2024-2025
2024-12-17,1518791.1035599962,1055759.1035599962,463032.0,sideways,5d_10%,1,-0.049025960168595506,1644305.4212899967,2024-2025
2024-12-18,1496638.0903599963,1496638.0903599963,0.0,sideways,5d_10%,0,-0.014585951384673002,1644305.4212899967,2024-2025
2024-12-19,1500527.5629599965,1047957.5629599964,452570.0,sideways,5d_10%,2,0.0025988063681210427,1644305.4212899967,2024-2025
2024-12-20,1484472.9366399965,1260366.9366399965,224106.0,recovery,5d_10%,1,-0.0106993211696359,1644305.4212899967,2024-2025
2024-12-23,1472884.4153799964,1472884.4153799964,0.0,recovery,5d_10%,0,-0.00780648873682388,1644305.4212899967,2024-2025
2024-12-24,1472884.4153799964,1472884.4153799964,0.0,bull,5d_10%,0,0.0,1644305.4212899967,2024-2025
2024-12-25,1472884.4153799964,1472884.4153799964,0.0,recovery,5d_10%,0,0.0,1644305.4212899967,2024-2025
2024-12-26,1472884.4153799964,1472884.4153799964,0.0,recovery,5d_10%,0,0.0,1644305.4212899967,2024-2025
2024-12-27,1472884.4153799964,1472884.4153799964,0.0,recovery,5d_10%,0,0.0,1644305.4212899967,2024-2025
2024-12-30,1472884.4153799964,1472884.4153799964,0.0,recovery,5d_10%,0,0.0,1644305.4212899967,2024-2025
2024-12-31,1452822.7721799964,1031046.7721799964,421776.0,sideways,5d_10%,1,-0.013620650059512185,1644305.4212899967,2024-2025
2025-01-02,1427612.7369399962,1014101.7369399962,413511.0,sideways,5d_10%,1,-0.01735245050032619,1644305.4212899967,2024-2025
2025-01-03,1407057.2004799964,999208.2004799964,407849.0,sideways,5d_10%,2,-0.014398538152622153,1644305.4212899967,2024-2025
2025-01-06,1414878.0555699964,1201119.0555699964,213759.0,sideways,5d_10%,1,0.0055583064336914845,1644305.4212899967,2024-2025
2025-01-07,1436424.0555699964,1201119.0555699964,235305.00000000003,sideways,5d_10%,1,0.015228167484242938,1644305.4212899967,2024-2025
2025-01-08,1460238.0555699964,1201119.0555699964,259119.00000000003,sideways,5d_10%,1,0.016578669723370965,1644305.4212899967,2024-2025
2025-01-09,1486320.0555699964,1201119.0555699964,285201.0,sideways,5d_10%,1,0.017861471217320846,1644305.4212899967,2024-2025
2025-01-10,1514105.6637699963,1514105.6637699963,0.0,sideways,5d_10%,0,0.018694229480301416,1644305.4212899967,2024-2025
2025-01-13,1514105.6637699963,1514105.6637699963,0.0,sideways,5d_10%,0,0.0,1644305.4212899967,2024-2025
2025-01-14,1480741.4361699962,1060264.4361699962,420477.0,sideways,5d_10%,2,-0.022035600551764678,1644305.4212899967,2024-2025
2025-01-15,1490078.7752499962,1490078.7752499962,0.0,sideways,5d_10%,0,0.0063058538458622415,1644305.4212899967,2024-2025
2025-01-16,1448919.9388499963,1043470.9388499962,405449.0,sideways,5d_10%,1,-0.02762191978279438,1644305.4212899967,2024-2025
2025-01-17,1466434.8309699963,1466434.8309699963,0.0,sideways,5d_10%,0,0.01208824010932008,1644305.4212899967,2024-2025
2025-01-20,1466434.8309699963,1466434.8309699963,0.0,sideways,5d_10%,0,0.0,1644305.4212899967,2024-2025
2025-01-21,1425845.0737699962,1026820.0737699962,399025.0,sideways,5d_10%,2,-0.02767920970149851,1644305.4212899967,2024-2025
2025-01-22,1443161.1085299961,1443161.1085299961,0.0,sideways,5d_10%,0,0.012144401294746254,1644305.4212899967,2024-2025
2025-01-23,1443161.1085299961,1443161.1085299961,0.0,sideways,5d_10%,0,0.0,1644305.4212899967,2024-2025
2025-01-24,1443161.1085299961,1443161.1085299961,0.0,sideways,5d_10%,0,0.0,1644305.4212899967,2024-2025
2025-01-27,1429297.3330299961,1010464.333029996,418833.0,sideways,5d_10%,2,-0.009606533475754242,1644305.4212899967,2024-2025
2025-02-05,1422868.630629996,707222.6306299961,715646.0,sideways,5d_10%,3,-0.004497806195700171,1644305.4212899967,2024-2025
2025-02-06,1475499.630629996,707222.6306299961,768277.0,sideways,5d_10%,3,0.03698935999221287,1644305.4212899967,2024-2025
2025-02-07,1515815.630629996,707222.6306299961,808593.0,sideways,5d_10%,3,0.027323625952238473,1644305.4212899967,2024-2025
2025-02-10,1522859.3605499961,994410.360549996,528449.0,sideways,5d_10%,2,0.004646824968464358,1644305.4212899967,2024-2025
2025-02-11,1542181.594349996,1542181.594349996,0.0,sideways,5d_10%,0,0.012688127545160466,1644305.4212899967,2024-2025
2025-02-12,1542181.594349996,1542181.594349996,0.0,recovery,5d_10%,0,0.0,1644305.4212899967,2024-2025
2025-02-13,1542181.594349996,1542181.594349996,0.0,recovery,5d_10%,0,0.0,1644305.4212899967,2024-2025
2025-02-14,1542181.594349996,1542181.594349996,0.0,recovery,5d_10%,0,0.0,1644305.4212899967,2024-2025
2025-02-17,1542181.594349996,1542181.594349996,0.0,recovery,5d_10%,0,0.0,1644305.4212899967,2024-2025
2025-02-18,1542181.594349996,1542181.594349996,0.0,recovery,5d_10%,0,0.0,1644305.4212899967,2024-2025
2025-02-19,1542181.594349996,1542181.594349996,0.0,recovery,5d_10%,0,0.0,1644305.4212899967,2024-2025
2025-02-20,1542181.594349996,1542181.594349996,0.0,recovery,5d_10%,0,0.0,1644305.4212899967,2024-2025
2025-02-21,1542181.594349996,1542181.594349996,0.0,recovery,5d_10%,0,0.0,1644305.4212899967,2024-2025
2025-02-24,1542181.594349996,1542181.594349996,0.0,recovery,5d_10%,0,0.0,1644305.4212899967,2024-2025
2025-02-25,1542181.594349996,1542181.594349996,0.0,recovery,5d_10%,0,0.0,1644305.4212899967,2024-2025
2025-02-26,1542181.594349996,1542181.594349996,0.0,bull,5d_10%,0,0.0,1644305.4212899967,2024-2025
2025-02-27,1542181.594349996,1542181.594349996,0.0,bull,5d_10%,0,0.0,1644305.4212899967,2024-2025
2025-02-28,1510162.486049996,1079189.486049996,430973.0,sideways,5d_10%,1,-0.02076221660101929,1644305.4212899967,2024-2025
2025-03-03,1517670.2474399959,1517670.2474399959,0.0,sideways,5d_10%,0,0.004971492444920456,1644305.4212899967,2024-2025
2025-03-04,1506824.8524399959,1062929.8524399959,443895.0,sideways,5d_10%,1,-0.007146081316606212,1644305.4212899967,2024-2025
2025-03-05,1493595.7559399959,1493595.7559399959,0.0,recovery,5d_10%,0,-0.00877945202362318,1644305.4212899967,2024-2025
2025-03-06,1493595.7559399959,1493595.7559399959,0.0,recovery,5d_10%,0,0.0,1644305.4212899967,2024-2025
2025-03-07,1493595.7559399959,1493595.7559399959,0.0,recovery,5d_10%,0,0.0,1644305.4212899967,2024-2025
2025-03-10,1493595.7559399959,1493595.7559399959,0.0,recovery,5d_10%,0,0.0,1644305.4212899967,2024-2025
2025-03-11,1493595.7559399959,1493595.7559399959,0.0,recovery,5d_10%,0,0.0,1644305.4212899967,2024-2025
2025-03-12,1493595.7559399959,1493595.7559399959,0.0,recovery,5d_10%,0,0.0,1644305.4212899967,2024-2025
2025-03-13,1493595.7559399959,1493595.7559399959,0.0,recovery,5d_10%,0,0.0,1644305.4212899967,2024-2025
2025-03-14,1493595.7559399959,1493595.7559399959,0.0,recovery,5d_10%,0,0.0,1644305.4212899967,2024-2025
2025-03-17,1493595.7559399959,1493595.7559399959,0.0,recovery,5d_10%,0,0.0,1644305.4212899967,2024-2025
2025-03-18,1493595.7559399959,1493595.7559399959,0.0,recovery,5d_10%,0,0.0,1644305.4212899967,2024-2025
2025-03-19,1493595.7559399959,1493595.7559399959,0.0,recovery,5d_10%,0,0.0,1644305.4212899967,2024-2025
2025-03-20,1493595.7559399959,1493595.7559399959,0.0,recovery,5d_10%,0,0.0,1644305.4212899967,2024-2025
2025-03-21,1493595.7559399959,1493595.7559399959,0.0,sideways,5d_10%,0,0.0,1644305.4212899967,2024-2025
2025-03-24,1452415.1759399958,1046415.1759399959,406000.0,sideways,5d_10%,1,-0.02757143613740587,1644305.4212899967,2024-2025
2025-03-25,1469921.4899399958,1469921.4899399958,0.0,recovery,5d_10%,0,0.012053243652366818,1644305.4212899967,2024-2025
2025-03-26,1469921.4899399958,1469921.4899399958,0.0,sideways,5d_10%,0,0.0,1644305.4212899967,2024-2025
2025-03-27,1429389.6771399959,1029493.6771399959,399896.0,sideways,5d_10%,1,-0.02757413445370782,1644305.4212899967,2024-2025
2025-03-28,1469349.6771399959,1029493.6771399959,439856.0,recovery,5d_10%,1,0.02795598753725037,1644305.4212899967,2024-2025
2025-03-31,1446041.3488799958,1012676.3488799956,433365.0,sideways,5d_10%,1,-0.0158630233651178,1644305.4212899967,2024-2025
2025-04-01,1475723.7804799955,712618.7804799955,763105.0,sideways,5d_10%,3,0.020526682465193513,1644305.4212899967,2024-2025
2025-04-02,1529192.5346399955,855719.5346399955,673473.0,sideways,5d_10%,2,0.036232223717780565,1644305.4212899967,2024-2025
2025-04-03,1544060.5346399955,855719.5346399955,688341.0,sideways,5d_10%,2,0.00972277830502244,1644305.4212899967,2024-2025
2025-04-07,1612859.5346399955,855719.5346399955,757140.0,bear,10d_15%,2,0.0445571908979856,1644305.4212899967,2024-2025
2025-04-08,1698667.6880399955,1042333.6880399955,656334.0,bear,10d_15%,2,0.05320249628505502,1698667.6880399955,2024-2025
2025-04-09,1683112.2068399955,1683112.2068399955,0.0,bear,10d_15%,0,-0.009157459878423091,1698667.6880399955,2024-2025
2025-04-10,1683112.2068399955,1683112.2068399955,0.0,bear,10d_15%,0,0.0,1698667.6880399955,2024-2025
2025-04-11,1683112.2068399955,1683112.2068399955,0.0,bear,10d_15%,0,0.0,1698667.6880399955,2024-2025
2025-04-14,1683112.2068399955,1683112.2068399955,0.0,bear,10d_15%,0,0.0,1698667.6880399955,2024-2025
2025-04-15,1683112.2068399955,1683112.2068399955,0.0,bear,10d_15%,0,0.0,1698667.6880399955,2024-2025
2025-04-16,1683112.2068399955,1683112.2068399955,0.0,bear,10d_15%,0,0.0,1698667.6880399955,2024-2025
2025-04-17,1683112.2068399955,1683112.2068399955,0.0,bear,10d_15%,0,0.0,1698667.6880399955,2024-2025
2025-04-18,1683112.2068399955,1683112.2068399955,0.0,bear,10d_15%,0,0.0,1698667.6880399955,2024-2025
2025-04-21,1683112.2068399955,1683112.2068399955,0.0,bear,10d_15%,0,0.0,1698667.6880399955,2024-2025
2025-04-22,1683112.2068399955,1683112.2068399955,0.0,bear,10d_15%,0,0.0,1698667.6880399955,2024-2025
2025-04-23,1683112.2068399955,1683112.2068399955,0.0,bear,10d_15%,0,0.0,1698667.6880399955,2024-2025
2025-04-24,1683112.2068399955,1683112.2068399955,0.0,bear,10d_15%,0,0.0,1698667.6880399955,2024-2025
2025-04-25,1683112.2068399955,1683112.2068399955,0.0,bear,10d_15%,0,0.0,1698667.6880399955,2024-2025
2025-04-28,1683112.2068399955,1683112.2068399955,0.0,bear,10d_15%,0,0.0,1698667.6880399955,2024-2025
2025-04-29,1683112.2068399955,1683112.2068399955,0.0,sideways,5d_10%,0,0.0,1698667.6880399955,2024-2025
2025-04-30,1683112.2068399955,1683112.2068399955,0.0,bear,10d_15%,0,0.0,1698667.6880399955,2024-2025
2025-05-06,1657831.9772399955,1177663.9772399955,480167.99999999994,sideways,5d_10%,1,-0.015019931230528583,1698667.6880399955,2024-2025
2025-05-07,1669774.9732399955,824124.9732399955,845650.0,sideways,5d_10%,2,0.007203984579838396,1698667.6880399955,2024-2025
2025-05-08,1671419.4434399954,810985.4434399954,860434.0,sideways,5d_10%,2,0.0009848453991432304,1698667.6880399955,2024-2025
2025-05-09,1712931.1013399954,798081.1013399954,914850.0,sideways,5d_10%,2,0.024836170276063996,1712931.1013399954,2024-2025
2025-05-12,1721481.1013399954,798081.1013399954,923400.0,recovery,5d_10%,2,0.004991444193704897,1721481.1013399954,2024-2025
2025-05-13,1686363.3101399953,1686363.3101399953,0.0,recovery,5d_10%,0,-0.020399754126062986,1721481.1013399954,2024-2025
2025-05-14,1686363.3101399953,1686363.3101399953,0.0,recovery,5d_10%,0,0.0,1721481.1013399954,2024-2025
2025-05-15,1686363.3101399953,1686363.3101399953,0.0,recovery,5d_10%,0,0.0,1721481.1013399954,2024-2025
2025-05-16,1686363.3101399953,1686363.3101399953,0.0,recovery,5d_10%,0,0.0,1721481.1013399954,2024-2025
2025-05-19,1686363.3101399953,1686363.3101399953,0.0,recovery,5d_10%,0,0.0,1721481.1013399954,2024-2025
2025-05-20,1686363.3101399953,1686363.3101399953,0.0,recovery,5d_10%,0,0.0,1721481.1013399954,2024-2025
2025-05-21,1686363.3101399953,1686363.3101399953,0.0,recovery,5d_10%,0,0.0,1721481.1013399954,2024-2025
2025-05-22,1686363.3101399953,1686363.3101399953,0.0,recovery,5d_10%,0,0.0,1721481.1013399954,2024-2025
2025-05-23,1686363.3101399953,1686363.3101399953,0.0,recovery,5d_10%,0,0.0,1721481.1013399954,2024-2025
2025-05-26,1686363.3101399953,1686363.3101399953,0.0,sideways,5d_10%,0,0.0,1721481.1013399954,2024-2025
2025-05-27,1686363.3101399953,1686363.3101399953,0.0,sideways,5d_10%,0,0.0,1721481.1013399954,2024-2025
2025-05-28,1639769.6531399952,1179815.6531399952,459954.0,sideways,5d_10%,1,-0.027629667177787476,1721481.1013399954,2024-2025
2025-05-29,1652815.5701399953,825445.5701399952,827370.0,sideways,5d_10%,2,0.007955944894466382,1721481.1013399954,2024-2025
2025-05-30,1655064.8840399953,1161054.8840399953,494010.0,sideways,5d_10%,1,0.0013608983002315611,1721481.1013399954,2024-2025
2025-06-03,1640785.3121399952,1640785.3121399952,0.0,sideways,5d_10%,0,-0.008627801869098839,1721481.1013399954,2024-2025
2025-06-04,1640785.3121399952,1640785.3121399952,0.0,recovery,5d_10%,0,0.0,1721481.1013399954,2024-2025
2025-06-05,1640785.3121399952,1640785.3121399952,0.0,recovery,5d_10%,0,0.0,1721481.1013399954,2024-2025
2025-06-06,1640785.3121399952,1640785.3121399952,0.0,recovery,5d_10%,0,0.0,1721481.1013399954,2024-2025
2025-06-09,1640785.3121399952,1640785.3121399952,0.0,recovery,5d_10%,0,0.0,1721481.1013399954,2024-2025
2025-06-10,1616625.0332399951,1148393.0332399951,468232.0,sideways,5d_10%,1,-0.014724826411621761,1721481.1013399954,2024-2025
2025-06-11,1614717.4856099952,1614717.4856099952,0.0,sideways,5d_10%,0,-0.001179956756067857,1721481.1013399954,2024-2025
2025-06-12,1614717.4856099952,1614717.4856099952,0.0,sideways,5d_10%,0,0.0,1721481.1013399954,2024-2025
2025-06-13,1614717.4856099952,1614717.4856099952,0.0,sideways,5d_10%,0,0.0,1721481.1013399954,2024-2025
2025-06-16,1614717.4856099952,1614717.4856099952,0.0,sideways,5d_10%,0,0.0,1721481.1013399954,2024-2025
2025-06-17,1614717.4856099952,1614717.4856099952,0.0,sideways,5d_10%,0,0.0,1721481.1013399954,2024-2025
2025-06-18,1614717.4856099952,1614717.4856099952,0.0,sideways,5d_10%,0,0.0,1721481.1013399954,2024-2025
2025-06-19,1614717.4856099952,1614717.4856099952,0.0,sideways,5d_10%,0,0.0,1721481.1013399954,2024-2025
2025-06-20,1614717.4856099952,1614717.4856099952,0.0,sideways,5d_10%,0,0.0,1721481.1013399954,2024-2025
2025-06-23,1614717.4856099952,1614717.4856099952,0.0,sideways,5d_10%,0,0.0,1721481.1013399954,2024-2025
2025-06-24,1614717.4856099952,1614717.4856099952,0.0,recovery,5d_10%,0,0.0,1721481.1013399954,2024-2025
2025-06-25,1614717.4856099952,1614717.4856099952,0.0,bull,5d_10%,0,0.0,1721481.1013399954,2024-2025
2025-06-26,1614717.4856099952,1614717.4856099952,0.0,recovery,5d_10%,0,0.0,1721481.1013399954,2024-2025
2025-06-27,1614717.4856099952,1614717.4856099952,0.0,recovery,5d_10%,0,0.0,1721481.1013399954,2024-2025
2025-06-30,1614717.4856099952,1614717.4856099952,0.0,recovery,5d_10%,0,0.0,1721481.1013399954,2024-2025
